0 0 -5513
0 9 -18037
0 26 546
0 36 2875
0 104 1961
0 161 16598
0 179 14150
0 181 6610
0 207 -17798
0 221 11478
0 263 8812
0 280 -11235
0 295 -7219
0 324 -897
0 338 44
0 355 7463
0 377 -1938
0 408 -9112
0 441 -18149
0 515 -9015
0 527 12831
0 540 -5915
0 564 14692
0 614 -4864
0 618 -14835
0 627 2999
0 628 -10312
0 633 -9396
0 637 -16589
0 655 13084
0 728 11361
0 792 -15395
0 794 11133
0 800 14406
0 813 3668
0 875 1459
0 909 -4248
0 927 -1742
0 994 -697
0 1000 5352
1 6 -18722
1 27 -6816
1 28 -4752
1 30 -1276
1 35 -5478
1 55 -7405
1 95 6347
1 143 -10768
1 147 -13814
1 186 -3317
1 189 -17852
1 280 12053
1 304 -4613
1 321 12073
1 329 9040
1 337 -14909
1 344 -16535
1 370 -5466
1 386 -2528
1 392 -5629
1 399 -13819
1 409 2127
1 413 7962
1 423 14717
1 467 -6948
1 534 8486
1 544 10322
1 553 13213
1 564 -1073
1 597 -15874
1 618 7145
1 620 -4743
1 628 10570
1 655 -15636
1 663 11428
1 673 -3918
1 703 13860
1 735 5765
1 762 -2099
1 769 8130
1 774 -9354
1 782 9422
1 785 -16506
1 810 -11208
1 839 -17158
1 853 -3380
1 882 13481
1 901 -16773
1 925 754
1 926 16797
1 927 5212
1 930 -4363
1 949 -3951
1 963 2871
2 23 18174
2 57 10377
2 58 17026
2 69 3606
2 77 -11476
2 81 -2768
2 125 462
2 143 14734
2 180 13337
2 189 -4766
2 190 6733
2 199 9990
2 208 11609
2 222 -13503
2 248 5916
2 266 -8001
2 315 3590
2 387 15935
2 390 -6808
2 429 11845
2 441 -8430
2 447 12069
2 464 16626
2 474 9394
2 494 -2262
2 553 10320
2 589 -9522
2 632 8303
2 671 -17259
2 726 -8457
2 740 13902
2 755 -18388
2 825 -7725
2 849 -5659
2 853 -11046
2 894 2191
2 909 -8949
2 955 13711
2 966 17069
2 998 -12837
2 1008 123
2 1021 16447
3 0 13313
3 55 -17340
3 60 -17238
3 72 11224
3 107 -1147
3 226 13054
3 266 12562
3 311 -2076
3 313 -13250
3 316 -14423
3 342 2424
3 352 7833
3 408 -7249
3 412 -7788
3 419 3750
3 446 -13983
3 490 -15294
3 561 -1467
3 568 8041
3 584 -7716
3 592 -6191
3 628 7254
3 651 -13793
3 658 6862
3 659 12995
3 664 14017
3 672 1057
3 692 -2985
3 697 8605
3 731 3009
3 747 -16426
3 754 -16552
3 758 10938
3 779 -13111
3 785 -17087
3 804 -10975
3 810 13071
3 812 -13438
3 819 4185
3 823 16173
3 831 -11933
3 845 -14394
3 892 8536
3 896 -10199
3 915 10128
3 931 -4907
3 950 17969
3 955 -12847
3 963 -17129
3 984 12264
3 991 -15914
3 1017 -8752
4 33 -5391
4 36 6924
4 39 -9349
4 42 -15175
4 79 16325
4 80 16167
4 94 14852
4 157 -9711
4 160 7546
4 191 13982
4 200 14059
4 239 -13332
4 379 -8154
4 411 4547
4 421 -4300
4 426 -9517
4 456 3093
4 481 10905
4 490 -4432
4 502 11996
4 523 -14965
4 538 -18171
4 580 -15804
4 593 3064
4 602 16831
4 609 -1241
4 638 9372
4 643 13955
4 653 828
4 661 -7664
4 670 387
4 676 18128
4 732 -9495
4 755 1745
4 791 -18129
4 803 -9560
4 805 -8298
4 806 15893
4 840 -1066
4 883 -10230
4 927 17996
4 966 -17742
4 996 -15896
4 1006 -13201
4 1016 -10720
4 1017 -7606
5 45 2444
5 69 -15467
5 82 10761
5 105 14588
5 123 -2431
5 127 -3881
5 133 10953
5 154 -15804
5 188 -8330
5 220 -17214
5 257 10752
5 288 17600
5 309 -1871
5 323 -10655
5 358 9347
5 382 -17481
5 388 -4272
5 407 -2978
5 515 7170
5 560 -1282
5 588 -1085
5 595 -11752
5 610 123
5 626 17397
5 657 924
5 693 9422
5 715 -4868
5 764 17824
5 773 5322
5 792 -18010
5 794 1598
5 795 -16575
5 823 -1341
5 835 12627
5 841 -9954
5 884 -17591
5 931 -11383
5 965 12636
5 983 9979
5 989 3886
5 990 14140
5 992 -669
5 1004 9251
6 23 2343
6 24 8820
6 27 3876
6 37 -14738
6 116 -5820
6 130 8749
6 160 -2346
6 224 -224
6 243 -7525
6 359 326
6 360 2286
6 403 3822
6 460 16620
6 461 17080
6 489 -10028
6 521 18561
6 564 -359
6 580 -5441
6 591 3186
6 613 -15844
6 636 -16161
6 650 -6532
6 661 -4359
6 690 4198
6 707 -9184
6 712 7669
6 715 -10141
6 717 -17247
6 740 16444
6 758 12464
6 759 14842
6 762 -5802
6 773 14115
6 801 16346
6 822 -2208
6 833 -14588
6 836 17953
6 842 13366
6 849 18190
6 862 -14145
6 888 -8539
6 891 -239
6 909 -3802
6 910 12356
6 911 3869
6 931 -6465
6 945 -18476
6 966 854
6 968 -14245
6 976 -16026
6 981 -8554
6 991 -15117
6 1001 10137
7 5 -7998
7 22 5230
7 31 -13073
7 33 -9939
7 37 9465
7 38 8655
7 57 -10167
7 60 10898
7 70 18726
7 76 4547
7 87 5935
7 109 -15946
7 110 -10222
7 130 4984
7 150 3342
7 156 -2075
7 180 -1434
7 193 10694
7 209 -10519
7 218 -10344
7 225 113
7 238 1306
7 251 -12982
7 259 7917
7 262 11938
7 277 -15545
7 343 17702
7 365 -15747
7 377 6815
7 380 -4209
7 436 8358
7 465 18436
7 486 10975
7 498 11194
7 515 -11408
7 522 -4656
7 541 16379
7 546 -7027
7 570 -10661
7 578 3725
7 624 -3908
7 625 -14670
7 631 -7218
7 650 -11812
7 665 9920
7 760 -1201
7 766 -15251
7 800 -8806
7 824 -13840
7 840 7590
7 879 86
7 919 -18373
7 921 -2863
7 924 -982
7 939 -13791
7 969 5267
7 972 9449
7 1001 7470
7 1010 15374
8 28 -8182
8 31 -14600
8 62 2566
8 69 10557
8 71 -1650
8 114 11821
8 138 18086
8 156 -14415
8 165 -9731
8 173 -13800
8 179 -16822
8 190 266
8 191 16527
8 193 10196
8 197 18718
8 202 13399
8 215 -9298
8 217 -16367
8 253 -16033
8 267 -12170
8 323 5074
8 360 16324
8 365 3377
8 389 -5379
8 408 -2812
8 414 -18607
8 497 -11393
8 514 -8745
8 521 -6663
8 541 -13478
8 614 2419
8 624 2634
8 645 13071
8 652 -17284
8 711 -5238
8 740 5501
8 773 3894
8 825 12649
8 852 -14595
8 862 12974
8 904 -13717
8 911 -11267
8 948 -2045
8 972 5912
8 987 15692
8 990 -8580
8 996 -9478
8 999 -9408
8 1003 -380
8 1017 -16739
9 11 4118
9 30 6412
9 35 -810
9 56 -16637
9 63 8916
9 64 2234
9 99 -18683
9 100 -5141
9 113 -16635
9 128 9412
9 129 -15041
9 201 18774
9 209 -6039
9 238 -82
9 244 13952
9 352 -644
9 418 17192
9 456 17102
9 463 9922
9 490 9706
9 507 8699
9 520 12157
9 523 15405
9 556 -9706
9 565 17924
9 585 10501
9 592 -15379
9 631 6149
9 633 -8537
9 738 1478
9 748 -7498
9 797 -14940
9 874 -9230
9 881 -3664
9 898 1981
9 921 -10116
9 934 4941
9 987 -3456
10 4 -11843
10 14 -1650
10 50 -2384
10 93 15029
10 109 16439
10 150 -6863
10 162 11356
10 207 15482
10 219 -15160
10 226 9084
10 233 -804
10 241 13665
10 257 -11896
10 270 3565
10 290 2069
10 293 -3376
10 320 -2071
10 324 -15164
10 366 -1417
10 410 -4566
10 421 -4506
10 431 6097
10 452 -727
10 454 -18432
10 456 11814
10 467 -16745
10 501 -821
10 513 9436
10 520 -11300
10 530 -2570
10 546 7260
10 549 -8055
10 552 10258
10 564 7938
10 578 9505
10 684 3052
10 735 6752
10 766 -14514
10 773 -4857
10 792 16082
10 795 -5950
10 812 -3712
10 815 127
10 826 -248
10 852 4451
10 886 6536
10 887 1241
10 893 -6889
10 896 -13059
10 922 -13764
10 929 -18289
10 945 14042
10 980 -13332
10 987 -16475
10 990 -9153
10 1020 18470
11 11 12871
11 37 -18790
11 58 -4015
11 69 4673
11 84 -17088
11 92 8988
11 96 17118
11 129 8998
11 186 -14024
11 187 -7352
11 204 -14770
11 208 10724
11 211 17155
11 253 13615
11 255 -14657
11 262 14846
11 269 -1674
11 273 -5929
11 279 -9741
11 300 -9853
11 304 13039
11 341 10873
11 353 15884
11 366 -11065
11 369 -16360
11 373 1334
11 378 -3098
11 384 -15613
11 389 -12407
11 393 -8317
11 404 13171
11 411 4863
11 443 16513
11 461 -16360
11 474 1071
11 479 -14315
11 482 16062
11 484 -17793
11 586 17426
11 590 11054
11 606 12478
11 612 1632
11 639 -14177
11 649 -14696
11 668 18068
11 671 -1651
11 684 -13551
11 711 -17346
11 740 -518
11 743 -3554
11 791 8929
11 794 17608
11 823 6114
11 825 3689
11 828 -9738
11 834 -13156
11 880 -17644
11 894 3172
11 901 18364
11 925 10479
11 930 -17
11 939 -17608
11 943 6675
11 947 5881
12 35 13828
12 43 10680
12 52 -6286
12 53 -3257
12 70 3090
12 88 15610
12 98 17119
12 121 -5084
12 143 15335
12 147 -3234
12 178 14533
12 183 12286
12 227 4281
12 239 12868
12 274 -17363
12 280 9309
12 323 -4179
12 370 -4355
12 394 -11942
12 430 -8630
12 495 -12834
12 543 -9191
12 548 16712
12 570 9205
12 603 -8254
12 620 -18419
12 637 -6454
12 697 -1310
12 740 -5651
12 743 16902
12 752 -4917
12 789 -590
12 797 10399
12 816 8914
12 817 14509
12 858 4326
12 884 17726
12 900 -10507
12 929 -17397
12 957 -17443
12 990 1260
12 991 -4114
12 994 -15534
12 1005 -13919
12 1015 -595
13 15 -10474
13 20 -4800
13 27 5838
13 54 310
13 60 7956
13 121 11187
13 142 -12186
13 150 14466
13 168 -14858
13 184 1177
13 247 10799
13 265 -6327
13 270 -14885
13 272 17066
13 281 -15758
13 300 17373
13 302 1993
13 316 513
13 331 -18530
13 343 13828
13 366 -15985
13 388 -7737
13 414 -9146
13 433 -17550
13 434 -15827
13 501 1766
13 520 10422
13 552 2609
13 568 -12485
13 586 -6131
13 594 -7437
13 616 -16504
13 641 1644
13 646 -6572
13 650 -13923
13 654 -16994
13 670 12653
13 691 12571
13 693 18302
13 695 -940
13 728 10499
13 813 11545
13 824 -11499
13 879 5602
13 893 2491
13 920 3489
13 963 11131
13 965 -6613
13 969 -16168
13 976 17490
14 33 12430
14 54 8658
14 81 14505
14 124 8312
14 132 -12918
14 162 13736
14 164 16297
14 178 -1738
14 186 -6114
14 211 14239
14 253 13494
14 267 -13881
14 268 -5962
14 286 -17136
14 317 322
14 327 5521
14 336 5014
14 363 -3793
14 402 17693
14 429 -4539
14 443 10460
14 497 8152
14 518 3488
14 543 -6953
14 553 12401
14 580 6756
14 590 16675
14 599 15193
14 656 6670
14 663 -10382
14 703 -11717
14 710 -8433
14 716 10709
14 725 -8858
14 765 18056
14 779 7724
14 808 4791
14 827 17949
14 829 -4928
14 867 -3626
14 873 10134
14 884 23
14 904 -12143
14 938 -10848
14 966 -285
14 976 1560
14 977 -11511
14 993 232
14 1001 11474
14 1006 763
14 1010 -4557
15 0 -9020
15 19 -10284
15 26 13039
15 37 16442
15 44 -14692
15 76 -17558
15 109 -833
15 130 2317
15 140 12075
15 184 -5348
15 192 -8967
15 212 -3762
15 233 3239
15 234 -1039
15 236 16365
15 249 -9203
15 274 -3032
15 288 10049
15 299 -11524
15 345 3891
15 349 7037
15 366 11212
15 399 -3265
15 425 1235
15 441 -1814
15 471 4434
15 492 -5298
15 500 -15925
15 507 5842
15 534 5218
15 550 15694
15 557 8513
15 566 -18523
15 586 15769
15 592 -2212
15 596 -1802
15 641 -15679
15 642 -9277
15 663 -3635
15 678 -17368
15 689 18203
15 802 16241
15 837 -8129
15 883 -10965
15 910 -13521
15 913 -3894
15 926 7632
15 933 -2166
15 954 -667
15 962 18062
15 1017 -15468
16 6 -2735
16 7 -10622
16 34 -5330
16 38 -4356
16 41 -7770
16 48 -6672
16 67 -16593
16 78 5932
16 87 -8203
16 94 10038
16 133 9737
16 169 2058
16 189 10066
16 210 -5368
16 246 4610
16 256 7450
16 285 12721
16 330 1386
16 337 9335
16 353 -8315
16 354 -13325
16 397 559
16 427 18270
16 452 9961
16 474 10326
16 504 13452
16 514 -7942
16 536 12370
16 555 -1636
16 563 6112
16 566 6493
16 577 17601
16 579 -17118
16 596 15343
16 603 6855
16 607 182
16 612 -18350
16 649 5813
16 700 14883
16 701 1481
16 712 3594
16 768 12514
16 806 586
16 838 -17425
16 849 -5536
16 856 -14418
16 867 -13609
16 892 -13425
16 896 -5470
16 937 -2172
16 958 -9151
16 993 -7181
16 1010 -2916
16 1015 460
17 5 15920
17 55 6853
17 90 -5738
17 113 -627
17 145 -17830
17 169 -10870
17 180 14971
17 183 12809
17 188 9816
17 189 4456
17 205 2343
17 248 12571
17 262 -561
17 271 8050
17 278 -9862
17 309 17600
17 318 12192
17 319 12767
17 359 -1900
17 372 -10021
17 373 -16989
17 390 -2524
17 400 -10237
17 403 10357
17 419 -5472
17 463 -7313
17 484 -13999
17 551 -7759
17 557 -11508
17 558 12079
17 567 17842
17 600 -1085
17 645 -12218
17 661 -9152
17 672 -4859
17 695 -3280
17 696 -6471
17 718 4918
17 731 -10151
17 735 -7909
17 741 12596
17 744 12258
17 753 16641
17 761 -6436
17 765 -5490
17 791 -3995
17 827 1776
17 849 5469
17 899 4586
17 904 -14691
17 921 -16109
17 973 -3467
17 991 -1522
17 993 10191
17 994 -14099
18 43 5463
18 79 -16871
18 82 12821
18 85 9115
18 88 2509
18 125 -12982
18 143 -9704
18 165 2545
18 278 9210
18 284 -16447
18 339 -15703
18 340 -3913
18 342 -11122
18 349 -13647
18 368 6051
18 381 803
18 401 -10465
18 409 -4371
18 442 -14872
18 492 -1449
18 493 -13980
18 511 -15049
18 520 13479
18 560 2989
18 580 -1168
18 585 4641
18 587 -1565
18 591 -13315
18 648 -3466
18 660 -16246
18 680 13728
18 689 5139
18 718 4127
18 731 -17682
18 788 -16778
18 802 -4541
18 807 -7916
18 820 6042
18 872 -5310
18 875 -9442
18 880 7902
18 896 4690
18 922 14058
18 928 3610
18 933 -5755
18 961 -18052
18 973 2566
18 982 -93
18 986 -11785
18 998 14174
18 1007 14736
19 0 6829
19 6 -6659
19 10 -16004
19 67 -10105
19 92 4823
19 106 -4344
19 128 847
19 142 -13644
19 143 -13271
19 168 -6577
19 233 -17116
19 243 2077
19 256 8789
19 284 12631
19 292 -5628
19 381 12850
19 422 -5845
19 427 -3474
19 435 17326
19 443 -1708
19 448 8053
19 516 -295
19 524 16703
19 535 -6474
19 543 12666
19 589 11213
19 611 2308
19 627 -16667
19 653 15439
19 672 18016
19 683 -11358
19 692 17014
19 698 11505
19 704 5529
19 714 -1828
19 719 -6801
19 734 -10226
19 759 -562
19 760 11751
19 780 -13329
19 783 -16096
19 790 -278
19 808 18727
19 821 -4546
19 844 13658
19 857 11104
19 870 -9844
19 880 1863
19 887 12183
19 894 -6782
19 919 -17920
19 922 -5977
19 953 -15619
19 968 -12781
19 991 -1525
19 1019 15582
20 87 10599
20 112 15763
20 127 -254
20 155 -1152
20 183 -12334
20 200 -1960
20 233 -3563
20 260 -8924
20 287 18422
20 291 -11829
20 317 407
20 343 4424
20 386 -17671
20 402 -4416
20 407 12425
20 411 7649
20 428 9920
20 438 -15872
20 446 -10839
20 452 -15877
20 468 1934
20 517 -7870
20 600 613
20 620 2198
20 708 -15637
20 717 -3207
20 718 9837
20 758 15198
20 771 -14396
20 790 -7381
20 799 14018
20 804 13995
20 807 -11538
20 830 -10283
20 834 2311
20 855 -6926
20 878 -1923
20 930 4103
20 939 9501
20 974 16588
20 984 9207
20 999 -11201
21 14 4761
21 80 15324
21 84 4908
21 88 8918
21 108 -18520
21 119 -6478
21 128 -11090
21 164 -1593
21 177 -7422
21 207 -5267
21 315 -6785
21 321 -1103
21 346 -8775
21 390 15093
21 440 -1184
21 465 -11566
21 486 -2637
21 504 239
21 533 15449
21 553 -8321
21 573 3593
21 575 -16520
21 586 -10190
21 604 -7879
21 667 15811
21 693 7718
21 719 -13892
21 726 -5431
21 728 8642
21 814 -7908
21 826 -18424
21 836 10623
21 838 1041
21 856 -8830
21 862 11882
21 872 14227
21 875 -12171
21 878 13165
21 887 -6479
21 901 180
21 922 1159
21 941 15291
21 949 -12206
21 973 -6485
21 1013 12540
22 23 -13584
22 46 17879
22 59 18241
22 78 5296
22 102 16720
22 108 -17218
22 113 -8784
22 125 -16804
22 153 5873
22 164 -2713
22 204 -7672
22 206 -14101
22 216 2768
22 222 6158
22 245 -9149
22 249 7611
22 260 434
22 285 9255
22 300 -16381
22 330 11659
22 379 -5805
22 395 -16669
22 397 -18635
22 402 12177
22 448 -7863
22 457 -17137
22 467 1825
22 491 -17933
22 508 7546
22 514 8117
22 516 11602
22 518 -1077
22 590 3179
22 599 11347
22 601 16529
22 643 1411
22 654 14952
22 655 7697
22 661 1451
22 670 17947
22 683 12702
22 724 5235
22 733 -7895
22 742 -6964
22 748 -13853
22 755 -12781
22 758 9189
22 769 -4136
22 776 -16337
22 785 5816
22 787 13521
22 803 15464
22 821 14051
22 836 1567
22 866 -11721
22 869 9980
22 871 -16621
22 913 17899
22 938 -16141
22 962 -8780
22 974 13721
22 981 -17242
22 986 -16518
22 1018 -12203
23 8 11550
23 66 -16373
23 73 -427
23 113 2705
23 171 -11297
23 204 6426
23 237 9897
23 255 -4167
23 341 6651
23 380 -13714
23 382 -1069
23 411 -7823
23 436 1998
23 443 -7177
23 448 9121
23 457 16527
23 510 18646
23 520 -16017
23 562 -17087
23 576 13059
23 580 1758
23 602 -4438
23 644 -5685
23 646 -4135
23 672 -18243
23 689 15487
23 715 -5864
23 742 14992
23 757 -16062
23 778 11922
23 796 -605
23 797 337
23 821 689
23 837 16677
23 847 -13948
23 864 15085
23 878 -3938
23 884 -2432
23 898 15343
23 912 1637
23 930 3136
23 931 -2702
23 996 -17975
23 1003 -4033
23 1006 -273
23 1015 2651
24 23 -5921
24 64 17270
24 80 -5145
24 87 -166
24 91 -6482
24 111 16205
24 124 5461
24 144 -7033
24 189 -2055
24 201 11091
24 232 -5204
24 277 18001
24 282 -1097
24 304 -12142
24 320 12445
24 328 10422
24 338 11727
24 364 18742
24 370 17870
24 392 11509
24 393 -7967
24 423 -940
24 484 4514
24 487 3547
24 502 1288
24 517 4957
24 531 -15716
24 539 -10354
24 544 4112
24 554 -7535
24 575 9141
24 577 -16811
24 582 -1284
24 629 -16122
24 673 15421
24 685 8538
24 689 -17351
24 745 -13969
24 749 -7081
24 750 9053
24 755 6668
24 756 -4583
24 766 -17961
24 771 -1240
24 808 -17602
24 812 18160
24 816 -14818
24 829 -18685
24 838 -17826
24 906 -17241
24 914 -13697
24 926 15236
24 932 5760
24 943 -4137
24 954 -9973
24 968 -16872
25 13 -3189
25 20 5622
25 23 -3854
25 32 5104
25 56 -9099
25 70 -4810
25 81 -5375
25 84 -1342
25 103 18475
25 104 -16435
25 112 -7573
25 122 2741
25 149 3714
25 160 18675
25 198 -10206
25 234 13751
25 241 1847
25 247 -13717
25 282 -1403
25 341 -1858
25 348 -13028
25 352 5813
25 400 -10852
25 408 -5877
25 467 -10308
25 540 8340
25 544 15064
25 553 3051
25 556 7219
25 582 6332
25 592 18699
25 616 15480
25 643 -7308
25 663 762
25 682 8342
25 683 8683
25 685 -3059
25 709 -1656
25 711 2677
25 715 -18627
25 717 18674
25 733 9149
25 773 10757
25 778 18350
25 780 2941
25 788 -6796
25 816 -4003
25 821 -8241
25 830 -3588
25 840 -12969
25 845 -10180
25 853 7117
25 867 -6466
25 884 -3996
25 887 -5232
25 907 4062
25 909 12975
25 911 12157
25 964 14839
25 968 9654
25 971 5640
25 983 3437
25 995 3891
26 3 -18502
26 21 -7751
26 32 10203
26 33 -4249
26 37 -10317
26 55 -2947
26 76 -16242
26 88 -15815
26 108 -1721
26 136 -2252
26 156 -4196
26 166 2997
26 172 -17026
26 176 1434
26 204 2069
26 255 -15761
26 262 17274
26 288 -18685
26 297 -1084
26 309 3388
26 314 -742
26 338 -4743
26 344 3276
26 353 403
26 366 -7611
26 368 9341
26 376 -4101
26 390 -17027
26 463 2912
26 524 -5267
26 533 16971
26 559 -14274
26 602 -11933
26 619 -8226
26 639 -8208
26 679 -4187
26 733 -11900
26 738 12254
26 743 -11029
26 785 -9108
26 791 666
26 798 9090
26 813 -14322
26 848 1522
26 864 -8984
26 921 3562
26 928 1409
26 950 6570
26 969 -16102
26 996 8392
26 1001 -9081
26 1005 4579
26 1015 16116
26 1017 -17558
27 10 10311
27 23 -3350
27 55 -2996
27 63 6110
27 86 449
27 89 10595
27 104 -14846
27 107 18723
27 118 6537
27 120 1467
27 159 -12668
27 229 18050
27 288 2820
27 297 -163
27 315 -1929
27 321 4836
27 349 11540
27 353 -14746
27 365 -2346
27 375 -12537
27 412 -2481
27 443 -3306
27 451 8643
27 457 14216
27 497 -2055
27 506 10552
27 568 -7443
27 643 16898
27 644 9186
27 672 6035
27 683 -4058
27 778 -2975
27 810 -7635
27 820 2594
27 827 12141
27 838 11274
27 850 14221
27 857 -16823
27 910 3703
27 923 -2152
27 926 2024
27 970 17460
27 997 -13354
27 998 15668
27 1006 17654
28 7 -14331
28 115 -9129
28 137 -16312
28 165 2514
28 172 -1090
28 197 5856
28 206 -3873
28 222 6890
28 234 12169
28 272 6303
28 285 5001
28 331 -14413
28 347 16934
28 422 -1290
28 442 -4111
28 445 -13468
28 456 6532
28 477 12728
28 483 -11630
28 486 13327
28 512 -7208
28 528 -14096
28 566 15812
28 591 -15948
28 604 -7116
28 606 1763
28 671 -10813
28 759 -11170
28 818 430
28 835 -4291
28 844 11418
28 863 -18197
28 891 5192
28 961 -15370
28 974 12118
28 999 -16747
28 1006 18769
28 1016 13287
29 1 15409
29 15 11376
29 21 -17410
29 26 -7752
29 38 -15637
29 72 -17245
29 74 606
29 76 -15937
29 77 15623
29 101 -9167
29 102 17374
29 128 5445
29 209 4481
29 221 -15265
29 225 -18381
29 281 2716
29 286 18086
29 307 9708
29 310 17451
29 332 8968
29 359 -835
29 361 9008
29 386 9837
29 391 -9939
29 411 -14285
29 448 -12601
29 460 16510
29 521 -2253
29 531 2869
29 566 -14915
29 568 13148
29 572 -10122
29 578 5153
29 581 4199
29 604 13596
29 645 -9190
29 661 5189
29 662 522
29 664 9963
29 668 11057
29 724 11218
29 728 3658
29 730 -738
29 762 -2902
29 782 -11484
29 801 -14873
29 810 -13371
29 844 -1653
29 848 -1166
29 851 12838
29 861 8161
29 866 16902
29 904 -14454
29 957 -18062
29 961 8454
29 965 -3440
29 970 -15466
29 986 1258
29 1017 -1341
30 35 699
30 66 1518
30 70 -11757
30 75 11121
30 190 9100
30 197 6360
30 247 -3377
30 254 -16223
30 270 3639
30 275 -12221
30 277 -9350
30 278 -14611
30 298 11813
30 303 10271
30 318 -14318
30 340 16964
30 360 -12411
30 362 -1947
30 385 -11304
30 553 428
30 559 10980
30 589 6857
30 621 12317
30 628 15838
30 652 -6519
30 665 -13174
30 684 -7313
30 707 -18635
30 715 8159
30 742 -6926
30 754 -16365
30 756 9580
30 759 12053
30 764 12305
30 770 -16448
30 828 -365
30 831 17661
30 871 13096
30 884 16507
30 887 1127
30 933 6901
30 949 18691
30 951 -6919
30 953 -8829
30 982 -9176
30 993 -13651
30 1003 -3832
30 1012 -18432
31 3 -11139
31 5 -16967
31 35 15640
31 36 9898
31 75 -3643
31 79 -173
31 95 12215
31 119 670
31 138 12618
31 180 17123
31 241 2415
31 263 6078
31 270 4063
31 291 9157
31 308 5496
31 315 -17380
31 335 -1996
31 407 -7454
31 415 12313
31 492 -18695
31 524 -14167
31 531 15410
31 650 -2894
31 654 -11185
31 657 5517
31 671 -6978
31 688 -7362
31 702 5443
31 704 -12346
31 737 -803
31 774 -15738
31 781 -14028
31 796 7919
31 801 2150
31 806 -8844
31 821 -1574
31 823 13591
31 825 -3436
31 833 13027
31 874 4241
31 888 -11813
31 900 -9338
31 903 16514
31 918 16186
31 964 -16007
31 998 -8876
32 43 18162
32 69 -2067
32 124 -9049
32 126 4436
32 135 -14743
32 138 11427
32 142 9038
32 152 -732
32 176 17705
32 206 1115
32 235 2882
32 277 4073
32 317 12001
32 359 18638
32 361 11553
32 380 6196
32 412 12783
32 424 14067
32 444 3477
32 456 -10220
32 480 17817
32 493 11161
32 524 -18150
32 567 14149
32 577 13156
32 592 -3208
32 610 11619
32 628 2703
32 635 -11290
32 645 14622
32 648 -2715
32 658 -1903
32 660 5891
32 694 -13304
32 695 -12057
32 715 14177
32 746 -16855
32 760 15941
32 764 9991
32 835 -16995
32 875 15095
32 876 -17275
32 879 -16421
32 887 3185
32 889 -12417
32 916 13481
32 952 11862
32 989 11503
32 1008 10323
33 12 12845
33 22 -10068
33 59 -5312
33 61 11147
33 62 -6802
33 86 15446
33 115 2679
33 116 -11207
33 117 -16376
33 134 13506
33 136 4284
33 143 -5160
33 166 12210
33 174 5276
33 184 971
33 194 -6969
33 236 -12869
33 237 -95
33 250 -14578
33 259 9945
33 274 -8601
33 292 -6153
33 305 5141
33 335 -748
33 343 10267
33 461 13110
33 470 -5598
33 472 -6435
33 512 6069
33 581 -7262
33 604 -533
33 611 -341
33 628 -2321
33 673 -13078
33 688 -9270
33 695 14657
33 707 3002
33 720 -106
33 734 -15492
33 740 13519
33 741 -18372
33 767 13392
33 774 1748
33 778 4474
33 835 -6181
33 891 12646
33 897 6073
33 902 14523
33 975 -15732
33 979 11368
33 983 604
33 985 8977
33 992 -13133
33 1009 17105
34 27 -7426
34 30 4337
34 68 -743
34 84 4540
34 89 8868
34 103 -10719
34 114 15833
34 200 -7258
34 201 -422
34 232 -1141
34 258 18477
34 272 12863
34 285 12728
34 292 11166
34 300 3481
34 327 -18474
34 357 3204
34 389 -18024
34 398 1967
34 404 17009
34 459 13029
34 522 -3266
34 607 -17119
34 610 -13313
34 644 18379
34 667 -14937
34 681 -18594
34 698 -6306
34 700 -8303
34 706 6870
34 708 -9663
34 733 -8612
34 741 -995
34 743 -16320
34 768 18441
34 805 10068
34 828 4826
34 845 1289
34 920 8386
34 949 12507
34 952 -5877
34 1009 9068
34 1017 -1248
35 2 14044
35 23 -7127
35 24 369
35 41 -2254
35 63 -7608
35 65 2080
35 81 -3896
35 87 15198
35 107 16979
35 129 -14947
35 136 13792
35 142 7931
35 146 -15549
35 179 -18539
35 221 5247
35 230 -7800
35 250 5902
35 276 -14283
35 300 -2035
35 331 9354
35 347 -4159
35 405 8436
35 422 4186
35 426 10084
35 439 -11182
35 455 -9423
35 459 13303
35 467 9735
35 504 -15426
35 510 11877
35 524 -586
35 558 -15780
35 580 -7428
35 613 16902
35 620 3668
35 636 2630
35 666 2376
35 675 8286
35 681 -3508
35 721 10866
35 728 14699
35 737 -14750
35 775 -501
35 810 -7252
35 898 -6005
35 919 17119
35 940 534
35 947 5136
35 955 -14732
35 969 -10416
35 975 -6336
35 983 264
35 994 -2629
35 999 17203
35 1001 9106
35 1012 -7931
35 1023 -6804
36 35 6308
36 44 3588
36 66 18340
36 91 -13128
36 95 9367
36 98 1845
36 125 -7899
36 133 10511
36 138 -9029
36 149 -5323
36 171 -2774
36 180 -4160
36 202 11545
36 238 -9281
36 246 10626
36 248 1536
36 267 3488
36 270 14343
36 271 12996
36 279 15318
36 299 -1079
36 305 -18028
36 322 12047
36 327 18416
36 334 -9318
36 336 4085
36 367 -1582
36 386 -10748
36 424 15508
36 443 -15698
36 465 14679
36 491 8569
36 542 11370
36 582 -5027
36 596 -10998
36 601 -11054
36 643 -7313
36 653 10229
36 689 -1056
36 694 3716
36 747 16230
36 755 -16700
36 774 -4322
36 796 13082
36 800 -4119
36 821 -14967
36 830 -11429
36 836 -12008
36 872 16777
36 894 7737
36 915 -7161
36 919 -6823
36 935 11706
36 954 9300
36 961 3106
37 34 -16409
37 47 4886
37 49 10719
37 60 -10430
37 61 -13123
37 64 1704
37 70 708
37 93 13881
37 140 -5316
37 142 10659
37 190 15387
37 194 9085
37 202 -12139
37 229 11127
37 243 13471
37 288 -1336
37 293 17045
37 310 -12985
37 327 -13175
37 385 -15870
37 388 -1413
37 396 -6247
37 402 -515
37 408 10049
37 424 -17696
37 446 -17517
37 456 -8272
37 457 -9926
37 511 4768
37 540 13508
37 560 -2070
37 561 16213
37 562 -14472
37 573 1998
37 607 3454
37 611 12770
37 632 3911
37 647 -16954
37 653 -5256
37 659 9669
37 670 -14414
37 671 8791
37 679 17547
37 691 -3216
37 794 -10306
37 837 4882
37 838 -14360
37 842 -7044
37 854 -9001
37 876 -8110
37 960 -13852
37 974 -4898
37 983 -17854
37 1023 17818
38 0 -17970
38 32 18097
38 48 11944
38 49 5716
38 60 14105
38 96 -7562
38 125 15848
38 133 -11227
38 180 14852
38 208 17251
38 215 -3846
38 236 -12932
38 244 2484
38 255 10525
38 310 -11866
38 321 -16019
38 363 -11820
38 372 -17183
38 396 8414
38 420 -2123
38 467 -5226
38 478 -8810
38 494 -10574
38 528 17604
38 557 -16980
38 581 10193
38 589 -18620
38 612 -9523
38 649 -9449
38 658 1176
38 668 -15926
38 683 -6175
38 690 16241
38 691 -18124
38 708 4651
38 732 10619
38 758 -2609
38 761 11123
38 779 15206
38 795 14278
38 799 -4478
38 838 9232
38 845 -3689
38 878 4989
38 933 17104
38 941 -2800
38 948 -920
38 961 1966
38 973 -1782
39 84 -12829
39 94 -15086
39 118 2717
39 155 -7210
39 165 11246
39 192 -2417
39 194 -17361
39 216 -8605
39 248 9755
39 322 9808
39 329 4405
39 346 18071
39 414 -2268
39 481 -6126
39 484 -14449
39 507 -18502
39 526 -15406
39 571 1317
39 591 15811
39 594 17210
39 596 9903
39 623 9147
39 705 4029
39 709 -4974
39 741 4942
39 743 1244
39 772 -3739
39 803 -5068
39 821 -4026
39 824 -15504
39 825 -3800
39 854 -8839
39 914 -11560
39 929 14114
39 943 1526
39 948 -12901
39 950 -5280
39 953 -9702
39 975 -15152
39 976 8106
39 986 13378
39 1001 -10540
39 1016 -15103
40 16 8982
40 22 17631
40 26 3336
40 45 9590
40 99 12602
40 113 15498
40 136 -3931
40 139 -5031
40 163 -14645
40 184 -10465
40 188 -343
40 247 17980
40 302 13788
40 308 -18605
40 316 18408
40 325 6932
40 349 -16082
40 378 -8088
40 382 -11594
40 395 4796
40 430 7339
40 436 18614
40 445 13988
40 479 11425
40 522 17423
40 536 -14992
40 592 7603
40 614 4350
40 671 15321
40 708 -3422
40 723 -369
40 773 -9794
40 786 13268
40 819 -15977
40 830 -1002
40 835 -2298
40 852 18225
40 860 11907
40 862 13749
40 869 -17319
40 874 12741
40 924 7163
40 930 9012
40 931 2207
40 1002 -819
40 1019 13698
40 1021 -10473
41 10 -10645
41 47 -106
41 69 18563
41 77 -7788
41 122 5430
41 129 -2992
41 134 -1090
41 137 14924
41 190 -11463
41 207 6315
41 239 -4644
41 281 15269
41 293 -84
41 365 -13338
41 370 -9763
41 400 2196
41 402 4269
41 442 16009
41 476 -5123
41 477 3055
41 480 10570
41 511 -18118
41 518 -11597
41 530 -7235
41 539 -17554
41 544 -16959
41 566 -7617
41 585 8975
41 600 -12180
41 603 -4896
41 608 18058
41 637 13115
41 644 -16475
41 662 14787
41 672 16363
41 715 -9905
41 716 -1896
41 718 -15263
41 742 7283
41 762 9394
41 767 12725
41 802 11920
41 803 -9016
41 810 7495
41 811 -16360
41 827 7431
41 838 4189
41 847 1221
41 883 10345
41 906 -1620
41 918 -11118
41 929 -6242
41 936 -12575
41 943 18625
41 963 -5302
41 981 15442
41 1006 9699
42 9 11328
42 24 8388
42 34 -9604
42 52 12473
42 61 -8471
42 77 16430
42 80 16722
42 85 -2949
42 124 308
42 137 8162
42 166 15447
42 176 -10925
42 194 3579
42 200 -8163
42 212 18695
42 247 8368
42 267 -986
42 325 -8295
42 360 15058
42 390 17816
42 397 -3046
42 403 -11366
42 438 -4055
42 455 17699
42 459 -2649
42 467 11163
42 499 11372
42 524 9139
42 547 -4080
42 558 -13011
42 615 -17642
42 619 6188
42 644 11280
42 662 13266
42 680 -5221
42 745 -7193
42 759 1839
42 764 11145
42 768 8868
42 779 -4133
42 825 -4204
42 833 -5469
42 837 623
42 846 763
42 873 6918
42 884 -2207
42 910 4314
42 928 -17975
42 970 -3277
42 1013 -12021
42 1016 -13754
43 7 1843
43 107 -6244
43 112 15479
43 159 30
43 179 14542
43 188 -4505
43 233 14796
43 252 -5853
43 258 613
43 261 11263
43 274 -18497
43 281 -15715
43 285 16001
43 290 -4723
43 309 -6295
43 313 -15407
43 320 976
43 328 3719
43 329 7841
43 358 -1947
43 360 6949
43 394 -12939
43 402 17601
43 414 15600
43 419 -9961
43 450 13058
43 465 17251
43 524 -17439
43 599 11341
43 614 -5161
43 639 -2629
43 681 -463
43 683 16109
43 701 3176
43 731 -471
43 751 13291
43 764 -10736
43 765 11776
43 773 8653
43 782 6634
43 785 -12994
43 792 -3033
43 797 10658
43 806 -7986
43 819 11004
43 822 4410
43 885 11283
43 900 -11673
43 930 -13203
43 948 -18448
43 950 -12608
43 955 1103
43 971 7730
43 986 -7001
44 55 4530
44 72 -18557
44 79 6303
44 83 -12717
44 85 8663
44 98 15823
44 121 -18683
44 137 18257
44 159 11175
44 163 578
44 165 -826
44 171 1956
44 172 -1101
44 173 11548
44 196 5212
44 197 12127
44 206 14911
44 221 -4011
44 243 -17543
44 266 7197
44 271 -5607
44 293 -3815
44 294 473
44 313 18263
44 377 -18605
44 391 -1367
44 410 4190
44 448 16377
44 480 2370
44 524 -15651
44 526 -3694
44 546 -10318
44 556 -515
44 560 7674
44 588 -16264
44 609 4707
44 624 18208
44 652 7980
44 669 15216
44 675 -11065
44 693 -14319
44 716 11097
44 746 -4412
44 771 1444
44 781 -9911
44 843 -16855
44 848 -15917
44 887 -3890
44 906 -15709
44 940 17620
44 963 -7473
44 983 -17227
44 1016 11640
45 8 15663
45 27 1493
45 31 13775
45 32 -14159
45 61 -9774
45 73 -8141
45 83 -3876
45 93 11941
45 123 16281
45 165 5467
45 171 17609
45 199 -9613
45 203 -6197
45 232 11845
45 275 5001
45 292 -7742
45 297 9992
45 308 -632
45 333 -14538
45 360 -9031
45 376 1430
45 385 -12901
45 479 11542
45 497 -5385
45 502 18455
45 531 3021
45 546 1947
45 548 -12117
45 606 -6075
45 622 -10584
45 634 -17461
45 643 -9178
45 687 -15798
45 693 16011
45 700 -1898
45 716 13691
45 732 -18187
45 735 -10884
45 779 5637
45 780 -14102
45 795 -9623
45 800 1606
45 826 13961
45 876 4976
45 877 -15890
45 878 2227
45 889 2832
45 978 -887
45 990 2351
45 1013 -9434
45 1018 6196
46 4 10612
46 12 13017
46 104 8874
46 141 -14437
46 151 -15987
46 156 16320
46 183 -9387
46 216 -12432
46 245 12294
46 250 14644
46 256 -14030
46 309 16908
46 323 -11336
46 338 7289
46 341 -6527
46 377 -12393
46 385 8738
46 387 -12510
46 400 4026
46 409 4567
46 512 -17665
46 538 -17345
46 546 11530
46 547 -17082
46 549 -3753
46 581 -11898
46 588 -11482
46 598 677
46 636 -8700
46 651 -14925
46 654 7949
46 669 12504
46 674 -426
46 708 10247
46 730 -13668
46 735 14557
46 771 -4008
46 776 -1874
46 792 -4194
46 821 -4674
46 862 18672
46 864 12690
46 886 14471
46 893 2124
46 927 8716
46 929 16413
46 972 -1909
46 1002 16652
47 29 9191
47 32 -13347
47 37 282
47 45 719
47 50 -10890
47 53 -2018
47 66 -8888
47 123 14204
47 125 12898
47 128 -9027
47 149 14732
47 162 11747
47 166 -1566
47 188 -13565
47 190 7539
47 203 -18124
47 215 -791
47 229 -1301
47 265 14859
47 270 3190
47 311 -2803
47 346 -16560
47 353 14967
47 359 7151
47 367 7320
47 379 17152
47 394 -4994
47 395 -14822
47 422 3612
47 437 -14234
47 445 4066
47 492 4205
47 500 11967
47 553 -13689
47 558 -9846
47 584 -114
47 660 -11806
47 664 -8954
47 667 -6292
47 710 -8973
47 734 -9067
47 760 2258
47 767 -7526
47 772 8188
47 782 5403
47 813 6767
47 828 -3031
47 874 5151
47 917 -1731
47 937 -10129
47 949 -4079
47 955 5242
47 966 7363
47 968 536
47 973 -16878
47 981 6624
47 984 18036
47 987 2207
47 988 14429
47 999 -14651
47 1015 -15822
47 1023 -15797
48 36 5654
48 65 -2643
48 87 -13065
48 92 13455
48 100 3156
48 108 -5797
48 137 -849
48 145 -7166
48 169 15142
48 190 17670
48 198 9519
48 224 -2633
48 225 6692
48 226 7927
48 239 -3233
48 252 -14536
48 291 -17370
48 301 -1598
48 366 -15688
48 381 2666
48 401 13792
48 423 7155
48 502 2478
48 514 -14180
48 519 1740
48 523 -7517
48 524 9040
48 595 -15146
48 625 158
48 629 -3457
48 648 -1501
48 676 -17116
48 692 15663
48 699 -1346
48 709 -9638
48 770 -5065
48 801 18548
48 839 -8962
48 845 1464
48 846 10478
48 865 3014
48 875 1995
48 930 -723
48 957 -14645
48 996 -16146
48 1019 7735
49 36 4751
49 111 -11220
49 154 14975
49 167 -13386
49 176 -14528
49 207 6721
49 210 -6612
49 212 -12789
49 317 -9744
49 327 6388
49 338 -7411
49 352 15479
49 359 15246
49 370 11656
49 397 -8878
49 398 15734
49 416 11320
49 457 5428
49 464 -7860
49 517 -10774
49 545 -4582
49 554 5049
49 571 -3194
49 592 3549
49 595 11660
49 612 7040
49 621 -16457
49 624 -3844
49 630 13029
49 633 -15190
49 646 -17312
49 717 -1904
49 730 -3467
49 756 13437
49 757 7630
49 776 -17366
49 781 967
49 805 -14977
49 811 -530
49 836 1829
49 839 3087
49 851 -5674
49 859 8085
49 900 -16916
49 931 -6679
49 964 -15992
49 968 3549
49 1011 -13923
50 6 -9757
50 11 5568
50 39 8282
50 54 12319
50 60 7822
50 61 15088
50 99 -2052
50 121 -17359
50 150 -11452
50 158 8695
50 160 -15500
50 177 957
50 195 -3246
50 214 -15383
50 238 5127
50 239 -11009
50 269 16163
50 302 -17325
50 343 -18548
50 357 4236
50 445 14325
50 452 -658
50 492 6214
50 494 7600
50 498 -10789
50 520 12315
50 540 7553
50 569 18014
50 575 13287
50 593 1647
50 609 7898
50 613 9961
50 671 13614
50 673 11443
50 674 -13186
50 679 18596
50 753 4284
50 764 -12232
50 765 -14134
50 775 1922
50 776 10185
50 801 13153
50 843 2312
50 846 9260
50 859 -9657
50 945 -12115
50 990 15285
50 1002 -15129
51 25 -7819
51 26 18554
51 38 6855
51 39 -14940
51 76 -10161
51 98 -2212
51 139 9435
51 141 9135
51 144 12938
51 160 5901
51 190 15172
51 203 2448
51 205 -8593
51 215 -10546
51 227 -11542
51 241 -3959
51 247 8233
51 382 5464
51 437 1774
51 470 12636
51 485 -8826
51 486 -10619
51 511 -7685
51 512 -10603
51 540 9110
51 553 -14725
51 596 4033
51 611 14408
51 624 -15120
51 640 -15250
51 686 -4062
51 700 -10670
51 707 16816
51 710 14150
51 717 1632
51 759 2657
51 781 15006
51 818 -5839
51 835 -17725
51 857 4763
51 878 1583
51 880 -5463
51 922 -14630
51 924 2296
51 966 1113
51 984 15695
51 995 -11228
52 21 3441
52 40 15093
52 49 -6648
52 63 15084
52 76 -784
52 125 -13615
52 145 4953
52 190 -9926
52 206 -11715
52 237 17192
52 258 11478
52 261 -17635
52 348 -525
52 442 -3053
52 443 12954
52 448 4972
52 485 2253
52 487 13573
52 511 12154
52 513 -6083
52 523 -204
52 541 17587
52 547 12156
52 606 -15681
52 641 9114
52 651 8239
52 685 -8192
52 687 144
52 694 6815
52 700 -8553
52 720 -15682
52 748 538
52 754 10314
52 805 -4724
52 809 10600
52 827 -5639
52 869 18439
52 923 -7624
52 924 -5833
52 930 -9480
52 988 10125
52 992 -9830
52 1021 -10933
53 38 12468
53 58 13723
53 60 -6716
53 96 -18014
53 126 -13391
53 172 4348
53 175 2497
53 225 17641
53 235 10584
53 240 4640
53 250 -17082
53 262 -12306
53 268 17808
53 287 -3023
53 333 15631
53 336 15357
53 338 16430
53 356 -8962
53 362 -2336
53 375 7276
53 400 -8211
53 516 13779
53 574 -18546
53 589 1234
53 600 -706
53 604 -3977
53 626 -14230
53 628 -10742
53 648 3108
53 657 1753
53 658 -7902
53 683 3496
53 699 17266
53 730 -14244
53 797 -2137
53 799 -17267
53 808 -9285
53 817 -13337
53 848 -16421
53 882 12348
53 891 -16897
53 913 14299
53 939 396
53 950 -3034
53 953 -3863
53 960 -12775
53 967 -4482
53 993 -18362
53 1005 -16873
53 1012 -1355
53 1016 11581
53 1020 -14998
54 20 -2231
54 21 -10249
54 24 -3763
54 28 7283
54 37 5178
54 59 3690
54 72 -14189
54 86 3693
54 88 -5449
54 91 30
54 93 -3042
54 95 -12199
54 110 -12659
54 137 4120
54 138 9664
54 170 -14008
54 173 11793
54 191 2856
54 217 13362
54 249 6896
54 275 18736
54 287 6291
54 318 -3845
54 320 10724
54 340 9385
54 351 662
54 379 -13249
54 404 8050
54 461 11818
54 490 -4832
54 551 -14106
54 560 -8091
54 612 3359
54 657 -8325
54 672 11973
54 713 11230
54 730 15557
54 732 17533
54 735 3391
54 752 387
54 754 -11061
54 777 -15108
54 787 3848
54 788 -7652
54 795 11695
54 815 4618
54 822 16922
54 833 -4242
54 867 8168
54 875 -6418
54 886 -17552
54 890 178
54 899 -16851
54 901 -7266
54 931 -5802
54 957 -2361
54 960 -12652
54 961 -5355
54 968 253
54 974 6914
54 975 -8417
54 995 -15168
55 14 8890
55 85 4090
55 117 7735
55 144 14437
55 165 13332
55 198 -5734
55 206 14494
55 240 5504
55 278 -7066
55 284 -13253
55 374 -8377
55 388 -8597
55 418 -10583
55 420 -11727
55 435 883
55 438 -11372
55 474 6687
55 484 2061
55 500 5611
55 504 -9393
55 510 9029
55 539 -16618
55 557 7522
55 585 -12906
55 587 -14027
55 589 12664
55 591 18335
55 643 16415
55 653 -938
55 664 7205
55 762 -18767
55 792 1354
55 798 18714
55 812 -1192
55 893 -6103
55 930 -6837
55 934 -9857
55 943 110
55 1022 -18163
56 47 749
56 53 5570
56 61 5263
56 70 -13401
56 74 -10006
56 113 -11288
56 132 7217
56 152 2958
56 167 -9096
56 184 18175
56 206 10807
56 296 2602
56 308 -5246
56 359 -12650
56 370 13606
56 393 2486
56 419 -17745
56 425 17502
56 437 -15553
56 444 -4167
56 453 526
56 454 16735
56 458 3938
56 469 13226
56 475 443
56 527 -10670
56 533 18206
56 542 -5282
56 543 1283
56 545 -11985
56 558 -163
56 622 -4327
56 640 12035
56 687 -14470
56 691 -16931
56 692 12316
56 711 2828
56 766 -14097
56 803 -13374
56 825 2883
56 826 -13233
56 833 7834
56 846 13995
56 855 -16353
56 856 -13984
56 868 -2082
56 870 -17153
56 878 14590
56 887 11961
56 903 -1089
56 909 -12349
56 920 -11585
56 958 15559
56 971 -12563
56 979 -18530
56 993 -4828
56 997 -2636
57 1 -13544
57 20 -3822
57 58 7647
57 102 -5351
57 106 -12562
57 111 -15742
57 129 16255
57 141 16972
57 169 -13451
57 170 -11867
57 196 -15981
57 238 3401
57 250 14173
57 252 -14469
57 275 -16737
57 282 -3272
57 298 2978
57 312 9931
57 315 14696
57 336 12474
57 352 -14140
57 421 -3022
57 437 -7783
57 449 4108
57 463 15565
57 477 -3965
57 483 -11626
57 494 -7272
57 497 -17380
57 593 -17329
57 597 17603
57 650 -4369
57 673 10320
57 693 -9530
57 710 12332
57 712 17183
57 721 7096
57 732 5089
57 749 -1656
57 757 -3644
57 783 15991
57 788 2083
57 799 16846
57 820 1308
57 836 -15153
57 864 -15810
57 879 16949
57 927 6688
57 956 -5468
57 990 7675
57 991 -14544
57 1002 -2063
57 1008 7205
57 1011 12522
57 1014 9315
57 1016 2462
58 4 -1915
58 28 -9324
58 53 -1080
58 56 3899
58 68 -916
58 71 12618
58 85 -18192
58 106 8340
58 111 8976
58 132 -11332
58 135 -12800
58 178 11241
58 182 -6381
58 211 -17648
58 219 -7809
58 227 4773
58 258 -1138
58 265 -4120
58 268 -13860
58 348 -15566
58 358 2704
58 374 5174
58 389 -11402
58 402 12123
58 457 -8338
58 506 -5517
58 530 -2428
58 533 16370
58 534 12783
58 561 6539
58 566 11675
58 581 15732
58 594 2487
58 619 -3256
58 624 10196
58 642 1372
58 667 3174
58 683 -963
58 686 2871
58 689 -3993
58 701 -6837
58 725 -14058
58 735 -9020
58 760 -15370
58 775 -16396
58 776 1194
58 779 -18284
58 799 17378
58 839 -18353
58 843 -3176
58 856 -17858
58 860 9865
58 900 -7191
58 933 -16015
58 955 4019
58 956 -16131
58 992 4102
58 1018 -9831
59 78 -3090
59 83 16190
59 86 1268
59 117 15044
59 129 16159
59 134 -17321
59 139 -11659
59 157 -9291
59 177 7085
59 253 11505
59 265 -9772
59 272 8187
59 282 -1289
59 319 5878
59 393 15017
59 399 117
59 436 -12747
59 462 -10419
59 467 -382
59 500 -18538
59 515 -4390
59 606 12390
59 626 -17712
59 667 -3427
59 672 -8244
59 692 17041
59 709 -17442
59 713 2503
59 729 4679
59 767 -12970
59 768 -15805
59 769 -17078
59 782 -9480
59 802 -6442
59 828 -14695
59 849 -9165
59 873 2134
59 880 4251
59 881 -4113
59 889 14588
59 890 -10870
59 995 4557
59 1001 -7714
60 17 -2799
60 31 4173
60 39 -3517
60 53 11921
60 80 318
60 83 9667
60 98 -9333
60 110 -9203
60 128 -1890
60 130 10402
60 144 16959
60 170 -14952
60 172 11070
60 176 -547
60 182 2158
60 191 2949
60 194 -11788
60 211 -18108
60 236 -3696
60 240 -2064
60 249 6760
60 309 -2309
60 351 1347
60 361 -9647
60 375 11948
60 382 6543
60 416 12153
60 451 14995
60 462 10294
60 487 12473
60 546 13396
60 580 7074
60 710 4568
60 737 12637
60 748 6144
60 768 13415
60 769 -11422
60 787 -17796
60 797 9652
60 828 -14948
60 832 -9521
60 833 -7203
60 857 1820
60 898 -4113
60 899 11349
60 908 -16299
60 962 10028
60 969 -9443
60 975 5928
60 986 -8294
60 992 -9726
60 994 1362
61 1 -18018
61 3 12871
61 20 -3984
61 51 2780
61 59 -12013
61 77 3925
61 89 3584
61 90 4091
61 107 -12487
61 113 6471
61 128 -14615
61 141 -16950
61 142 -17095
61 149 -9136
61 164 9054
61 310 -12290
61 313 14989
61 352 3827
61 402 9543
61 410 -2885
61 423 1371
61 455 -11554
61 636 -7470
61 733 276
61 743 -9428
61 749 5548
61 813 -3763
61 823 17358
61 853 18748
61 867 -8934
61 881 -6806
61 888 3289
61 899 -11349
61 917 -10570
61 933 -3727
61 934 -9556
61 965 -5274
61 976 9372
62 0 -8161
62 46 10881
62 116 -4031
62 147 -13092
62 168 11336
62 175 9379
62 186 -3853
62 220 13172
62 256 14261
62 265 -10457
62 282 11589
62 283 11045
62 302 -3000
62 309 7625
62 330 -18115
62 331 1839
62 338 6286
62 345 -10411
62 369 -4342
62 399 16121
62 400 18755
62 409 1691
62 420 6336
62 480 -5801
62 487 -3224
62 494 2315
62 561 -8455
62 590 -5418
62 597 6183
62 673 5964
62 677 14678
62 719 11482
62 750 4873
62 755 -18370
62 756 -952
62 785 -18326
62 820 -10372
62 848 14482
62 860 -1458
62 910 1203
62 933 7751
62 951 -11496
62 1005 -15235
63 9 -12520
63 12 -11880
63 15 5669
63 18 5155
63 79 12779
63 84 112
63 93 -10053
63 95 -3570
63 110 9630
63 137 15278
63 161 7419
63 222 -4902
63 230 10905
63 250 4351
63 272 12496
63 278 -2061
63 305 11151
63 328 6820
63 334 14747
63 335 9324
63 376 -1702
63 404 -1825
63 405 290
63 410 -15812
63 443 3435
63 450 10307
63 479 -1165
63 505 -13383
63 515 -7440
63 547 6890
63 550 14722
63 569 18391
63 626 -13972
63 640 -6021
63 646 -2302
63 648 -18691
63 693 12700
63 757 6434
63 758 -2845
63 769 -11756
63 791 -2892
63 803 -15001
63 834 -11604
63 848 3044
63 868 17456
63 892 9385
63 897 -18558
63 911 14887
63 919 6706
63 944 5099
63 956 -5901
63 982 -11998
64 17 12849
64 44 -1760
64 64 -2318
64 71 867
64 115 17612
64 124 14224
64 190 5406
64 214 -14401
64 245 11630
64 247 -1609
64 267 6710
64 273 10203
64 283 -12132
64 303 -12712
64 330 4459
64 341 6233
64 366 174
64 398 10865
64 416 -12339
64 443 -4095
64 465 17978
64 496 10716
64 528 4709
64 588 -9158
64 590 13346
64 616 -14420
64 623 -16867
64 643 17007
64 649 -15910
64 656 8607
64 753 11536
64 786 216
64 787 -16638
64 797 -7147
64 888 -14128
64 892 6644
64 893 -1066
64 911 -5542
64 958 -8177
64 963 -6757
64 997 -1586
64 1011 13771
64 1013 -10728
65 48 -13369
65 69 1129
65 111 13613
65 134 -8821
65 157 -6584
65 172 -15641
65 190 6906
65 195 -18548
65 198 5178
65 199 9207
65 213 -1180
65 257 18754
65 308 -13732
65 312 10608
65 321 281
65 337 -15063
65 339 15475
65 360 -4537
65 378 -3570
65 399 7455
65 405 -14746
65 417 18042
65 433 4653
65 436 -3962
65 465 -5477
65 489 -17903
65 491 15504
65 498 -8490
65 534 -12920
65 585 282
65 586 -14724
65 588 2692
65 617 -7014
65 635 -15822
65 683 1266
65 731 -3978
65 754 -7471
65 763 7823
65 773 14792
65 775 -11085
65 815 11902
65 826 10559
65 858 -11430
65 874 16248
65 878 16859
65 890 -8355
65 906 18382
65 907 8430
65 911 18233
65 918 12060
65 937 18377
65 949 -17086
65 966 5479
65 988 4348
65 990 -13655
66 2 15328
66 39 -6781
66 50 -16837
66 53 -913
66 73 -11543
66 106 3634
66 114 -10882
66 163 15818
66 187 -13791
66 188 -5946
66 192 33
66 201 -7964
66 218 160
66 239 -5593
66 254 16326
66 285 -16455
66 292 -3195
66 366 11835
66 375 16925
66 383 -1596
66 388 -15182
66 452 -12132
66 472 -15822
66 513 15836
66 525 1786
66 556 10283
66 580 -3675
66 581 7443
66 593 -269
66 596 -14560
66 616 -11665
66 629 578
66 647 17782
66 700 -8934
66 711 12915
66 728 9554
66 744 1277
66 747 1757
66 840 15789
66 876 10632
66 904 144
66 913 18020
66 925 8247
66 953 1619
66 957 -16268
66 963 7171
66 973 17245
66 1019 5803
66 1021 -9260
67 29 12424
67 50 -8046
67 59 12483
67 75 5535
67 83 -6064
67 170 -18562
67 176 1888
67 179 3008
67 221 8098
67 237 8003
67 242 -11078
67 244 -11005
67 313 10972
67 320 6585
67 339 11426
67 340 -11348
67 343 1986
67 395 -4028
67 399 13648
67 403 -7510
67 429 7756
67 431 10077
67 468 11672
67 469 -11562
67 480 -7484
67 488 -10454
67 521 11230
67 542 -12552
67 635 16829
67 684 -13218
67 692 7461
67 699 -10180
67 709 7589
67 728 17732
67 729 -1171
67 756 1853
67 793 16459
67 805 16187
67 857 -11028
67 870 2318
67 879 7433
67 955 15498
67 967 -13617
67 992 17907
67 1008 13359
68 4 1309
68 26 7872
68 30 12539
68 56 -1095
68 83 16393
68 89 2973
68 168 -3061
68 233 883
68 314 2559
68 317 -4208
68 335 10519
68 360 9182
68 365 -12697
68 367 7554
68 377 6409
68 405 -13527
68 457 10103
68 489 -9423
68 511 9950
68 526 17157
68 527 -3635
68 553 17337
68 617 13551
68 626 -8807
68 645 7381
68 649 -3998
68 659 8700
68 700 -3672
68 710 -18507
68 717 -13821
68 737 -14579
68 753 582
68 795 -10596
68 826 12355
68 847 -2328
68 867 -18050
68 873 17593
68 957 17979
68 990 -1499
68 1000 13363
69 2 -3910
69 5 1206
69 65 -13144
69 69 17337
69 75 -6408
69 78 5611
69 84 -7784
69 113 10023
69 115 -6736
69 149 -4630
69 154 -10533
69 155 11915
69 216 10
69 221 -11365
69 283 12543
69 324 -13699
69 331 751
69 366 7404
69 394 -4528
69 397 17992
69 413 11600
69 433 -4766
69 481 7656
69 512 2419
69 530 -3619
69 535 12324
69 617 17311
69 673 16375
69 708 -16299
69 711 689
69 724 -4115
69 779 9005
69 808 12115
69 832 -14361
69 837 9529
69 863 -10560
69 868 -14187
69 899 -3284
69 943 -756
69 945 -5345
69 962 -13208
69 983 6560
69 1008 14928
70 1 -16005
70 8 -16120
70 34 17405
70 43 13747
70 64 -3447
70 80 -15376
70 109 -1273
70 112 -11866
70 123 -3635
70 186 -10172
70 197 -5999
70 203 -15093
70 215 -13491
70 221 4603
70 224 14710
70 261 -5330
70 265 -4684
70 279 13136
70 293 -13519
70 306 10164
70 317 13432
70 326 1601
70 333 948
70 373 -15451
70 390 -1068
70 391 -17735
70 394 1054
70 431 192
70 451 -5201
70 453 16274
70 477 -10858
70 534 -17230
70 552 -9950
70 574 3845
70 578 -8616
70 582 -8717
70 585 12681
70 587 -16276
70 605 -16161
70 615 -1772
70 632 -10735
70 637 -10449
70 638 11036
70 658 -10738
70 710 -14137
70 768 -5629
70 773 -11092
70 775 5952
70 802 -12170
70 849 -8804
70 877 -4423
70 901 8249
70 912 10460
70 938 -7904
70 958 -14999
71 13 10981
71 17 -17164
71 18 -6360
71 37 -7707
71 38 -12589
71 48 5472
71 103 -13090
71 115 2474
71 118 18185
71 188 -8266
71 245 8375
71 259 13201
71 289 14816
71 302 18064
71 315 9240
71 318 -11571
71 338 -6874
71 369 12543
71 392 -1563
71 397 -17968
71 424 -1275
71 453 15785
71 454 -16631
71 464 -14026
71 507 11527
71 525 -5068
71 553 8305
71 576 -5202
71 682 12083
71 691 3783
71 692 1709
71 704 -10702
71 723 -7173
71 765 -15185
71 770 14410
71 792 12332
71 811 18094
71 830 -16172
71 836 781
71 892 18423
71 894 5689
71 903 14437
71 914 -2515
71 949 -6915
71 1022 7150
72 50 5400
72 66 1660
72 122 -13847
72 140 -5003
72 171 1131
72 202 -12847
72 211 -17596
72 212 -38
72 213 11154
72 223 994
72 248 12344
72 259 4154
72 269 12337
72 299 3805
72 381 2781
72 396 4825
72 432 4091
72 453 7684
72 458 -15570
72 479 -1395
72 500 -5915
72 509 -10315
72 524 2480
72 580 2230
72 595 6362
72 602 17289
72 614 -14480
72 633 -9102
72 647 10625
72 724 4479
72 742 9649
72 744 14114
72 764 -150
72 833 -6767
72 846 16480
72 868 17952
72 873 -8598
72 877 3702
72 881 -12243
72 899 -6440
72 974 17037
72 995 11723
72 1000 9443
72 1003 -5910
72 1020 -10352
73 63 -6156
73 75 2294
73 81 15094
73 117 3937
73 147 2335
73 148 -7701
73 152 14017
73 172 -11610
73 178 -12100
73 180 -12674
73 185 -3714
73 186 10786
73 190 6645
73 201 6910
73 204 6198
73 377 -14117
73 397 -3710
73 453 18746
73 466 -16930
73 493 10988
73 534 18725
73 542 13692
73 554 -12232
73 630 13370
73 656 -18622
73 664 13777
73 676 -12243
73 690 -4328
73 722 -18333
73 730 -3135
73 751 -13804
73 758 -14057
73 771 -6940
73 787 -13769
73 796 -12784
73 800 -16990
73 802 -13890
73 810 1028
73 852 1971
73 874 8259
73 892 -1849
73 903 2399
73 911 -8382
73 914 2187
73 929 761
73 955 3565
73 960 889
73 964 -11411
73 1002 3652
73 1020 -14715
74 1 10256
74 3 3946
74 13 10488
74 42 -12992
74 47 70
74 66 602
74 69 -11607
74 87 7236
74 88 13765
74 115 -14449
74 133 9284
74 177 -17771
74 185 7827
74 207 -11000
74 218 -4341
74 226 -17042
74 285 3257
74 291 -4494
74 314 -13492
74 315 1797
74 320 -1209
74 321 12385
74 340 15179
74 346 -15002
74 360 -3931
74 375 -16546
74 376 8496
74 393 -1642
74 405 -17573
74 413 2113
74 430 -9484
74 433 -9762
74 464 -14300
74 523 -16848
74 541 -1676
74 562 13642
74 569 -15646
74 571 8781
74 574 -16836
74 579 -2223
74 612 -3357
74 704 -9616
74 708 -11382
74 738 -2602
74 752 7966
74 755 9281
74 780 -997
74 781 -17008
74 859 405
74 901 -11759
74 917 -4618
74 942 904
74 956 16285
74 965 7909
74 1018 15205
74 1022 -2612
75 12 -8
75 21 -245
75 22 -8527
75 43 -7389
75 62 5521
75 94 1239
75 139 2959
75 146 -5218
75 152 16153
75 218 -6391
75 262 7943
75 295 5392
75 308 -1738
75 355 -3926
75 359 -8592
75 445 -6361
75 494 14543
75 507 -8026
75 513 -7752
75 558 285
75 591 -10740
75 600 5348
75 645 -13378
75 668 -10388
75 681 -2836
75 686 -16756
75 743 -645
75 747 -14547
75 793 -1036
75 832 -7415
75 850 11660
75 876 -9755
75 879 7055
75 887 9132
75 902 12167
75 908 14601
75 921 6813
75 943 1196
75 992 9621
76 10 -15197
76 37 -908
76 49 -10662
76 83 12296
76 101 -18359
76 119 13736
76 122 -13500
76 123 -12456
76 195 -2941
76 205 -12200
76 207 10418
76 208 13644
76 231 13419
76 257 -16320
76 266 -14553
76 281 -2592
76 283 -1021
76 288 -2429
76 363 17395
76 402 -1563
76 406 14303
76 423 -4014
76 455 -1751
76 456 10425
76 488 16421
76 512 7178
76 583 -18765
76 612 15867
76 619 2465
76 634 979
76 644 -10661
76 665 -375
76 668 -17532
76 694 -7125
76 695 -453
76 733 9417
76 766 -7923
76 788 5588
76 804 -13336
76 806 -2068
76 851 14687
76 852 -18339
76 858 -8490
76 955 -10555
76 964 17537
76 967 -16261
76 1014 1706
76 1016 8222
76 1018 -11687
77 27 -13562
77 35 -345
77 107 -2006
77 126 786
77 143 9470
77 147 -13284
77 174 3867
77 182 -716
77 195 -15219
77 231 17518
77 249 2020
77 264 10840
77 265 18356
77 292 10678
77 324 13466
77 327 -9194
77 330 -8079
77 331 5424
77 332 16092
77 333 -18027
77 362 7025
77 370 2067
77 372 14215
77 458 -1072
77 521 7895
77 545 -14519
77 557 3931
77 563 13479
77 575 -13517
77 578 -214
77 589 3050
77 609 -5716
77 615 15454
77 625 -3685
77 645 7975
77 651 -3061
77 664 8273
77 715 15279
77 763 -6069
77 797 -3949
77 803 568
77 835 -18689
77 840 -2375
77 850 -5687
77 883 -1343
77 893 13727
77 920 7650
77 952 11048
77 967 5357
77 971 5916
77 995 -16517
77 1010 -8283
78 12 -17874
78 19 -11132
78 63 -14599
78 140 11665
78 165 17801
78 224 -173
78 226 9335
78 246 -11286
78 249 -14533
78 280 -18472
78 287 -12203
78 317 -11074
78 319 12105
78 388 -16687
78 400 -16568
78 403 7691
78 414 5477
78 422 -18164
78 423 9021
78 437 9413
78 456 -16490
78 461 -1555
78 463 10644
78 471 12076
78 521 3883
78 542 5457
78 543 12359
78 554 18408
78 561 4422
78 625 11521
78 629 18290
78 653 11998
78 666 879
78 719 -15904
78 723 -703
78 768 5186
78 774 -15349
78 810 -13176
78 842 11052
78 860 6521
78 864 -12957
78 888 7437
78 971 -1230
78 972 682
78 1001 -17572
78 1020 7740
79 35 -13745
79 90 -8613
79 145 -7335
79 171 -12731
79 176 180
79 185 17737
79 189 -10229
79 192 -3733
79 249 -15842
79 328 -18599
79 357 10000
79 413 -9546
79 417 18113
79 438 -15558
79 455 -4697
79 462 -4598
79 494 5364
79 497 -5477
79 507 1978
79 508 -187
79 518 -15110
79 530 15534
79 554 2066
79 593 2078
79 657 -1730
79 659 10133
79 680 2495
79 718 -17897
79 765 18021
79 770 17645
79 773 9301
79 801 3597
79 816 17263
79 823 17402
79 873 -8887
79 889 -1446
79 894 8649
79 1019 -1225
80 0 -12258
80 16 -5704
80 27 -2053
80 34 -2732
80 41 -10876
80 57 16235
80 58 5674
80 74 -11394
80 134 -14355
80 149 -2832
80 150 8824
80 153 16991
80 158 13233
80 180 8104
80 182 -5743
80 184 10253
80 195 -4759
80 222 -17643
80 229 -169
80 248 18500
80 264 -18404
80 332 -17756
80 363 -137
80 366 585
80 393 13767
80 404 6605
80 424 10792
80 445 -18177
80 458 -15234
80 465 13532
80 470 -18022
80 478 -12723
80 510 6288
80 528 -8167
80 531 -14091
80 581 3311
80 591 -6309
80 592 -10125
80 610 16149
80 628 1444
80 707 7500
80 770 -16734
80 788 13356
80 824 -12173
80 877 1397
80 887 -478
80 894 11750
80 898 14814
80 899 6864
80 910 4784
80 926 -4296
80 929 -7846
80 931 -8918
80 970 -11775
80 971 8183
80 998 18503
80 1009 -9086
81 18 -15024
81 35 12966
81 55 8244
81 74 -3971
81 97 -7446
81 100 -4710
81 113 14556
81 123 17519
81 170 9002
81 174 1284
81 176 -10073
81 183 -11604
81 184 8518
81 254 10540
81 264 -18068
81 280 -6804
81 300 -3303
81 303 -15249
81 309 15802
81 364 18
81 372 -4332
81 404 -13408
81 408 -8338
81 440 -8661
81 470 -8003
81 473 -7346
81 484 -8618
81 489 -9509
81 497 -225
81 506 4166
81 512 18182
81 542 4390
81 544 -13996
81 594 -14584
81 614 16895
81 632 18149
81 637 440
81 703 -12442
81 721 -7172
81 725 -13626
81 736 -4065
81 739 12011
81 781 -7264
81 786 -11694
81 825 -12302
81 875 13127
81 881 -16558
81 928 15460
81 955 9026
81 975 15542
81 978 15734
81 1001 -1564
82 12 9890
82 41 7366
82 55 -8653
82 60 5107
82 131 4000
82 133 6926
82 139 -17091
82 142 3626
82 148 13041
82 158 9515
82 167 12375
82 187 -890
82 213 11338
82 225 13229
82 247 16350
82 256 -2152
82 264 13647
82 287 -2405
82 288 -17349
82 309 3594
82 311 7815
82 324 9263
82 343 -2155
82 461 -9003
82 469 11345
82 478 -13734
82 479 3259
82 487 10801
82 558 5927
82 637 16002
82 645 16257
82 656 7365
82 671 15349
82 708 -7925
82 747 -3476
82 780 -10391
82 783 -6787
82 875 -16693
82 893 -5185
82 913 -10927
82 936 -7260
82 955 -6278
82 980 -13232
83 2 12462
83 8 -14992
83 15 -9317
83 24 -15415
83 33 1667
83 56 -16626
83 140 -12313
83 209 8812
83 210 18739
83 230 -10087
83 240 13365
83 249 -1911
83 273 17282
83 276 14882
83 282 16875
83 291 2100
83 296 8233
83 305 8935
83 309 -18488
83 423 -9512
83 430 18548
83 437 -11351
83 447 -10763
83 456 3342
83 472 3060
83 477 -4227
83 497 -17398
83 498 5893
83 527 14534
83 554 -698
83 603 5754
83 636 16184
83 640 -4075
83 645 8815
83 681 10490
83 717 6610
83 781 -2700
83 789 6691
83 790 4764
83 792 -788
83 832 -270
83 850 17436
83 852 13199
83 871 5650
83 889 -2071
83 905 -7478
83 918 -12580
83 921 13685
83 941 15831
83 990 7349
84 48 10106
84 54 4580
84 57 -16319
84 69 -11366
84 92 -3943
84 101 -11058
84 169 -12253
84 170 -12250
84 188 14516
84 215 -3518
84 239 -6179
84 252 4050
84 287 -16401
84 321 -9174
84 327 -18363
84 343 13323
84 362 3443
84 374 1682
84 389 9032
84 415 16519
84 422 -10717
84 423 15891
84 428 -13359
84 445 18313
84 480 -15130
84 481 -18686
84 486 11493
84 494 880
84 499 10756
84 513 -14181
84 542 -8999
84 546 7096
84 570 -13709
84 582 -18704
84 595 3738
84 609 -8459
84 616 16967
84 618 13082
84 627 -16711
84 699 3775
84 738 -12274
84 785 6704
84 797 -7567
84 807 -17439
84 812 -12986
84 828 -3311
84 830 9039
84 841 7497
84 848 182
84 869 2852
84 895 -15472
84 910 14257
84 945 -17771
84 949 -1655
84 982 -2060
84 987 -7821
84 993 -6137
84 1008 9734
85 12 -13745
85 37 -8130
85 94 -715
85 154 -2661
85 157 -11463
85 182 -13433
85 188 -16036
85 191 -3949
85 216 2132
85 236 -16557
85 274 -12822
85 341 -15597
85 346 -9841
85 368 -9604
85 375 -1527
85 396 -5895
85 427 -5816
85 459 4076
85 501 13386
85 519 -8151
85 608 3858
85 611 -16579
85 635 -3857
85 656 10225
85 664 -7271
85 688 -17426
85 698 -10814
85 708 1073
85 710 14982
85 728 -2508
85 767 13327
85 780 -1541
85 785 7186
85 803 5531
85 821 18282
85 841 -5767
85 868 -12088
85 874 6222
85 904 -12298
85 905 -3177
85 916 -2846
85 994 11697
86 15 4320
86 26 18223
86 38 9391
86 49 -13188
86 53 7568
86 61 -16593
86 69 9503
86 73 12899
86 131 -13137
86 139 14405
86 158 -14606
86 163 18281
86 196 4503
86 201 -8429
86 278 -16055
86 415 3692
86 426 17131
86 429 -7485
86 430 -6272
86 458 -18306
86 483 11027
86 494 -4217
86 496 13203
86 537 -2313
86 540 -708
86 571 -17680
86 579 -9817
86 583 -5439
86 597 12194
86 618 -10725
86 622 17534
86 623 1352
86 646 17899
86 651 -10357
86 661 -3927
86 671 -15213
86 691 -6184
86 703 -18244
86 704 9550
86 731 -10415
86 752 -5237
86 762 7554
86 795 130
86 822 -1181
86 861 13520
86 867 3778
86 886 740
86 905 14873
86 906 8084
86 922 8167
86 923 6888
86 928 -6574
86 934 -1850
86 1013 -17973
87 52 -1122
87 72 9071
87 85 11060
87 113 -4541
87 135 8926
87 162 7637
87 196 -17762
87 250 146
87 257 -15217
87 287 -17576
87 292 11461
87 299 -11251
87 381 17446
87 383 8274
87 406 -1912
87 428 526
87 453 18400
87 459 -345
87 478 -8872
87 481 -10942
87 507 -8235
87 557 15541
87 653 5305
87 672 4077
87 696 14264
87 716 14418
87 733 -6358
87 738 2225
87 766 6280
87 781 -8331
87 787 -17745
87 789 15413
87 794 766
87 801 -14533
87 812 -16953
87 816 13236
87 860 -154
87 931 -5443
87 1001 15606
88 45 6219
88 48 11610
88 56 -15625
88 84 -13850
88 121 -6295
88 122 16709
88 125 6533
88 134 11032
88 136 -6699
88 174 17735
88 185 8175
88 188 18468
88 238 5532
88 241 475
88 258 4357
88 280 5961
88 287 6894
88 291 -9589
88 350 9723
88 364 16400
88 380 -15828
88 407 14898
88 410 -1909
88 417 -2667
88 440 15065
88 455 9080
88 509 8949
88 522 -14089
88 546 -2719
88 606 7130
88 663 13151
88 683 -12668
88 712 -6583
88 717 -18365
88 735 5593
88 742 -7127
88 764 -6830
88 771 -6892
88 779 -15210
88 803 9000
88 808 7364
88 828 8070
88 834 -12417
88 871 -16693
88 877 4585
88 881 15588
88 885 15049
88 892 -1911
88 943 12749
88 979 -3769
88 990 15917
89 38 -14269
89 82 -8545
89 104 -14575
89 127 -5600
89 138 8797
89 139 -17995
89 185 -8873
89 213 -15770
89 217 13770
89 220 14454
89 277 -7211
89 319 -9772
89 320 3151
89 333 10392
89 371 -14692
89 375 18174
89 382 12915
89 391 -15382
89 404 16694
89 406 8246
89 411 -11358
89 413 -954
89 419 -10862
89 421 6863
89 449 11491
89 459 12424
89 498 -7251
89 499 18439
89 576 4965
89 594 -779
89 604 15896
89 624 -4101
89 651 -4297
89 710 -16104
89 749 -12143
89 771 -11235
89 845 434
89 857 -1429
89 880 -13708
89 882 -8394
89 888 -9294
89 891 -18200
89 892 13053
89 912 5648
89 948 14714
89 990 1793
89 1002 13288
90 29 -10922
90 58 15244
90 67 10979
90 77 772
90 79 -4454
90 91 11679
90 141 16304
90 147 -3769
90 161 -3951
90 163 4908
90 189 18110
90 208 -6405
90 217 -4785
90 233 4528
90 252 -10855
90 262 9323
90 322 -15563
90 325 -1985
90 436 -16491
90 482 -15643
90 525 3873
90 541 10696
90 574 1771
90 612 -7923
90 651 14236
90 656 3064
90 658 -15656
90 673 -10902
90 691 1607
90 705 -7740
90 730 -17876
90 758 388
90 762 5188
90 763 5421
90 766 -14498
90 769 3826
90 778 12976
90 782 14704
90 785 9042
90 799 -13686
90 835 -16577
90 891 -10671
90 907 -4680
90 913 16078
90 916 5660
90 934 3352
90 942 18445
90 943 17268
90 954 -16921
90 957 13220
90 998 4137
90 1000 -13937
90 1011 13185
90 1017 5672
91 15 13780
91 24 13298
91 48 10965
91 107 -11834
91 114 -16062
91 123 -2508
91 170 -7766
91 183 -4720
91 202 14302
91 206 287
91 252 -5098
91 282 1683
91 288 11050
91 291 -15774
91 303 -6288
91 344 4368
91 370 -7514
91 394 862
91 429 -17612
91 448 -15442
91 452 7409
91 460 6303
91 465 -4042
91 474 -17435
91 508 14580
91 515 17552
91 561 3310
91 568 8800
91 597 -14743
91 605 6718
91 606 -10115
91 681 -13445
91 682 9513
91 692 -10396
91 695 -936
91 718 525
91 739 18094
91 757 7222
91 764 1672
91 769 18010
91 781 7435
91 783 -9678
91 786 8703
91 894 -12138
91 900 10982
91 918 14668
91 984 13014
91 995 -15700
91 996 -2105
91 1003 -15428
91 1008 -14776
91 1011 10102
91 1015 -5882
91 1021 2867
92 8 -16215
92 55 87
92 57 13138
92 97 15082
92 101 -4793
92 112 -15908
92 138 8842
92 139 17356
92 142 -16712
92 147 11731
92 148 15584
92 167 -16625
92 170 -15020
92 173 -9572
92 188 4626
92 194 2991
92 222 -6919
92 223 7462
92 252 -7976
92 263 1309
92 294 18462
92 338 -2941
92 369 -13077
92 370 10764
92 399 -7607
92 402 8971
92 408 11506
92 421 8605
92 432 7899
92 458 13678
92 464 -13600
92 506 -1311
92 508 -11160
92 513 -11029
92 514 16604
92 521 6794
92 525 -2521
92 532 5140
92 616 4619
92 619 -4704
92 643 17091
92 648 14646
92 663 14520
92 736 -7986
92 748 2565
92 763 -14579
92 766 15792
92 790 -18330
92 802 13975
92 851 -18196
92 864 10733
92 905 14529
92 937 16829
92 1014 -4397
92 1017 8886
93 26 -18017
93 38 -16340
93 52 2736
93 84 -13038
93 93 -2402
93 96 -12602
93 100 -8491
93 201 -10790
93 202 3215
93 208 16460
93 251 -1851
93 314 -1600
93 390 15046
93 414 1717
93 448 -4202
93 456 -14519
93 459 18112
93 492 -7108
93 501 6685
93 502 4726
93 563 -2879
93 565 8360
93 570 -2971
93 611 -15857
93 647 17664
93 655 13089
93 699 -2007
93 725 -18362
93 755 -2771
93 784 -13508
93 856 -15177
93 928 -580
93 929 -13448
93 961 12781
93 971 10445
93 978 -534
93 1023 -8863
94 13 -17465
94 40 13180
94 57 5231
94 66 13116
94 69 2346
94 102 14836
94 114 -7854
94 124 2399
94 149 -6597
94 156 204
94 187 14773
94 209 5532
94 257 -11148
94 265 8672
94 301 1313
94 314 -11653
94 341 4618
94 366 -11026
94 373 2850
94 399 2598
94 401 -9117
94 415 -10368
94 420 -13614
94 467 4573
94 468 -5436
94 478 13383
94 482 11929
94 548 7531
94 565 -7336
94 568 -10238
94 587 -3894
94 598 -16281
94 628 6267
94 630 -1005
94 689 -14594
94 761 8876
94 778 552
94 878 -5738
94 897 18110
94 899 5806
94 900 8417
94 952 -1593
94 965 5903
94 986 -7951
94 1006 9478
94 1011 3910
94 1020 -12605
94 1022 -11788
95 4 -2532
95 81 -4229
95 118 18287
95 131 2641
95 153 7790
95 169 11453
95 172 -18650
95 212 5118
95 228 -7876
95 231 12350
95 293 -15483
95 297 -14629
95 306 13167
95 312 -5700
95 325 9639
95 335 -6599
95 407 -12216
95 418 -10061
95 421 -11334
95 443 -1413
95 483 16017
95 503 12741
95 522 2795
95 549 16775
95 551 -17925
95 553 13152
95 566 16865
95 637 -6378
95 647 3282
95 663 -17839
95 709 12235
95 734 17342
95 743 -3565
95 754 -14029
95 759 -10140
95 782 18704
95 827 17958
95 849 -6904
95 860 -14833
95 891 -840
95 900 -4360
95 915 -1882
95 921 10027
95 934 -11937
95 1001 1190
95 1015 -11907
95 1020 -5499
96 6 342
96 52 4859
96 95 -13228
96 189 4704
96 195 11213
96 197 -17306
96 207 -11197
96 302 -17429
96 361 -5687
96 363 -15389
96 368 -662
96 369 -4502
96 376 -14063
96 385 3249
96 421 -4580
96 449 17216
96 476 -18591
96 481 -15016
96 532 9510
96 540 16871
96 541 -16734
96 550 -6273
96 578 -16698
96 585 13276
96 616 -16108
96 617 -6584
96 689 13509
96 698 1643
96 771 10597
96 773 -2393
96 787 7463
96 802 -2869
96 841 -12165
96 861 13933
96 865 -4339
96 871 -9535
96 905 8961
96 913 11212
96 916 -5575
96 957 11251
96 1022 -10444
97 4 -8376
97 20 5225
97 70 -7249
97 77 -10007
97 117 7220
97 119 5246
97 120 10936
97 150 -5276
97 179 -12647
97 207 6003
97 227 17673
97 236 -12190
97 240 -1144
97 250 11873
97 254 12656
97 325 -16083
97 395 6821
97 405 -11276
97 428 -2372
97 529 -5107
97 535 9950
97 545 16893
97 565 1104
97 616 9392
97 632 -576
97 770 11490
97 797 -2489
97 824 -9813
97 825 5402
97 828 -8185
97 873 14554
97 943 17542
97 951 14402
97 980 8771
98 25 -4387
98 39 -9322
98 42 -11491
98 71 15500
98 90 16388
98 154 16939
98 181 -6106
98 187 10898
98 203 -709
98 220 -4196
98 221 9049
98 246 16357
98 262 -6807
98 263 -71
98 311 -11071
98 315 -7311
98 353 -13731
98 358 18239
98 369 -18580
98 373 -1401
98 402 7061
98 433 9883
98 491 8000
98 496 -10977
98 531 -15940
98 554 6383
98 556 -485
98 650 4596
98 670 -4800
98 684 -12803
98 706 -5451
98 713 16972
98 717 12135
98 739 8196
98 779 -2536
98 795 -7540
98 830 -7250
98 833 -12883
98 838 2313
98 858 -1703
98 865 -8013
98 874 -1231
98 878 -2194
98 932 16498
98 938 -856
98 980 -7556
98 990 -10302
98 1004 -17241
98 1007 12043
99 9 17348
99 10 -11626
99 16 -8034
99 43 15543
99 46 1778
99 77 -2858
99 82 16765
99 108 2959
99 131 -10898
99 148 -14762
99 159 -1182
99 174 14095
99 217 -9184
99 253 17217
99 261 12766
99 264 -12305
99 314 -17635
99 341 1441
99 378 17243
99 380 -12926
99 382 17603
99 385 -8136
99 408 -11618
99 443 454
99 445 18099
99 456 3090
99 467 -6244
99 474 -11986
99 499 -8581
99 526 11301
99 540 6874
99 573 -1898
99 655 -11533
99 685 -12830
99 738 11567
99 755 -11738
99 775 15263
99 814 -14286
99 825 3482
99 854 12250
99 928 16153
99 941 8979
99 956 -12122
99 962 15637
99 969 5635
99 970 3314
100 4 -13384
100 5 -12113
100 8 -12275
100 21 -12124
100 92 6931
100 116 7347
100 117 11436
100 151 2677
100 171 167
100 175 -8807
100 185 -2011
100 188 -7927
100 199 415
100 210 7273
100 220 -7849
100 229 4577
100 254 1324
100 282 -4569
100 288 18248
100 303 7213
100 306 11878
100 318 -6988
100 319 7490
100 324 15143
100 328 12556
100 344 -13736
100 388 -10206
100 408 -10765
100 425 496
100 440 -15180
100 501 9937
100 519 1630
100 524 10581
100 557 -10012
100 576 -4998
100 585 -4342
100 592 -17918
100 653 -5234
100 661 -5486
100 675 12400
100 701 -13355
100 705 11409
100 710 -466
100 744 -17365
100 755 11945
100 785 -8034
100 807 9678
100 895 -6447
100 920 4211
100 929 548
100 968 138
100 975 -15646
100 990 10911
100 1018 4842
101 54 -13565
101 61 8396
101 112 -8761
101 138 -408
101 145 -3511
101 158 8916
101 172 -11866
101 188 16681
101 214 -8501
101 245 1561
101 249 -3899
101 271 -3938
101 286 -15415
101 346 -3415
101 380 -10354
101 403 -167
101 406 -516
101 460 -14221
101 467 8628
101 471 14165
101 472 -11347
101 479 10002
101 540 -17316
101 543 17583
101 576 -18726
101 579 -17393
101 623 -14142
101 638 -18473
101 660 -16801
101 678 -8933
101 694 12596
101 701 -13200
101 766 17629
101 771 -14119
101 823 -617
101 897 7156
101 920 735
101 933 2355
101 995 -2359
102 7 -4260
102 18 -8076
102 28 -18652
102 51 -8895
102 71 -16756
102 73 5829
102 74 -6677
102 109 -12801
102 131 1538
102 160 18447
102 221 -7072
102 262 16891
102 313 -10745
102 344 12525
102 361 -13365
102 373 -7539
102 382 -9340
102 413 1057
102 435 -17341
102 441 1894
102 460 -165
102 476 -13237
102 487 11272
102 542 -6259
102 543 2311
102 548 7976
102 549 -13945
102 598 -6053
102 640 13789
102 660 2412
102 667 -15980
102 693 14986
102 694 251
102 709 -5958
102 715 -3676
102 730 15683
102 738 4564
102 743 2575
102 779 4515
102 780 -16546
102 810 -13432
102 811 -2941
102 826 -14547
102 852 3772
102 855 -170
102 903 -14304
102 906 10742
102 943 7191
102 966 -15663
102 977 -5021
102 978 2275
102 998 -17328
103 18 6588
103 23 12363
103 55 12642
103 148 10049
103 217 17022
103 228 2059
103 259 -13012
103 274 -2164
103 348 -9918
103 360 -7775
103 371 -208
103 398 13276
103 414 -7978
103 423 -12198
103 424 815
103 496 13185
103 537 672
103 545 -12835
103 546 -18519
103 569 2428
103 578 1211
103 595 11484
103 625 9010
103 653 -15810
103 690 -15048
103 710 9794
103 721 11933
103 723 4943
103 735 -15866
103 736 -10724
103 788 -16746
103 860 7120
103 876 -1675
103 894 12905
103 917 -280
103 932 7878
103 935 -17568
103 939 -8031
103 972 -7830
103 991 -2903
104 12 7689
104 41 -18298
104 42 -7127
104 53 7110
104 56 -16316
104 61 -9765
104 69 5718
104 93 -5995
104 95 -14002
104 109 -1621
104 113 14190
104 143 -5239
104 155 -3915
104 161 14826
104 223 -3865
104 248 -8643
104 253 12209
104 256 -11549
104 269 11359
104 287 12827
104 306 -5196
104 325 -17929
104 383 17375
104 482 8700
104 486 13881
104 487 18379
104 494 -4963
104 516 4788
104 578 16009
104 583 11418
104 624 -4141
104 642 9486
104 667 -8489
104 669 6487
104 687 -2573
104 727 5898
104 754 -10542
104 778 -15971
104 795 9684
104 815 -12728
104 834 5847
104 837 7660
104 865 15182
104 891 -6466
104 911 -2408
104 918 6549
104 926 13045
104 939 -6602
104 978 -16686
104 1023 -5735
105 60 -7196
105 70 7225
105 74 4488
105 92 -9336
105 114 -554
105 137 -8922
105 169 -17317
105 172 12612
105 217 -9652
105 225 -7227
105 229 15586
105 287 9348
105 339 -1783
105 366 -15531
105 379 -18243
105 410 -16195
105 447 -14387
105 459 6374
105 465 18325
105 480 15960
105 551 15174
105 552 -9997
105 555 16669
105 559 -16369
105 610 9800
105 616 6462
105 622 -15805
105 634 9884
105 672 15588
105 675 -2469
105 676 6279
105 693 -3463
105 723 -12064
105 731 -11724
105 781 -8191
105 782 561
105 783 -18586
105 789 -18751
105 799 1250
105 812 11455
105 823 16974
105 831 -682
105 852 15309
105 866 -437
105 932 2418
105 933 -807
105 963 -5204
105 966 -14145
105 979 -16864
105 982 -17259
105 992 -15132
105 1005 10582
105 1015 -6392
105 1022 9811
106 11 5191
106 28 -7815
106 41 -1727
106 60 2752
106 62 -1796
106 132 4945
106 148 11877
106 149 -1776
106 172 -2727
106 180 16320
106 186 1911
106 196 -12586
106 217 14348
106 218 -7295
106 224 9844
106 241 5134
106 257 919
106 266 -13303
106 301 -7864
106 323 16664
106 331 2348
106 348 15242
106 363 10885
106 481 12633
106 491 7193
106 532 8024
106 585 -6898
106 589 -9246
106 636 13128
106 654 7964
106 685 -17735
106 702 -14075
106 708 12843
106 742 -18092
106 745 16868
106 854 -8961
106 857 -13839
106 905 -5570
106 928 597
106 947 5684
106 991 -621
107 33 -14076
107 56 -2560
107 74 12067
107 80 -4404
107 119 -16686
107 135 -14651
107 167 -3187
107 191 -8012
107 221 16985
107 229 -14885
107 235 14567
107 264 3114
107 280 -7429
107 331 16899
107 336 -3113
107 363 -5878
107 378 -11132
107 411 11272
107 437 16763
107 457 -15799
107 475 -15254
107 480 11286
107 484 14060
107 491 -5520
107 520 -8753
107 542 7277
107 596 -2707
107 638 -10270
107 646 6539
107 690 -8982
107 712 7289
107 760 2041
107 768 -3082
107 777 3592
107 783 -13764
107 810 15297
107 844 -6457
107 857 -18470
107 858 -10725
107 874 -3073
107 908 -7352
107 914 12685
107 935 8431
107 936 -293
107 938 14045
107 984 -9540
107 989 -9346
107 1009 -4622
107 1017 -2744
108 22 9196
108 28 17737
108 55 13325
108 73 -17902
108 94 7576
108 141 -224
108 178 16489
108 188 -7813
108 202 -17849
108 209 2650
108 229 6317
108 271 -2537
108 278 11228
108 287 -8026
108 359 11056
108 364 -18627
108 383 -5265
108 390 10252
108 395 213
108 406 2772
108 420 14294
108 454 5884
108 487 325
108 500 3521
108 501 -3414
108 502 6326
108 512 -8625
108 528 -3578
108 534 -5305
108 536 -8066
108 561 -17140
108 592 -123
108 625 8425
108 644 -464
108 657 -11014
108 685 -14351
108 692 -1209
108 697 3881
108 707 4249
108 715 -15538
108 726 4140
108 738 -3858
108 747 8032
108 770 -17960
108 778 -3660
108 795 -7201
108 799 -4293
108 800 -11142
108 801 -5083
108 805 15493
108 831 -7955
108 832 16226
108 857 -7049
108 872 12430
108 907 -2020
108 915 -2947
108 992 7862
108 997 -9899
108 1023 6090
109 23 3856
109 49 7275
109 61 7406
109 93 -6736
109 95 14272
109 104 6322
109 114 10471
109 157 -11057
109 178 13844
109 216 -749
109 252 17194
109 273 -15238
109 274 8256
109 280 -15588
109 298 -4443
109 299 -12513
109 347 1241
109 391 -11964
109 469 13897
109 493 -2490
109 504 -5823
109 510 8487
109 514 -15134
109 535 18255
109 549 13714
109 550 4486
109 606 -13071
109 608 2515
109 609 -18615
109 616 -1376
109 662 13404
109 684 -2084
109 686 -13735
109 692 -15351
109 695 -6640
109 711 3776
109 735 -10891
109 738 -3923
109 782 8395
109 830 6492
109 850 16359
109 877 -18292
109 956 -16749
109 962 -12926
109 963 8130
109 966 -5479
109 988 -5274
110 1 3666
110 20 -12098
110 25 12490
110 64 11390
110 75 4188
110 128 -17818
110 151 -9396
110 176 1690
110 189 17833
110 201 -18260
110 229 -4142
110 233 -11420
110 237 1532
110 248 -13401
110 261 -4481
110 351 -10464
110 352 -211
110 353 -1463
110 383 12346
110 414 255
110 460 -10820
110 505 -12077
110 542 -9578
110 587 -8787
110 599 -6946
110 626 16815
110 639 12492
110 653 2451
110 654 8674
110 667 -16760
110 689 8887
110 707 -16816
110 714 -16443
110 721 -17255
110 742 -3047
110 753 -4320
110 761 17458
110 765 -2941
110 785 -18388
110 807 -16227
110 848 -17093
110 856 7266
110 892 -3381
110 908 -225
110 920 5487
110 946 -1619
110 956 690
110 962 -9394
111 29 1396
111 73 11213
111 82 7995
111 89 -8987
111 101 9463
111 108 -8212
111 121 11197
111 181 -8112
111 227 -17457
111 256 -1552
111 265 -5226
111 318 15713
111 323 -8899
111 344 -16535
111 348 -5866
111 360 -16212
111 365 -4676
111 367 -2824
111 385 4523
111 398 2129
111 482 -9684
111 504 14465
111 515 13880
111 525 -16931
111 532 -15369
111 533 7521
111 555 18574
111 558 3875
111 577 183
111 600 -17694
111 606 15899
111 611 -5871
111 642 6070
111 649 -1424
111 672 -15429
111 691 5853
111 717 18041
111 771 17558
111 779 -8396
111 790 6143
111 795 4972
111 815 11438
111 822 -13829
111 827 16240
111 876 -11786
111 878 4511
111 889 -15237
111 896 3372
111 926 -3344
111 936 -14861
111 943 -16857
111 985 -6884
111 987 8969
111 1004 -14739
112 10 -5432
112 21 -2075
112 30 4550
112 42 -16781
112 44 10378
112 48 -13796
112 83 -8492
112 121 10981
112 142 -15014
112 144 -9012
112 154 12028
112 217 225
112 270 -18469
112 311 12167
112 323 -1337
112 327 15139
112 354 18190
112 406 17969
112 436 -13325
112 468 18238
112 477 7897
112 494 5623
112 496 9667
112 500 -7733
112 644 6798
112 662 7557
112 665 -512
112 747 6804
112 763 -5624
112 819 -458
112 831 -15009
112 864 -15215
112 874 -17080
112 898 -7772
112 909 1176
112 915 -2383
112 921 7287
112 1001 -14581
112 1013 -1193
112 1020 -18313
113 6 6203
113 41 -13402
113 89 11148
113 130 -12530
113 157 -17460
113 163 -3238
113 215 -13841
113 219 13248
113 234 -8214
113 267 -5210
113 276 14056
113 286 -6097
113 321 -4980
113 325 1523
113 327 10005
113 332 2854
113 335 2499
113 344 -12911
113 348 -7439
113 359 -10836
113 360 -1858
113 362 -6319
113 395 -2148
113 467 4009
113 473 4265
113 485 -15438
113 498 -3076
113 523 2077
113 540 -10599
113 546 -6776
113 550 11403
113 568 12423
113 641 -4069
113 665 7902
113 671 12618
113 686 5904
113 706 -16240
113 718 -13932
113 719 -12624
113 749 -13364
113 762 -15972
113 796 13806
113 797 7198
113 805 16742
113 831 -17376
113 846 741
113 875 4952
113 915 9298
113 918 18367
113 932 5618
113 947 13450
113 952 -13627
113 993 4890
113 1000 -5618
113 1006 13023
114 20 4840
114 24 12413
114 30 4064
114 34 12056
114 65 13986
114 136 -14555
114 161 10454
114 184 -83
114 233 -3702
114 250 3182
114 258 6687
114 268 17174
114 276 -985
114 278 -14546
114 362 -4085
114 370 7260
114 379 368
114 384 7289
114 414 -9763
114 417 -16129
114 419 -5929
114 442 6645
114 450 3926
114 463 15769
114 467 -3693
114 518 -9536
114 530 6916
114 534 -12584
114 541 -15260
114 556 12538
114 640 6267
114 648 -6693
114 674 -8710
114 679 -12507
114 686 -3158
114 696 7293
114 741 7737
114 749 -3840
114 750 -10955
114 753 -18461
114 768 9614
114 804 -12164
114 893 14147
114 899 4717
114 907 17743
114 924 -16265
114 927 -5477
114 966 8050
114 972 -7397
114 988 6678
114 1022 -10726
115 10 -10154
115 13 3422
115 23 17594
115 91 13712
115 112 7833
115 127 8196
115 129 -10217
115 133 -9983
115 137 9437
115 159 18453
115 191 -368
115 198 17977
115 236 -1562
115 265 17398
115 278 10071
115 309 -3111
115 316 -2949
115 351 14906
115 359 -4766
115 394 16620
115 406 -11554
115 426 18362
115 445 -67
115 447 -12059
115 458 -5803
115 468 15799
115 565 -15290
115 566 -17678
115 601 -10270
115 635 -18301
115 645 -8936
115 705 -13971
115 718 -153
115 767 -17002
115 787 17005
115 807 -9717
115 842 -18033
115 888 7244
115 897 9147
115 950 -16915
115 953 16635
115 976 -9392
115 1004 2022
116 21 -17158
116 54 18528
116 100 -7158
116 138 -40
116 170 16174
116 248 18529
116 257 -11086
116 273 6169
116 275 -5322
116 342 13229
116 343 13330
116 415 -8793
116 432 3651
116 462 -7403
116 467 -16786
116 475 -6422
116 509 30
116 519 13504
116 527 -6547
116 542 4301
116 581 18217
116 612 2362
116 663 -14993
116 680 -8420
116 702 -18095
116 708 5855
116 717 2911
116 760 13609
116 767 -14014
116 774 -4603
116 783 -16411
116 799 -9781
116 804 -7562
116 811 5176
116 828 10161
116 838 6694
116 851 12859
116 857 18575
116 859 3286
116 877 16626
116 892 -15291
116 921 -15447
116 1004 14490
117 1 -16419
117 8 12566
117 19 -3473
117 28 14849
117 144 -18369
117 169 14232
117 174 4492
117 179 1917
117 199 17196
117 219 2274
117 236 9316
117 252 -13806
117 277 -2754
117 282 4916
117 312 1993
117 323 -16833
117 332 -9582
117 334 -3628
117 344 -1084
117 365 5330
117 383 -3663
117 386 -11629
117 410 2030
117 417 15471
117 444 -147
117 471 17832
117 475 -1293
117 477 -18327
117 487 -5412
117 529 -15604
117 533 7718
117 564 16145
117 585 -1030
117 601 -11743
117 643 17832
117 656 -18588
117 667 14838
117 684 -17900
117 707 6287
117 718 -1761
117 728 9121
117 747 7911
117 748 -11746
117 763 -4449
117 772 -11751
117 782 5307
117 883 343
117 892 -3268
117 896 8482
117 917 -15088
117 918 7704
117 923 2754
117 968 -1345
117 993 13601
117 1013 -13791
117 1018 -6929
118 14 -12094
118 18 -14226
118 27 -5411
118 32 12824
118 37 -11444
118 38 13551
118 67 16001
118 99 -16300
118 112 11884
118 121 17793
118 126 -16223
118 140 -2946
118 145 8982
118 215 10187
118 239 -12673
118 243 15300
118 248 8099
118 255 5008
118 260 6412
118 262 -1388
118 265 3231
118 267 -17714
118 268 9739
118 282 15680
118 311 12023
118 327 12096
118 345 -8961
118 350 -7637
118 363 9485
118 393 -13505
118 399 7105
118 403 -15519
118 439 -16146
118 445 1255
118 471 -12496
118 474 1800
118 475 7372
118 480 -18459
118 485 -14467
118 486 -9971
118 494 4008
118 546 13314
118 552 10476
118 582 -5915
118 585 -10652
118 586 12632
118 601 -388
118 607 11926
118 618 -298
118 639 -10513
118 666 -12019
118 680 -3373
118 694 -16851
118 716 4041
118 727 -6460
118 731 -6659
118 750 -3165
118 784 -5128
118 792 6703
118 858 11108
118 925 -9970
118 965 -4567
119 7 -17143
119 29 -761
119 53 14249
119 58 -6032
119 71 -14992
119 78 10174
119 86 -4694
119 186 -3550
119 202 2835
119 222 -8847
119 224 -11082
119 225 320
119 234 4119
119 269 5856
119 310 13591
119 335 18296
119 343 15778
119 371 13157
119 372 -11944
119 397 14306
119 428 -693
119 551 1358
119 558 2494
119 575 -11734
119 609 9109
119 654 -1855
119 669 -6073
119 671 -15504
119 681 13538
119 699 -14817
119 705 6509
119 709 4731
119 751 -10803
119 757 -6177
119 761 8817
119 780 -18581
119 784 -1763
119 791 13514
119 800 15763
119 830 9074
119 833 16594
119 835 10166
119 874 6435
119 911 4787
119 912 -18745
119 991 2834
119 1000 8174
119 1019 15100
120 11 -7352
120 75 -7407
120 123 4807
120 197 6565
120 212 -10710
120 251 1717
120 275 -18037
120 285 -15204
120 300 -14145
120 347 -6594
120 372 -1531
120 375 -13322
120 437 14366
120 446 -11484
120 457 -3452
120 480 5047
120 532 1919
120 551 12834
120 555 9473
120 586 -13245
120 606 -1882
120 617 13352
120 621 7500
120 675 -15164
120 753 -9799
120 765 8840
120 768 -3714
120 782 -7685
120 783 13959
120 805 -5503
120 826 -6203
120 830 14598
120 844 14563
120 850 -5851
120 856 -9028
120 905 -12815
120 942 814
120 947 14775
120 963 -17644
120 988 599
120 989 -18513
120 1000 5650
121 19 -8194
121 27 -4579
121 34 -116
121 69 -13888
121 87 17577
121 120 4955
121 160 -7826
121 200 4863
121 261 -1651
121 266 15855
121 275 -9561
121 354 -6868
121 357 -1334
121 379 7655
121 389 6975
121 392 1661
121 438 -15656
121 456 -13463
121 473 5947
121 499 -16096
121 508 -10930
121 511 -2479
121 519 -16522
121 522 -13957
121 543 -11049
121 559 -7295
121 573 -11782
121 628 1713
121 641 -1556
121 646 5611
121 675 16751
121 695 8561
121 710 15661
121 725 -18248
121 728 13515
121 733 -12812
121 753 -10517
121 783 14196
121 792 -11738
121 823 5075
121 877 -1602
121 888 -3270
121 895 -3293
121 914 -15735
121 948 2318
121 976 11347
121 1013 -12851
122 63 12955
122 71 7006
122 122 -10729
122 129 -5148
122 194 16173
122 212 -11737
122 241 6484
122 250 -1457
122 372 -1783
122 384 -16336
122 390 740
122 392 17960
122 439 13313
122 451 18676
122 479 -9856
122 519 7589
122 521 14523
122 571 11297
122 574 11202
122 598 -4147
122 603 676
122 617 15715
122 622 -4308
122 642 3353
122 653 -13101
122 656 -17165
122 687 -11575
122 694 -4410
122 731 11343
122 756 12994
122 766 -10053
122 771 3364
122 798 7577
122 859 8772
122 881 -15112
122 951 6423
122 955 10488
122 976 2140
122 1014 4888
123 11 15253
123 13 4074
123 36 17141
123 54 -5845
123 168 18581
123 175 261
123 183 11966
123 197 -14446
123 199 -11005
123 210 15321
123 211 -7579
123 213 6066
123 221 -6597
123 234 -5542
123 238 -15279
123 247 -10074
123 305 -5440
123 314 -6808
123 320 12823
123 326 -695
123 344 2062
123 384 -4998
123 391 9690
123 419 -13419
123 423 6823
123 441 14804
123 488 2483
123 502 16257
123 535 17703
123 537 -16811
123 539 9557
123 559 -13314
123 620 -3829
123 622 -9291
123 634 -16858
123 645 -10046
123 650 12621
123 663 -4820
123 676 661
123 701 -8094
123 707 10750
123 720 -13096
123 760 -3351
123 772 11969
123 791 -17100
123 805 -6375
123 827 -2391
123 860 -14252
123 921 -17728
123 922 -10539
123 929 -5159
123 983 13098
123 1018 -2166
123 1020 -7837
124 10 1947
124 36 11326
124 140 -5807
124 143 2549
124 193 7431
124 204 4844
124 206 -4824
124 208 1059
124 216 16113
124 217 1904
124 229 -3099
124 249 -10581
124 262 1349
124 263 17223
124 269 -1536
124 274 2709
124 277 13450
124 308 -15079
124 342 -5879
124 366 -9573
124 369 2958
124 392 11426
124 397 -6039
124 433 -4682
124 452 -18706
124 468 13777
124 470 2763
124 478 -11082
124 489 -4178
124 530 -17522
124 539 -1754
124 567 -14688
124 570 15133
124 594 -4083
124 613 -8604
124 669 -16107
124 694 9524
124 706 16486
124 724 -8924
124 729 15809
124 753 -14805
124 803 1927
124 836 5629
124 839 -18345
124 841 9700
124 844 -15001
124 916 -17322
124 929 -5925
124 932 -4401
124 943 -18503
124 967 16720
124 987 -9346
124 994 -703
124 1003 -17262
125 12 7489
125 27 16354
125 38 9488
125 39 -17139
125 71 7796
125 78 18690
125 91 6410
125 99 -5280
125 101 -1628
125 118 12767
125 140 14250
125 158 17342
125 162 4757
125 177 -17917
125 179 3794
125 182 -7144
125 188 -3817
125 205 1323
125 255 9025
125 263 16738
125 293 11966
125 301 17393
125 315 8979
125 323 11055
125 333 12053
125 356 6818
125 360 1163
125 369 7892
125 381 17885
125 410 -2683
125 443 14355
125 456 4991
125 461 17035
125 490 275
125 507 12630
125 543 6824
125 575 -8554
125 590 12565
125 591 14642
125 642 -654
125 653 -15761
125 658 6276
125 680 17436
125 728 -16207
125 777 -16186
125 821 -14669
125 823 15717
125 833 -12341
125 844 -1300
125 877 -4439
125 881 2174
125 898 17220
125 952 5824
125 957 8649
125 962 -12940
125 968 -17854
125 990 11124
125 1005 -15638
126 7 17639
126 19 6320
126 43 -5944
126 67 -9031
126 69 6501
126 149 -10158
126 164 -1208
126 166 10133
126 170 -5692
126 175 -18059
126 180 1745
126 217 12349
126 243 -2982
126 274 679
126 291 17407
126 330 -14029
126 391 -18747
126 433 15101
126 440 -7533
126 470 -18338
126 484 -13714
126 509 15772
126 518 4815
126 539 14354
126 562 10857
126 572 9524
126 596 8790
126 599 -12189
126 615 1830
126 627 1304
126 628 -17483
126 649 -3829
126 653 -13530
126 694 10898
126 695 2550
126 719 -12988
126 773 -5489
126 828 14814
126 847 -2346
126 862 9888
126 879 5946
126 890 -10669
126 909 -2527
126 920 -12066
126 942 -12112
126 953 1557
126 954 4904
126 979 -18494
126 987 -2848
126 991 -12717
126 1000 17216
127 28 12468
127 58 -14151
127 83 17038
127 108 -671
127 120 -14470
127 126 -12737
127 138 -7689
127 146 10177
127 166 -2509
127 173 -7594
127 183 14330
127 184 2185
127 203 9089
127 204 16852
127 208 9188
127 222 9068
127 240 4799
127 250 -18659
127 251 -15846
127 257 -984
127 265 1911
127 272 13071
127 274 7403
127 283 4692
127 289 -7007
127 310 2773
127 317 5466
127 327 11448
127 329 -8705
127 358 6079
127 361 -9549
127 370 15873
127 408 7792
127 417 -8118
127 420 5328
127 422 2859
127 477 -9441
127 488 7215
127 494 -18655
127 495 16127
127 513 -2591
127 515 5225
127 518 -1861
127 523 -6631
127 532 -7648
127 538 10180
127 543 15220
127 552 -5696
127 566 -12150
127 580 -2118
127 588 -1324
127 596 -15181
127 600 7216
127 608 -5223
127 615 17876
127 625 2370
127 716 18331
127 730 -16286
127 765 17702
127 822 -15657
127 823 -5477
127 845 7345
127 897 -13538
127 913 -15104
127 917 17334
127 921 4115
127 939 -11197
127 951 7797
127 971 14237
127 977 8505
127 1016 5950
127 1022 6329
128 2 11161
128 15 -3652
128 29 2056
128 62 14076
128 63 18146
128 76 -5440
128 149 -5756
128 152 6268
128 161 10439
128 201 11744
128 296 -12773
128 304 2646
128 320 8317
128 326 -3494
128 329 -4399
128 330 -3445
128 341 -1797
128 372 -17126
128 381 -12018
128 383 11273
128 398 -8799
128 407 -8537
128 413 -13913
128 433 -6051
128 441 2451
128 449 18397
128 480 10557
128 512 16763
128 535 15458
128 542 -3192
128 545 5443
128 626 -15990
128 633 12576
128 657 -15825
128 658 -5200
128 676 18564
128 738 -1378
128 753 -3418
128 792 -7877
128 795 14671
128 809 15429
128 819 15526
128 837 -1470
128 842 9038
128 847 18213
128 852 14175
128 860 -17573
128 909 3679
128 938 6004
128 941 -6168
128 989 7786
128 996 -17311
129 23 8174
129 34 -1113
129 46 -15522
129 115 11253
129 116 12941
129 132 4720
129 133 -16639
129 196 -17937
129 214 13538
129 234 5891
129 238 5254
129 243 -8683
129 252 1609
129 261 -10656
129 274 -13471
129 277 16330
129 278 -10358
129 284 -7596
129 286 3332
129 289 -3243
129 306 -14056
129 313 15240
129 318 2456
129 355 1790
129 376 12132
129 379 5753
129 408 -14756
129 443 -15235
129 453 2036
129 475 9375
129 477 657
129 488 7612
129 524 -15959
129 553 3639
129 590 -12
129 596 10863
129 602 14528
129 604 16364
129 627 -17214
129 652 2391
129 657 9915
129 662 -11934
129 669 14390
129 677 12054
129 678 -12946
129 753 16523
129 793 6743
129 796 -12089
129 815 15003
129 830 6817
129 834 -15460
129 842 -13677
129 845 10098
129 849 5311
129 929 -14104
129 930 10809
129 963 -10167
129 967 15142
129 969 -9483
129 988 -6308
129 997 -5402
130 17 4270
130 55 -7468
130 79 -10824
130 99 11757
130 135 -16346
130 138 1277
130 162 -9849
130 170 15097
130 171 1091
130 185 1981
130 206 6312
130 235 -12022
130 242 -612
130 283 17418
130 297 -17739
130 311 -17311
130 313 10848
130 315 -5439
130 361 2995
130 393 1626
130 405 -12091
130 424 -12046
130 440 2236
130 457 -16
130 538 -2129
130 581 -3631
130 583 5238
130 591 18057
130 613 -259
130 627 -12492
130 633 7528
130 649 -17190
130 650 -8489
130 662 -1385
130 669 -4567
130 685 -5668
130 686 3003
130 691 6323
130 746 7102
130 759 -7831
130 769 11839
130 821 -8942
130 850 8959
130 887 -15032
130 912 -10531
130 913 -3012
130 914 6012
130 948 -4067
130 974 13792
130 977 -18147
130 995 6397
130 996 -9906
130 1023 10321
131 29 -13234
131 32 -18664
131 37 -4866
131 46 -7090
131 74 9726
131 76 932
131 91 -6272
131 112 -6038
131 131 16340
131 134 12564
131 148 -10270
131 154 4258
131 155 -8140
131 158 3103
131 160 40
131 181 -11337
131 200 -6558
131 207 7791
131 233 -1486
131 287 10303
131 303 6305
131 338 -10536
131 340 11690
131 347 -9632
131 351 -14608
131 395 8366
131 416 -15358
131 439 -12786
131 483 17301
131 485 12544
131 512 5921
131 523 52
131 524 7059
131 580 -6874
131 627 -3761
131 636 6937
131 667 18103
131 678 -11692
131 772 15800
131 793 6055
131 836 17745
131 856 -6144
131 860 -856
131 878 -2645
131 879 -6338
131 903 17106
131 906 -10209
131 912 -3286
131 945 -1333
131 955 -5286
131 959 10117
131 971 3553
131 987 -17691
131 1016 18078
132 0 3082
132 8 -6619
132 16 -4781
132 19 -2656
132 49 14065
132 70 5357
132 71 5461
132 78 -13263
132 91 -6019
132 95 1027
132 98 -11241
132 111 -12896
132 121 13297
132 176 -3263
132 179 540
132 197 -17718
132 237 6565
132 261 16070
132 312 8113
132 319 -1605
132 332 -12796
132 336 -4737
132 340 13971
132 347 5670
132 379 763
132 428 -10217
132 431 -10355
132 440 -5703
132 441 -7572
132 453 5738
132 488 -2586
132 511 -9294
132 521 6855
132 522 -12221
132 530 11834
132 537 6499
132 558 11180
132 580 15266
132 598 -10632
132 602 1209
132 635 -2175
132 662 2142
132 665 -17791
132 695 10833
132 702 -8352
132 718 18153
132 731 12578
132 806 4517
132 837 18616
132 885 -552
132 892 1371
132 894 6967
132 898 -12072
132 905 -6362
132 939 -12738
132 965 -17548
132 966 15736
132 969 -3700
132 1008 3637
133 11 -9979
133 37 -1216
133 47 -16323
133 69 16354
133 74 -15358
133 113 -8647
133 115 10246
133 147 -16841
133 149 5860
133 219 17303
133 251 8215
133 252 -5134
133 258 -16000
133 278 14180
133 289 -5642
133 290 3495
133 294 8593
133 334 -10199
133 360 7776
133 367 15332
133 392 16506
133 408 2278
133 436 -3938
133 458 -17141
133 479 -11765
133 486 -17187
133 524 2581
133 550 -4735
133 554 -18495
133 576 17578
133 584 -11513
133 587 -6574
133 609 -6107
133 686 11345
133 703 17645
133 753 -17705
133 822 16020
133 842 -8871
133 860 -14463
133 875 -3609
133 879 -11712
133 896 9082
133 922 16728
133 957 11580
133 962 13680
133 982 -578
133 984 -15529
133 987 -7951
133 1017 -8858
134 15 -5240
134 28 17731
134 44 -9704
134 60 4876
134 64 -18612
134 98 652
134 110 -7632
134 160 16247
134 166 -13444
134 169 4772
134 254 -16463
134 260 14841
134 282 -7372
134 284 17395
134 288 7753
134 367 -7693
134 377 -9128
134 386 18103
134 423 -172
134 427 5351
134 432 13478
134 463 -6215
134 506 -8834
134 556 5155
134 592 18538
134 594 352
134 614 -6727
134 618 17786
134 664 2623
134 697 15426
134 712 -2832
134 728 16068
134 759 -4650
134 776 16258
134 804 -5278
134 836 15696
134 849 -3575
134 861 -7806
134 875 7323
134 900 -8127
134 909 -5059
134 938 9772
134 955 15986
134 959 13132
134 1012 -5968
134 1014 -9336
135 11 3960
135 34 6738
135 35 -18088
135 41 4180
135 85 -14084
135 86 -16891
135 106 6985
135 111 -17359
135 143 -152
135 169 14660
135 171 -15682
135 176 -14300
135 204 2686
135 207 -18594
135 215 -2601
135 248 -13230
135 341 -4222
135 348 16669
135 357 -1989
135 377 -18633
135 384 16023
135 395 -2893
135 417 5532
135 453 -10073
135 462 -6693
135 490 5803
135 494 -4499
135 496 16506
135 497 2726
135 520 3928
135 525 109
135 601 15049
135 604 8014
135 654 -14805
135 670 -1163
135 676 11154
135 684 7541
135 690 2775
135 698 18018
135 714 4561
135 746 13576
135 755 -1377
135 760 10779
135 798 552
135 821 -7098
135 851 -13204
135 887 17268
135 956 -9240
135 960 -18048
135 994 -7836
135 999 -16265
135 1007 9796
136 60 -14018
136 74 -17599
136 118 786
136 152 -4429
136 172 -5028
136 260 2047
136 266 10091
136 304 -8001
136 310 2940
136 346 -4635
136 361 -17211
136 418 -1222
136 420 11944
136 428 1193
136 436 8468
136 484 -9218
136 517 -11060
136 525 -1776
136 537 -7782
136 543 9783
136 550 7603
136 576 -10469
136 580 -5356
136 590 9855
136 602 -12296
136 604 -13988
136 610 -955
136 615 12218
136 676 -12501
136 700 -18789
136 729 8621
136 749 -2487
136 756 -14867
136 768 -6330
136 770 -11322
136 851 -8970
136 857 4290
136 865 -6186
136 883 14609
136 885 -1046
136 888 8488
136 898 -5047
136 961 -6411
136 981 5037
136 984 13749
136 997 -12145
136 1013 4594
137 70 -17899
137 74 -14036
137 113 -3969
137 162 -16414
137 182 12179
137 193 -17579
137 194 -1764
137 259 -9841
137 276 -16452
137 280 -17029
137 294 11465
137 309 -12481
137 331 -11201
137 353 18388
137 408 2647
137 424 -14200
137 452 6050
137 454 5932
137 456 7305
137 469 -10783
137 501 3815
137 525 -2835
137 535 -3470
137 572 -10427
137 613 13591
137 615 12333
137 645 -12076
137 671 -6743
137 689 -461
137 722 1366
137 724 -858
137 763 15005
137 788 -15969
137 848 -15973
137 863 -16927
137 975 10175
137 1003 17216
137 1004 2642
137 1005 14879
138 12 1468
138 41 -4552
138 54 -18034
138 72 -16353
138 111 -2112
138 118 -2615
138 179 -11595
138 182 376
138 192 -1886
138 217 14323
138 329 -14720
138 345 12889
138 364 12323
138 381 -10351
138 401 3261
138 404 -6270
138 427 -17612
138 439 -3574
138 440 -9480
138 444 18369
138 474 3002
138 478 7334
138 488 -13411
138 503 -10320
138 506 -13068
138 518 -6846
138 527 -15297
138 545 -6604
138 578 -7158
138 579 -6362
138 593 10205
138 615 3113
138 622 -14554
138 641 -12120
138 661 17785
138 668 15168
138 670 9891
138 703 3394
138 708 16485
138 742 -2265
138 745 14377
138 764 15220
138 771 -744
138 781 13762
138 783 -10371
138 784 -11297
138 792 -691
138 796 15404
138 815 9291
138 944 -12661
138 982 13698
138 1010 9730
138 1021 5715
138 1022 15184
139 5 -11413
139 7 14920
139 13 14913
139 14 18266
139 18 -14561
139 27 2315
139 39 1493
139 46 -2857
139 50 3350
139 61 7944
139 70 9764
139 81 -18617
139 147 -4884
139 163 4438
139 182 -8868
139 233 10521
139 234 -5684
139 326 16008
139 336 -9086
139 388 -6369
139 394 4671
139 414 -3790
139 424 -738
139 426 -966
139 446 -18779
139 461 -4804
139 464 -781
139 481 -4608
139 493 -1607
139 504 7085
139 510 1597
139 511 -5784
139 517 779
139 585 -5902
139 595 5788
139 623 -1452
139 625 -4500
139 628 -7053
139 651 -9237
139 668 10141
139 671 7030
139 676 -5016
139 780 -15042
139 804 -12741
139 829 -10472
139 832 15290
139 849 4806
139 857 -2801
139 859 -11546
139 873 -6250
139 902 7444
139 913 -9499
139 933 18526
139 941 2474
139 997 16988
139 1010 -937
140 2 13987
140 10 -18101
140 39 11113
140 64 -8120
140 76 -7188
140 87 17125
140 123 -2921
140 132 6992
140 137 6193
140 144 9977
140 151 -17168
140 160 5995
140 169 8848
140 174 -17191
140 189 -16561
140 196 -2470
140 197 -5317
140 215 9548
140 235 -12959
140 317 -17286
140 325 3304
140 328 14566
140 367 1181
140 376 -6869
140 380 15412
140 385 -7414
140 410 -17836
140 430 12214
140 457 15756
140 459 10089
140 476 -15805
140 493 -3094
140 518 15190
140 539 6511
140 557 10549
140 572 12331
140 609 16129
140 625 -758
140 647 -14390
140 727 -16973
140 735 7012
140 736 6464
140 739 -8591
140 752 16396
140 760 2651
140 774 -5097
140 793 18736
140 800 4728
140 815 15790
140 824 -5461
140 829 -13164
140 830 10239
140 836 7655
140 846 15198
140 898 4513
140 913 -15295
140 945 -720
140 948 12746
140 957 -3789
140 963 -13683
140 1015 -104
140 1018 -14622
141 2 2574
141 9 7081
141 33 11031
141 39 8874
141 46 -14333
141 53 -15722
141 80 13796
141 95 -8550
141 127 14383
141 143 -2629
141 144 5025
141 145 13415
141 172 9885
141 190 -8697
141 277 9950
141 307 10268
141 324 8581
141 334 -9521
141 360 3573
141 365 -1384
141 380 2390
141 394 8934
141 438 4155
141 450 -8871
141 458 -8407
141 548 -7085
141 569 -17460
141 581 18260
141 604 340
141 612 -16076
141 614 8446
141 659 3081
141 679 5713
141 745 4811
141 788 -605
141 799 14815
141 800 -5704
141 857 -2713
141 864 -18134
141 868 1816
141 870 -15388
141 891 10035
141 915 -16042
141 920 862
141 946 -17577
141 972 4229
141 984 7267
141 1004 -831
141 1019 4288
142 20 8706
142 64 4401
142 67 -2867
142 69 5363
142 121 13938
142 125 -989
142 140 -13713
142 158 11346
142 215 -5192
142 232 -17207
142 245 -14708
142 250 -5920
142 300 -9769
142 303 -1227
142 329 -13485
142 337 -2176
142 359 3726
142 367 -2712
142 379 1347
142 394 -7674
142 403 17424
142 413 -11704
142 425 5615
142 444 441
142 458 12048
142 492 3938
142 493 3297
142 508 15539
142 549 -9756
142 557 -6137
142 587 4699
142 591 5934
142 594 -7516
142 622 11758
142 644 -13332
142 677 -125
142 678 -3517
142 691 -16397
142 804 12170
142 812 -13540
142 842 -13676
142 844 1800
142 867 17808
142 905 -18599
142 911 -4501
142 937 13559
142 983 -1544
143 0 9536
143 4 2190
143 38 -15491
143 39 5227
143 52 -6447
143 92 -18645
143 160 14527
143 171 5521
143 172 -14770
143 190 -12320
143 203 5830
143 220 1598
143 233 15605
143 240 12579
143 265 -12328
143 277 12139
143 288 10829
143 301 -15306
143 308 6243
143 368 -1188
143 390 4772
143 398 2643
143 416 6387
143 426 18644
143 432 -982
143 476 -5750
143 477 -10346
143 489 216
143 531 -14871
143 544 10778
143 593 -10691
143 631 8264
143 640 -232
143 687 -5149
143 721 -8228
143 741 -8890
143 823 -14250
143 831 13817
143 832 6617
143 930 -7402
143 974 -2710
143 982 3737
143 984 13451
143 1007 -10023
143 1023 -11869
144 51 -8712
144 85 14682
144 90 18175
144 108 -11295
144 112 3908
144 133 -18116
144 155 -7253
144 165 -263
144 173 171
144 174 18584
144 217 4554
144 243 -4408
144 251 -6444
144 255 -18333
144 258 -8475
144 259 2798
144 288 14456
144 302 -14837
144 307 -7393
144 349 17001
144 366 -11672
144 383 2356
144 393 -763
144 419 17363
144 441 -14399
144 456 14170
144 483 15398
144 517 6766
144 525 8432
144 577 13879
144 599 -10273
144 602 -11915
144 603 -792
144 645 15250
144 663 13295
144 672 -10477
144 702 -16591
144 719 4046
144 735 -6166
144 752 -2577
144 779 18757
144 814 -13446
144 815 -651
144 884 2138
144 905 7814
144 907 -13443
144 917 -8187
144 937 -10629
145 22 -3595
145 28 11583
145 41 -18583
145 69 -16332
145 80 13953
145 108 -144
145 168 -12982
145 170 -4950
145 178 -16039
145 190 -14355
145 217 -16665
145 247 8418
145 265 -4563
145 271 -17142
145 276 9250
145 319 -14017
145 361 7439
145 393 12823
145 394 12856
145 404 18065
145 409 -2170
145 411 -1123
145 440 -4923
145 475 3863
145 480 -10059
145 493 -18345
145 514 -470
145 515 15195
145 535 12074
145 539 -412
145 560 12301
145 568 349
145 578 18490
145 583 -3929
145 605 12070
145 615 15594
145 641 17731
145 646 11934
145 697 3338
145 718 -408
145 774 11520
145 789 1214
145 800 18484
145 810 -6408
145 851 -6703
145 857 -1599
145 865 -12810
145 873 -4323
145 898 13517
145 911 -8149
145 917 -11445
145 941 -2706
145 966 4757
145 1020 -5868
146 32 -11358
146 67 -10491
146 69 -16876
146 123 -14515
146 137 -11423
146 159 -4406
146 175 18528
146 182 12141
146 188 -13361
146 189 7125
146 199 -5437
146 221 -9711
146 248 -4617
146 297 10587
146 324 6733
146 325 625
146 337 -827
146 342 9322
146 344 15031
146 355 -11304
146 363 2629
146 405 -981
146 408 -9769
146 429 -15643
146 434 7367
146 466 -14050
146 480 -2203
146 512 -18294
146 553 16451
146 559 13098
146 571 2799
146 596 -12959
146 601 10169
146 622 10449
146 623 2283
146 626 17038
146 632 7204
146 660 -1297
146 673 6745
146 690 1338
146 697 -2503
146 717 7487
146 792 -12462
146 824 -2096
146 835 -7726
146 956 -2254
147 16 15992
147 20 -7013
147 65 7990
147 69 6689
147 74 7545
147 112 18662
147 138 -11439
147 141 13376
147 172 -1202
147 243 -8028
147 249 2216
147 260 -9343
147 299 -8293
147 301 -3335
147 320 -14441
147 327 11052
147 334 -7888
147 338 -1095
147 399 2434
147 413 4876
147 478 168
147 494 94
147 496 6176
147 521 -16201
147 524 -6859
147 534 1346
147 541 11845
147 552 1413
147 651 -945
147 678 8446
147 682 14416
147 698 -17502
147 741 -3246
147 756 7931
147 777 -15329
147 786 4332
147 791 -13612
147 795 -17354
147 822 -6390
147 897 -9633
147 922 -18276
147 925 -16489
147 931 1768
147 935 7770
147 943 -8492
147 958 8462
147 963 8972
147 978 9479
147 1007 16235
147 1010 2356
148 28 10297
148 48 -7271
148 73 2270
148 74 -12769
148 97 7330
148 122 -5751
148 125 -2481
148 188 9063
148 202 -15386
148 211 -15028
148 213 6052
148 215 6611
148 233 -16334
148 239 -5553
148 258 -10278
148 265 6137
148 297 -8912
148 299 -17039
148 301 163
148 308 -13034
148 316 -8979
148 320 -3406
148 362 -931
148 369 -8281
148 451 -5225
148 456 1744
148 478 -4794
148 492 8155
148 514 12013
148 569 18530
148 570 13018
148 576 -8327
148 585 -3248
148 601 8117
148 625 -13144
148 658 10722
148 676 2699
148 698 -16767
148 722 352
148 734 -9391
148 745 5067
148 751 -1077
148 778 -18596
148 794 -17363
148 819 7840
148 848 -16027
148 870 937
148 889 3859
148 910 -15538
148 946 578
148 1016 -6053
149 3 9768
149 14 -10205
149 27 15334
149 75 -10515
149 82 -16457
149 102 1073
149 122 6556
149 125 -15485
149 189 -4632
149 196 -4052
149 197 -18233
149 234 -17546
149 240 -5608
149 242 -3909
149 268 7940
149 269 17337
149 379 -5722
149 407 1160
149 424 -7405
149 453 12343
149 455 8613
149 505 13953
149 512 -9565
149 552 -4196
149 588 13899
149 633 -6839
149 637 10975
149 784 14132
149 817 17702
149 837 -10950
149 853 18368
149 919 -13917
149 928 12557
149 957 -239
149 977 18682
149 986 -1612
149 1003 -2015
149 1021 11357
150 23 16544
150 51 -16637
150 54 -14248
150 57 -16195
150 63 -15648
150 65 -11320
150 70 -17113
150 75 4337
150 105 -3353
150 143 14393
150 150 1073
150 158 16460
150 159 4306
150 174 12527
150 175 -13127
150 188 11542
150 192 -2674
150 207 18333
150 246 -2742
150 249 9784
150 251 -18426
150 262 -1315
150 299 9970
150 310 18668
150 323 10107
150 400 333
150 403 6786
150 439 14837
150 440 15293
150 449 12349
150 466 2095
150 469 4341
150 517 158
150 548 -17596
150 589 -1966
150 595 -7582
150 679 13901
150 715 -13802
150 732 12821
150 733 -12734
150 736 -17144
150 778 18264
150 794 -6624
150 830 -3152
150 859 259
150 863 -13079
150 899 -15583
150 914 -18569
150 924 -16484
150 932 3149
150 940 7065
150 1005 16822
151 28 -9513
151 58 -8512
151 60 2434
151 86 -6950
151 122 -7552
151 143 -8559
151 149 1750
151 153 1074
151 164 12234
151 242 399
151 272 -15293
151 291 12966
151 307 4329
151 347 -4559
151 351 5903
151 373 11533
151 389 1798
151 458 -2707
151 470 -10850
151 490 -14575
151 491 13003
151 508 -11967
151 517 8940
151 532 8328
151 559 -4254
151 561 10127
151 564 3314
151 601 -8643
151 608 -7677
151 639 -13676
151 657 -1786
151 665 -16516
151 693 8462
151 701 -12765
151 713 -2717
151 723 -14883
151 742 -10854
151 776 -12314
151 780 7872
151 797 -7171
151 825 -12790
151 868 3446
151 965 10518
151 987 -738
151 988 15001
151 1013 -17658
152 22 15518
152 26 -2045
152 49 -9663
152 69 12981
152 102 13409
152 120 -3375
152 126 5956
152 132 -160
152 194 -5266
152 198 12735
152 208 -14612
152 213 2049
152 214 13558
152 253 15598
152 295 -10002
152 304 5799
152 335 13762
152 341 -18229
152 382 -2954
152 392 -3687
152 403 6796
152 408 5420
152 418 -18668
152 419 -9641
152 422 -18321
152 459 -3110
152 472 -4712
152 505 8230
152 523 -11108
152 532 13389
152 554 13953
152 563 -14006
152 567 -7179
152 576 4626
152 581 -6158
152 590 12925
152 611 11968
152 631 -3021
152 653 13600
152 665 -18022
152 678 12066
152 685 -2719
152 692 -18091
152 710 17362
152 751 3765
152 764 -9328
152 769 -10196
152 788 -18183
152 856 8005
152 880 13755
152 905 -9445
152 944 7254
152 957 15679
152 969 18172
152 971 9306
152 1007 7235
152 1022 -29
153 4 -2756
153 9 14914
153 48 18758
153 49 4058
153 94 18757
153 113 13375
153 151 8386
153 165 17960
153 208 2494
153 214 -7213
153 242 -12713
153 244 -3195
153 289 2476
153 315 -7376
153 320 -12988
153 327 18217
153 381 -8174
153 399 -7663
153 423 -9947
153 425 9260
153 457 5931
153 473 16169
153 487 -15267
153 493 -6321
153 551 -7717
153 566 13005
153 641 10385
153 672 17509
153 728 -8462
153 739 14350
153 741 -14561
153 747 1959
153 759 2432
153 806 -5603
153 807 1062
153 829 -5763
153 860 -13734
153 866 -4312
153 870 14635
153 879 -13772
153 902 -6486
153 917 18201
153 929 9039
153 1002 -158
153 1011 -5727
154 10 4667
154 20 -9619
154 38 -10536
154 48 -5597
154 53 -12765
154 66 -687
154 73 13307
154 97 -5717
154 232 -6551
154 279 -10477
154 288 -3973
154 290 -9898
154 296 13436
154 354 12459
154 381 -16459
154 394 -13713
154 444 7026
154 450 5323
154 474 -4076
154 505 8551
154 578 -3062
154 590 -13314
154 592 -17009
154 594 11402
154 619 14560
154 638 -13710
154 676 -11302
154 687 7462
154 710 7860
154 714 -16154
154 718 11104
154 719 10661
154 740 -11968
154 758 5504
154 760 15440
154 796 -14203
154 829 -14836
154 861 18192
154 867 2702
154 871 -14325
154 897 -16920
154 909 3082
154 926 -6653
154 929 12282
154 950 3152
154 967 -14699
154 983 1513
154 1008 2853
155 7 -15832
155 28 -2836
155 29 -15874
155 88 -3277
155 106 16584
155 119 -9735
155 140 -9789
155 153 6638
155 218 16657
155 258 17378
155 262 4881
155 263 7090
155 281 571
155 291 -2553
155 302 -8588
155 308 6232
155 314 -15593
155 333 828
155 343 -5208
155 356 -3274
155 370 -14936
155 419 -10730
155 423 18335
155 430 -10063
155 433 8310
155 436 -11636
155 456 -4355
155 477 -6723
155 481 3147
155 492 -15079
155 515 -13225
155 531 -1398
155 569 11504
155 593 -18324
155 620 9775
155 661 -16318
155 676 -5543
155 709 5861
155 720 5734
155 721 18427
155 736 -4934
155 868 5855
155 870 -17800
155 872 -12106
155 881 5824
155 885 17727
155 897 676
155 908 17176
155 920 18499
155 959 15200
155 999 -15284
155 1003 -18468
155 1011 7337
155 1013 -11298
156 3 17317
156 5 -14574
156 21 -12908
156 52 -17730
156 84 2278
156 86 6065
156 104 3669
156 109 -15502
156 115 -3799
156 119 -5563
156 121 -9809
156 134 16345
156 195 12043
156 208 3418
156 219 -2431
156 247 -15446
156 249 -4043
156 269 -16873
156 288 14881
156 292 15690
156 302 -17387
156 352 11401
156 372 -986
156 374 11685
156 390 -16372
156 429 -937
156 443 -2018
156 487 -1351
156 490 5925
156 525 -2435
156 529 -14930
156 582 3962
156 626 -2166
156 652 16565
156 665 -13923
156 682 -18579
156 735 8917
156 776 -9268
156 796 -15202
156 819 809
156 824 -4330
156 833 -12745
156 841 -15303
156 862 4208
156 984 -15634
156 989 -13643
156 1005 -1723
156 1008 -18418
156 1017 -2809
157 23 111
157 50 1568
157 69 9076
157 74 17596
157 81 -17829
157 87 -6428
157 92 8862
157 112 12441
157 129 -6501
157 167 9475
157 172 3699
157 200 -15277
157 222 7606
157 240 -6581
157 259 -12223
157 262 3366
157 269 13532
157 288 -8045
157 292 -10767
157 344 -12030
157 350 -18483
157 352 -7892
157 366 -15376
157 387 -14070
157 396 -6532
157 398 14381
157 419 -2459
157 425 -2809
157 441 -4413
157 450 5554
157 481 12659
157 483 12977
157 499 -8391
157 504 6947
157 507 3990
157 508 -14755
157 515 17339
157 516 14230
157 519 5012
157 557 -268
157 596 -15458
157 627 -13032
157 635 4361
157 679 11205
157 719 16722
157 767 6115
157 769 2670
157 777 -9861
157 833 12263
157 840 15428
157 853 -17673
157 862 -15568
157 863 -2769
157 898 8542
157 910 15283
157 911 -9324
157 913 -953
157 915 10479
157 964 92
157 969 5837
157 987 -2740
158 1 4619
158 6 -1360
158 44 12344
158 55 3503
158 77 -7336
158 95 -4177
158 98 -15311
158 103 -2009
158 114 -2838
158 189 2586
158 191 -16250
158 196 9970
158 204 -4560
158 226 -12300
158 264 17563
158 282 6578
158 297 -7379
158 307 2747
158 314 -10921
158 329 -15278
158 368 -6302
158 373 -12058
158 394 16099
158 404 6095
158 406 12509
158 456 -949
158 459 12336
158 475 -11445
158 479 -7015
158 485 -4775
158 496 9036
158 532 -14633
158 550 1693
158 578 -16964
158 640 -5125
158 691 -3695
158 692 -17401
158 698 13673
158 746 -7079
158 781 -10778
158 785 11350
158 788 18177
158 795 -8994
158 807 -7709
158 810 7209
158 828 13577
158 840 16695
158 866 -319
158 877 -15801
158 891 -7862
158 897 -9737
158 903 -8612
158 912 11081
158 1021 -16271
159 32 10077
159 35 -17744
159 41 12186
159 44 -12425
159 84 10726
159 93 -3587
159 116 14654
159 120 -12013
159 141 -2607
159 156 2066
159 163 -13083
159 171 10620
159 174 -13385
159 289 4477
159 292 18323
159 299 -12665
159 317 -9156
159 359 -17685
159 374 -4342
159 404 -5380
159 408 -7327
159 414 1711
159 437 14554
159 458 -9106
159 544 -7625
159 545 -5584
159 575 -16909
159 579 11550
159 588 4903
159 604 2174
159 611 13827
159 644 -13198
159 654 11424
159 657 -7655
159 673 -18692
159 718 -1255
159 726 16132
159 751 -11891
159 752 4366
159 777 -6146
159 843 16685
159 845 2540
159 859 -6544
159 866 8775
159 889 -6313
159 899 -9574
159 912 11397
159 933 10216
159 952 5560
159 953 4203
159 976 -7438
159 994 -2512
159 997 -2274
160 29 -10557
160 32 -1418
160 37 -3744
160 45 4296
160 54 -4502
160 70 -1654
160 80 4905
160 81 1154
160 105 -14150
160 150 -17887
160 152 1803
160 169 7113
160 192 6051
160 236 7619
160 318 13925
160 330 14950
160 340 3702
160 348 3074
160 391 15191
160 396 6261
160 409 -12685
160 419 -12560
160 456 -15183
160 470 2367
160 522 -15478
160 531 16495
160 558 -15441
160 574 14216
160 579 -10940
160 624 3356
160 632 8288
160 658 -8819
160 682 -3278
160 714 6848
160 728 13809
160 776 -406
160 787 11912
160 794 1373
160 819 6308
160 826 -1777
160 831 -11226
160 841 -5431
160 868 -16869
160 912 -6244
160 931 -9712
160 934 -8560
160 952 -10760
160 974 13980
160 975 -3492
160 1017 -9785
161 3 -10762
161 13 -7579
161 80 1382
161 96 13617
161 98 12634
161 156 12127
161 191 -2689
161 215 -7269
161 279 -9383
161 360 -9233
161 365 -8006
161 371 -1796
161 376 14590
161 388 10395
161 424 -14758
161 432 -14979
161 433 2862
161 440 7753
161 447 3772
161 450 -8564
161 481 -7046
161 489 5235
161 522 17740
161 537 9956
161 558 18045
161 571 5795
161 580 18610
161 582 1998
161 585 -8066
161 605 14460
161 617 9451
161 669 14823
161 706 480
161 713 9390
161 727 -5945
161 732 -11454
161 743 741
161 744 -14277
161 747 -13606
161 751 13038
161 769 -11806
161 789 5630
161 799 8489
161 810 -17468
161 858 16294
161 863 1893
161 888 -12256
161 919 5477
161 947 3762
161 952 -12072
161 959 -10690
161 972 1146
161 987 -1908
161 997 -14330
162 0 -18364
162 28 14528
162 35 2306
162 81 -18186
162 89 15492
162 97 -16091
162 123 4306
162 133 9859
162 148 11226
162 157 -783
162 158 4162
162 172 -17926
162 209 -7494
162 210 -10351
162 222 -3718
162 249 -7380
162 263 -15703
162 266 14239
162 309 15576
162 329 16162
162 357 -7418
162 358 -7262
162 361 6655
162 370 -13685
162 372 6550
162 377 2452
162 383 18217
162 385 13316
162 394 17879
162 403 -3622
162 414 -4177
162 432 -10053
162 444 5826
162 463 -12541
162 529 9717
162 547 -701
162 557 -1659
162 570 -11196
162 582 3274
162 618 8611
162 673 2921
162 758 -5949
162 760 6310
162 801 -13319
162 927 16754
162 996 -7869
163 18 -3904
163 63 -4075
163 67 15928
163 68 -6510
163 73 -16008
163 79 5037
163 83 -12066
163 101 16413
163 117 8443
163 118 4193
163 142 16287
163 152 18727
163 186 -3550
163 208 -16745
163 229 15158
163 246 10152
163 250 -9999
163 264 4947
163 272 2288
163 291 8831
163 327 8757
163 332 9437
163 337 7482
163 345 14940
163 361 6885
163 363 -12901
163 382 9015
163 387 14750
163 462 -16928
163 488 -9633
163 505 -18535
163 521 -3923
163 530 -11235
163 544 -6250
163 555 -9734
163 599 -9781
163 619 -4658
163 626 -14282
163 665 18476
163 680 -13910
163 691 -12919
163 734 -2605
163 750 4400
163 751 -18651
163 763 -18016
163 796 15630
163 829 -4385
163 952 -6093
163 965 4189
163 967 -6192
163 1020 -12213
164 2 -3479
164 20 -12000
164 73 9166
164 75 10634
164 83 12635
164 102 -7295
164 150 -7308
164 153 -13278
164 172 -3546
164 203 1436
164 204 -14188
164 225 -12769
164 262 12545
164 267 3514
164 301 -2044
164 324 15268
164 337 -8583
164 376 -18080
164 388 -12001
164 396 15406
164 398 15460
164 414 2041
164 476 5100
164 478 1350
164 502 4727
164 511 -4041
164 546 17930
164 547 -12513
164 548 -1370
164 549 15071
164 561 -18321
164 618 8275
164 663 11883
164 666 -16043
164 719 9563
164 724 -4041
164 740 -16584
164 760 17951
164 765 5282
164 769 298
164 770 -16950
164 780 -14085
164 801 -12130
164 803 18200
164 824 -4863
164 845 -3811
164 872 13666
164 888 -7452
164 910 -6114
164 935 -11933
164 937 15219
164 947 -1874
164 973 -13210
164 993 -3378
165 0 -15739
165 58 -2982
165 64 -14789
165 65 12132
165 75 -10793
165 99 345
165 116 12495
165 143 5260
165 158 -16800
165 159 -12777
165 174 -13632
165 184 9902
165 186 10017
165 195 5939
165 209 1139
165 210 16418
165 229 -17431
165 230 -18535
165 236 -17050
165 263 5743
165 314 10560
165 315 4287
165 316 -15871
165 317 668
165 340 -9971
165 345 14747
165 376 -11838
165 407 -15764
165 434 15846
165 456 -15171
165 458 -16464
165 471 -17889
165 520 1455
165 564 3486
165 586 -15644
165 618 5056
165 639 4995
165 656 -18306
165 665 -9826
165 724 16245
165 737 -1466
165 748 124
165 782 -7643
165 792 -12612
165 794 -7775
165 840 -12085
165 847 14006
165 906 11849
165 965 2030
165 986 13263
166 5 -2280
166 27 -16172
166 33 8107
166 57 -10563
166 71 6594
166 84 -11823
166 90 1075
166 101 -18331
166 107 -4841
166 230 16561
166 232 -18092
166 267 12571
166 278 10069
166 287 -11892
166 306 -7609
166 316 -7048
166 342 -9014
166 358 17960
166 404 -5369
166 417 327
166 426 5293
166 450 -6209
166 459 3824
166 492 -15811
166 504 -10844
166 559 11920
166 586 -6030
166 631 -15003
166 662 16436
166 666 1639
166 668 12427
166 671 -4272
166 697 -13518
166 721 -8294
166 734 -15008
166 736 8564
166 759 14248
166 766 -1210
166 789 -10828
166 806 -14843
166 819 -11807
166 824 -3981
166 853 -2659
166 873 -13227
166 896 -3498
166 922 5572
166 987 14265
166 1017 -17746
167 2 -4644
167 8 12779
167 9 5995
167 35 -10511
167 55 17657
167 60 1013
167 61 -18144
167 73 -15539
167 77 -14286
167 107 7784
167 140 2457
167 209 -11583
167 218 -8545
167 230 5666
167 266 -2194
167 271 -6574
167 325 9291
167 341 -10445
167 388 -10462
167 390 -6712
167 395 -6512
167 398 14199
167 405 16835
167 412 -13150
167 438 8976
167 458 -14720
167 462 3387
167 482 2148
167 492 -7197
167 507 970
167 518 11864
167 522 -7886
167 553 -17215
167 579 3417
167 604 1598
167 622 -1728
167 629 8247
167 637 -239
167 667 18251
167 671 -5511
167 684 -18328
167 725 -9979
167 749 8882
167 789 -11009
167 807 18365
167 819 14244
167 840 1312
167 850 8178
167 896 -18422
167 930 16251
167 996 6521
167 1008 1987
168 11 -11851
168 21 -6208
168 35 12399
168 36 16923
168 39 9528
168 47 -4019
168 91 -11350
168 96 -8050
168 106 12116
168 121 12045
168 160 -16796
168 173 1271
168 181 -16861
168 231 8403
168 294 17576
168 309 -4042
168 312 -232
168 376 3881
168 391 -2479
168 394 8741
168 395 -6230
168 414 6355
168 423 -4067
168 443 -7084
168 450 -13982
168 493 6204
168 541 -14741
168 542 2591
168 558 -234
168 589 -15971
168 597 1461
168 620 11886
168 649 13903
168 658 4370
168 693 -18116
168 760 17028
168 798 1168
168 806 10171
168 810 -8000
168 815 -2424
168 831 -18479
168 835 -10971
168 852 -6290
168 889 -10052
168 921 -2395
168 961 18111
168 974 -4539
168 980 4620
168 1001 3992
168 1007 5939
168 1016 -7919
169 18 3858
169 46 -327
169 57 6995
169 62 15065
169 63 9768
169 69 15815
169 101 3266
169 142 -13264
169 146 18390
169 179 -9958
169 206 -665
169 241 -3071
169 250 -11163
169 328 -13185
169 339 -6664
169 347 -14124
169 359 -9421
169 382 -11649
169 388 11001
169 416 -14434
169 441 15328
169 468 15563
169 489 -1733
169 509 4440
169 526 14787
169 533 -3485
169 544 4140
169 547 -3794
169 579 14242
169 586 -13367
169 589 10037
169 600 17889
169 638 15792
169 649 -9608
169 667 -9476
169 677 -7324
169 683 18425
169 689 -2867
169 730 -13735
169 736 675
169 743 2479
169 749 -17380
169 787 4961
169 832 -944
169 833 -2584
169 869 -3633
169 881 5519
169 914 -15521
169 965 -5556
169 969 -9751
170 0 18201
170 14 -14192
170 26 -14184
170 39 18198
170 89 18431
170 120 11758
170 135 -5884
170 136 6825
170 149 -18210
170 152 -16344
170 188 -4910
170 237 -6443
170 245 -4614
170 248 -996
170 282 16865
170 285 -4670
170 289 -640
170 296 -1258
170 365 -105
170 373 -7718
170 398 14265
170 407 -11014
170 408 -3937
170 425 8822
170 457 13290
170 473 16180
170 489 5228
170 496 -7269
170 497 8964
170 503 15095
170 518 -18073
170 555 -9411
170 563 -9433
170 574 -10711
170 577 -7278
170 579 14156
170 612 -4367
170 616 15718
170 638 -10893
170 639 530
170 711 -1706
170 724 -4656
170 750 15766
170 836 15855
170 843 11671
170 848 -783
170 873 15491
170 882 15945
170 945 14695
170 948 12933
170 955 5578
170 957 -4967
170 971 17741
171 21 9923
171 62 4075
171 81 1907
171 89 -10683
171 97 -14654
171 103 6178
171 108 -1528
171 165 8153
171 205 3628
171 212 11086
171 251 3532
171 257 7443
171 261 -16705
171 280 -10836
171 307 7069
171 309 13485
171 326 2191
171 341 6084
171 350 11593
171 362 11612
171 363 -12709
171 368 -12682
171 388 -6855
171 397 16792
171 401 -16654
171 417 18104
171 454 5541
171 464 -8138
171 469 -13138
171 490 -1022
171 503 -8454
171 504 16538
171 515 -477
171 528 14903
171 563 1081
171 586 -17827
171 592 -7259
171 596 18586
171 635 -11228
171 643 3420
171 673 3141
171 707 3581
171 718 6857
171 719 8110
171 722 -1595
171 733 14217
171 765 15558
171 817 15528
171 821 14308
171 823 7819
171 871 -17943
171 876 -1961
171 877 5238
171 889 6094
171 934 17303
171 982 7615
172 23 -17630
172 41 -1215
172 46 -10257
172 90 4612
172 103 -15585
172 119 6406
172 127 -1598
172 140 8154
172 142 -4897
172 157 -10401
172 166 11692
172 170 4073
172 184 -8427
172 221 1997
172 243 -11350
172 311 9988
172 316 -11415
172 320 2168
172 328 -8114
172 341 11576
172 394 15864
172 397 -5128
172 403 7669
172 425 -6374
172 493 -1483
172 521 -11059
172 526 15236
172 535 13595
172 551 10381
172 553 8063
172 558 16960
172 584 18604
172 594 -5322
172 604 -9747
172 622 -14298
172 657 -9805
172 668 -14483
172 695 7947
172 702 509
172 763 1344
172 766 2587
172 768 1779
172 803 -4951
172 812 -8263
172 823 14203
172 838 -10421
172 858 2367
172 861 -4868
172 893 7753
172 913 7698
172 944 -10126
172 971 -13164
172 998 -5414
173 44 -17202
173 46 -11867
173 92 11673
173 154 -767
173 158 6796
173 171 5352
173 215 16902
173 236 -159
173 246 15953
173 257 8829
173 281 1140
173 288 1192
173 310 -4053
173 328 -768
173 388 -4188
173 395 10635
173 399 9624
173 405 18725
173 412 18355
173 456 -3932
173 487 6066
173 507 3879
173 534 -16330
173 636 2783
173 642 1015
173 650 -7438
173 652 819
173 680 -14756
173 740 9647
173 763 -12735
173 788 14250
173 794 -5795
173 800 18424
173 806 14817
173 810 -17015
173 897 10147
173 907 9805
173 922 -8677
173 955 -18791
173 979 -10148
173 990 7974
173 994 2556
173 998 -2998
173 999 10021
173 1014 -14132
174 33 -8374
174 43 -8212
174 97 -15419
174 100 4068
174 101 6852
174 106 -14651
174 135 7255
174 138 16663
174 143 9235
174 165 18544
174 214 15955
174 298 11077
174 299 13320
174 305 -8855
174 314 -5406
174 399 -6814
174 407 -1888
174 412 35
174 422 -1838
174 427 13432
174 438 8819
174 440 6011
174 464 15051
174 476 8295
174 495 -2734
174 508 683
174 539 7039
174 566 -12298
174 580 -1748
174 595 16733
174 619 -15314
174 632 -7000
174 643 17835
174 682 16682
174 705 -16667
174 707 13083
174 712 16983
174 728 15162
174 737 -12842
174 738 -5869
174 753 244
174 758 1897
174 765 -5243
174 784 -3487
174 792 14187
174 826 -15232
174 840 -10725
174 861 -10516
174 875 -5997
174 943 7130
174 956 -10790
174 989 8725
175 65 1457
175 127 12984
175 150 -1514
175 166 1176
175 182 -11506
175 213 -1445
175 228 -10681
175 229 3921
175 245 13202
175 258 -6636
175 319 16530
175 344 -15214
175 361 23
175 367 13623
175 379 -13953
175 393 8267
175 395 2455
175 408 -12293
175 411 7001
175 413 6873
175 454 -13027
175 470 3089
175 474 17425
175 488 -13873
175 499 1756
175 504 -14762
175 505 7225
175 513 -4744
175 516 15121
175 527 332
175 576 750
175 577 5993
175 599 13493
175 659 -691
175 666 9540
175 733 5601
175 739 -90
175 766 -11137
175 779 -1636
175 791 10836
175 829 18432
175 849 401
175 884 2692
175 895 13363
175 916 -18186
175 921 5614
175 950 -12683
175 979 4736
175 988 -3567
175 1002 -1964
176 1 17137
176 7 14204
176 25 -16428
176 28 1503
176 72 -14159
176 83 -17219
176 114 -17551
176 147 12746
176 160 2293
176 182 -582
176 184 -2149
176 185 -2128
176 199 10427
176 232 2641
176 238 10770
176 280 -15100
176 296 10003
176 297 -3998
176 304 17005
176 312 4114
176 329 -10838
176 337 -9408
176 350 15038
176 371 932
176 379 -8410
176 396 -11884
176 401 16577
176 448 -9806
176 459 127
176 479 10250
176 487 4494
176 507 18212
176 521 3973
176 523 -14537
176 527 188
176 540 -10043
176 567 -954
176 581 9549
176 600 9629
176 608 -13228
176 617 7550
176 620 2167
176 661 18408
176 666 16569
176 672 5887
176 673 -11061
176 699 5504
176 703 -11237
176 720 885
176 754 17707
176 794 -17481
176 810 -8301
176 863 15750
176 879 -13412
176 897 -13450
176 964 14491
176 966 -13384
176 990 -17658
176 1009 3331
177 22 -10370
177 41 4640
177 53 -16995
177 57 -4062
177 69 -15489
177 104 -3574
177 119 11467
177 131 12795
177 135 -8292
177 166 -904
177 171 11111
177 202 -7303
177 239 5927
177 284 1181
177 306 6145
177 327 -17334
177 335 -4806
177 354 -16942
177 395 -14579
177 465 15706
177 481 7148
177 484 -15663
177 497 -4899
177 500 7067
177 501 -18255
177 509 1068
177 514 -2691
177 519 8495
177 520 -6113
177 528 17667
177 532 -12478
177 570 9263
177 600 -17631
177 619 -8932
177 634 8119
177 642 -17218
177 666 -10024
177 715 -12239
177 725 6738
177 729 -412
177 737 9176
177 815 -5885
177 828 16034
177 896 6564
177 910 -9498
177 918 17308
177 934 -6294
177 943 8000
177 959 -14652
177 987 -829
177 997 -1237
178 8 1252
178 16 -9457
178 34 1700
178 40 -15940
178 48 18320
178 50 -13711
178 136 -11487
178 156 13919
178 176 -6885
178 258 -9895
178 264 904
178 286 11021
178 336 -16934
178 353 16936
178 397 -10593
178 410 -4725
178 428 17170
178 441 -1818
178 462 -6659
178 494 17370
178 529 7666
178 536 15905
178 558 2322
178 574 -18426
178 578 531
178 621 12345
178 634 17988
178 711 -3520
178 728 -15563
178 868 17723
178 893 -8273
178 899 -596
178 903 -18206
178 928 11689
178 944 -728
178 963 14724
179 57 -14654
179 98 4348
179 109 -6270
179 165 -4562
179 171 -13977
179 177 -13248
179 186 5977
179 195 -17117
179 203 -7155
179 206 -1493
179 207 1134
179 226 10024
179 227 -5182
179 283 7576
179 296 -11686
179 301 14814
179 304 12024
179 308 13807
179 320 -17726
179 343 16807
179 368 18173
179 420 -18179
179 479 10708
179 480 -8850
179 482 18068
179 527 -17861
179 528 -11561
179 529 -17421
179 578 1928
179 585 17956
179 597 4209
179 633 7254
179 635 4599
179 643 5535
179 715 -16485
179 722 -4071
179 734 18448
179 738 -11663
179 773 1690
179 783 15967
179 813 12709
179 815 7488
179 835 10680
179 837 3907
179 840 -1906
179 853 -2130
179 871 10047
179 875 -11680
179 897 -11733
179 925 7301
179 926 -1074
179 969 -11835
179 972 13903
179 1006 -8442
179 1008 -3657
179 1022 -12375
180 30 -3315
180 61 -1522
180 67 13941
180 71 -7822
180 118 11851
180 128 -9053
180 142 -3490
180 159 13479
180 179 -8349
180 188 5170
180 221 -9419
180 224 9041
180 234 7331
180 269 8806
180 306 -14937
180 313 -12633
180 329 14795
180 338 7771
180 346 -4612
180 347 8675
180 350 10426
180 353 9797
180 359 13747
180 367 12563
180 372 6342
180 373 -12149
180 392 14568
180 419 8435
180 426 -16636
180 433 -7620
180 447 7697
180 464 -431
180 503 -11263
180 528 12653
180 566 14247
180 595 -8893
180 603 10815
180 624 16439
180 628 -10535
180 650 17869
180 652 15728
180 691 -11134
180 731 -8597
180 732 11602
180 770 -1467
180 779 -13355
180 836 10361
180 842 6440
180 853 3003
180 860 -7642
180 884 -17323
180 893 4297
180 906 10821
180 971 4787
181 21 -7402
181 23 14427
181 38 -17841
181 76 -5842
181 85 -364
181 92 -13919
181 114 2269
181 130 -7648
181 148 -7274
181 153 13526
181 167 6181
181 171 4861
181 207 13990
181 241 -7886
181 283 -11271
181 302 1493
181 312 -8469
181 320 907
181 322 7774
181 391 9303
181 412 16414
181 423 9549
181 441 12252
181 446 -15121
181 496 18087
181 522 7675
181 558 -7071
181 560 -14550
181 573 -10455
181 584 -13326
181 666 -2043
181 671 -1517
181 695 -16137
181 699 -9089
181 734 -1572
181 737 -13752
181 743 -10714
181 752 -2325
181 757 -1860
181 772 -511
181 791 6832
181 843 -1150
181 853 -6145
181 868 16444
181 892 519
181 910 -9553
181 945 -13226
181 971 -15639
181 976 17059
181 1000 17243
181 1001 -3972
181 1002 7856
181 1018 10522
182 0 10658
182 130 -13444
182 132 -15395
182 193 -14759
182 200 -4810
182 208 2573
182 210 -3447
182 217 -13957
182 223 11496
182 238 2726
182 267 4313
182 268 11969
182 327 2272
182 328 17820
182 337 -6776
182 352 12794
182 363 -16627
182 368 -11441
182 380 17708
182 385 -12475
182 418 -12044
182 432 -5709
182 446 -8893
182 459 -6990
182 469 -4812
182 556 -14877
182 562 -15436
182 574 18112
182 608 4024
182 617 -15670
182 635 -10505
182 637 -9377
182 638 14460
182 639 -18707
182 647 13085
182 676 -2193
182 704 -2504
182 709 13772
182 715 -5865
182 737 -16034
182 758 -2225
182 786 -16979
182 825 7350
182 869 2774
182 870 -14274
182 878 2605
182 879 -14545
182 881 11938
182 898 7635
182 905 -12214
182 945 -14316
182 950 -8980
182 972 6767
182 990 -15234
182 1017 9534
183 7 -7510
183 35 -13560
183 56 6132
183 69 6352
183 78 16603
183 88 -9337
183 95 -18402
183 129 8038
183 131 -8151
183 133 -17485
183 159 12310
183 170 -626
183 279 -11951
183 299 1725
183 351 640
183 359 18379
183 380 -6813
183 396 -390
183 413 -6412
183 446 3934
183 458 11314
183 460 6657
183 473 -5959
183 526 -14771
183 548 -15823
183 559 10690
183 572 -16265
183 582 -8440
183 590 -8168
183 627 5726
183 658 11059
183 679 -5248
183 706 7769
183 714 6133
183 739 884
183 764 4697
183 767 1508
183 775 -13376
183 794 -15409
183 800 7233
183 821 -11052
183 826 -17233
183 837 3972
183 843 -4218
183 898 9747
183 924 -6659
183 952 8501
183 954 -6727
183 976 -8057
183 977 7930
183 989 -5997
183 993 8243
184 6 741
184 15 -5426
184 20 -14015
184 63 -5603
184 78 -13402
184 111 11963
184 133 5216
184 140 2667
184 141 -13720
184 157 1538
184 162 -14956
184 192 -7740
184 257 11930
184 261 -2097
184 262 -14102
184 290 -13783
184 316 -685
184 330 3237
184 344 -18128
184 379 2624
184 420 7196
184 445 -16177
184 499 -10682
184 511 2824
184 540 -7732
184 545 8827
184 583 16627
184 607 -10490
184 694 -8908
184 696 835
184 747 14102
184 763 5570
184 787 -6026
184 799 -6871
184 825 -11388
184 829 -13691
184 830 -16749
184 841 -5440
184 857 -379
184 858 -15138
184 871 1292
184 883 -14142
184 898 1388
184 930 -1136
184 957 14352
184 960 7626
184 989 -16769
184 990 1260
184 995 -645
185 13 -1417
185 27 -7163
185 56 -11927
185 71 -315
185 86 -3399
185 136 5496
185 153 9078
185 204 3220
185 218 11144
185 229 1004
185 240 12198
185 246 -18557
185 248 -1423
185 274 18145
185 308 3642
185 331 11982
185 348 -7229
185 354 -7621
185 376 -7315
185 398 10448
185 413 -10358
185 424 -9822
185 437 -8256
185 468 5353
185 501 160
185 513 -225
185 516 -14833
185 517 1684
185 607 2106
185 611 -16518
185 614 -6375
185 620 -3542
185 696 1728
185 705 -17096
185 706 -18562
185 722 7433
185 739 -6501
185 776 -9399
185 784 -3283
185 810 -15559
185 817 -11903
185 838 -11731
185 853 -1880
185 861 -9571
185 875 18493
185 907 -5455
185 991 -16167
186 7 -12601
186 13 -9232
186 38 13807
186 46 -10247
186 63 -11028
186 127 -13235
186 140 13389
186 194 -4824
186 203 492
186 205 -16121
186 222 2855
186 240 5281
186 269 13508
186 273 -10367
186 293 -6715
186 307 -18244
186 316 3782
186 324 12938
186 329 -4083
186 384 3626
186 389 -9291
186 400 -18263
186 427 -976
186 428 14060
186 486 -11194
186 495 980
186 500 -18219
186 514 -4164
186 524 7195
186 531 -11234
186 540 -2070
186 559 -258
186 585 -1330
186 596 -13841
186 610 -13322
186 636 14874
186 646 -12191
186 656 7982
186 676 -18031
186 684 4124
186 686 -773
186 705 -9688
186 734 -13911
186 738 14500
186 776 -4851
186 784 17329
186 785 15097
186 796 7297
186 849 -14395
186 912 -4188
186 921 11244
186 961 -15141
186 982 -2155
186 1008 -14306
186 1014 -3421
187 23 15637
187 29 4294
187 40 12163
187 42 12548
187 74 2029
187 100 18091
187 176 16559
187 182 1451
187 276 17831
187 287 -4002
187 321 16044
187 324 -17322
187 354 -11200
187 360 13582
187 362 -12133
187 413 -7892
187 415 -16429
187 429 4481
187 443 9882
187 499 6923
187 509 -17249
187 519 14197
187 538 13830
187 545 12306
187 558 -14531
187 584 -12480
187 591 5705
187 612 -14871
187 615 14428
187 627 -4899
187 636 -12328
187 664 4654
187 669 -4549
187 678 4677
187 692 -3812
187 696 -11241
187 734 13681
187 737 -891
187 749 -10412
187 793 -3784
187 794 -7212
187 820 -9660
187 850 -11375
187 871 16690
187 885 -17836
187 946 11213
187 956 -4524
187 958 6577
187 971 7895
188 4 -948
188 12 15920
188 13 1999
188 16 -3090
188 19 -2707
188 36 1118
188 64 15456
188 83 11084
188 97 3185
188 210 -8510
188 220 -5130
188 226 -154
188 238 -5288
188 244 8289
188 283 13868
188 297 -2175
188 330 -10684
188 349 12622
188 367 -2540
188 370 2069
188 378 9312
188 389 16190
188 392 -1659
188 401 -4455
188 404 10784
188 443 4195
188 455 -3325
188 511 -13810
188 523 -17123
188 524 2815
188 568 -5349
188 576 4603
188 586 -16036
188 626 -8577
188 646 5016
188 653 16792
188 685 -18249
188 697 -637
188 730 14605
188 735 4940
188 771 -1129
188 781 -7249
188 794 -1590
188 797 -7486
188 814 -2941
188 815 -11672
188 818 11332
188 862 -6841
188 910 -18033
188 924 1047
188 936 14421
188 944 -1891
188 969 18446
188 979 -3990
188 980 -17900
188 996 3728
188 997 2081
188 1011 3172
188 1023 15477
189 2 -16698
189 33 14184
189 96 -11380
189 112 -10184
189 117 -15655
189 137 -7163
189 185 8617
189 201 3897
189 240 -13040
189 248 17133
189 262 -13601
189 325 17538
189 334 -17029
189 369 -16814
189 374 7018
189 377 -5146
189 383 -8558
189 431 -1384
189 437 9628
189 474 -11424
189 499 17780
189 521 -3970
189 563 10094
189 575 5918
189 644 7098
189 663 16048
189 690 12854
189 711 8023
189 723 -13970
189 732 -8204
189 741 2423
189 748 -4233
189 751 -18309
189 810 -10393
189 828 -13585
189 842 -14505
189 848 -1466
189 850 -6243
189 875 -15840
189 876 12542
189 886 -7893
189 943 -12947
189 946 -7112
189 968 1930
189 971 3768
189 979 8004
189 989 13522
189 1016 3497
189 1021 -8571
190 6 -84
190 13 -16380
190 18 1901
190 25 11445
190 34 -9930
190 39 9548
190 147 6792
190 150 8641
190 172 -11667
190 174 -6919
190 192 -16269
190 200 -18346
190 219 -10933
190 259 -4111
190 262 15896
190 267 -6049
190 290 -16928
190 326 2854
190 330 -12777
190 337 -10501
190 351 -6390
190 357 -18524
190 377 -6242
190 411 9191
190 449 11608
190 453 -515
190 486 14041
190 490 11563
190 496 4176
190 499 2101
190 508 18524
190 542 -1003
190 554 -16231
190 572 -7593
190 581 6333
190 587 7989
190 599 1858
190 611 -15275
190 635 9024
190 732 1955
190 733 5862
190 752 18720
190 753 7111
190 758 -8446
190 771 3433
190 776 404
190 788 16078
190 797 -11795
190 800 -104
190 821 217
190 836 9406
190 848 8574
190 849 5884
190 851 18094
190 855 -8672
190 867 14427
190 869 14011
190 895 -15145
190 917 -12167
190 919 16096
190 934 -13223
190 980 -13795
190 996 -10125
190 999 12352
190 1005 -11479
190 1006 -7585
190 1010 -16097
191 7 -8119
191 27 -6572
191 45 -5468
191 59 15180
191 104 12832
191 106 5171
191 124 15852
191 137 -18037
191 141 -15599
191 172 10037
191 178 -3430
191 185 -2922
191 220 -14748
191 245 757
191 257 -3753
191 357 -13750
191 367 5410
191 399 -15519
191 405 -3546
191 415 -4541
191 482 -9361
191 500 2086
191 603 2095
191 614 5548
191 625 -13914
191 683 9242
191 781 -6483
191 787 15585
191 795 -6066
191 869 -13860
191 877 10571
191 886 -3797
191 902 18780
191 928 -10497
191 942 16824
191 944 18189
191 966 -3837
191 970 -14600
191 976 18501
191 991 -13597
191 999 16524
191 1000 -2187
191 1007 16315
192 4 -3959
192 11 420
192 25 10164
192 37 -17953
192 97 6171
192 104 -11818
192 107 12963
192 121 -15760
192 140 -16689
192 144 3905
192 146 9122
192 211 -10435
192 218 -3340
192 220 -9540
192 223 -15174
192 224 -14923
192 230 11182
192 237 14203
192 254 2011
192 293 -13277
192 304 10962
192 312 -18444
192 315 -13714
192 365 7878
192 378 -17159
192 404 12616
192 451 -14163
192 468 16682
192 477 14382
192 484 11638
192 501 -3877
192 504 5200
192 511 18236
192 520 -8856
192 531 -6007
192 543 -9267
192 574 8092
192 581 15219
192 600 -4146
192 609 -7522
192 621 14024
192 624 10142
192 640 6528
192 648 -2187
192 650 -6993
192 672 -4049
192 673 -12684
192 675 11168
192 679 13569
192 703 3475
192 712 8049
192 739 -8590
192 740 -7505
192 764 -10181
192 795 -1460
192 812 -13196
192 813 4781
192 846 9564
192 867 13418
192 868 16660
192 900 -11924
192 901 -17414
192 910 -4576
192 949 3414
192 952 2529
192 961 -6339
192 967 -16191
192 993 -539
193 24 -5930
193 36 10902
193 41 -12315
193 52 -4124
193 75 -15694
193 76 -6889
193 89 -8295
193 114 5387
193 134 -14349
193 181 2603
193 182 -4903
193 199 15170
193 250 12933
193 265 8481
193 274 12540
193 301 13958
193 333 17915
193 344 16888
193 349 -13098
193 352 -4250
193 365 -7370
193 366 -6101
193 391 -14687
193 407 1503
193 441 16910
193 454 17729
193 457 -11510
193 458 -7272
193 468 -14346
193 494 -2304
193 497 4327
193 518 10875
193 528 -11543
193 575 7913
193 576 -1995
193 597 -14083
193 644 -356
193 664 -6680
193 666 -366
193 673 -3447
193 683 12334
193 688 8819
193 703 12084
193 712 -1813
193 713 -11276
193 721 -13275
193 726 -12372
193 806 9392
193 815 18441
193 819 -17279
193 833 8383
193 891 10802
193 910 -214
193 924 -9960
193 980 5278
193 990 1068
193 1009 12477
193 1012 -1167
193 1015 4634
194 14 -15659
194 42 2928
194 54 14207
194 57 6644
194 131 -9122
194 197 -1147
194 203 8264
194 224 9414
194 245 323
194 254 14866
194 255 2785
194 263 -14899
194 276 4429
194 292 2964
194 351 16437
194 361 7135
194 376 12607
194 407 17906
194 410 15956
194 418 2749
194 436 4337
194 462 11117
194 488 -6882
194 509 1652
194 544 10001
194 553 7455
194 561 7271
194 568 17105
194 577 -6279
194 650 2237
194 665 9000
194 731 1086
194 748 10701
194 756 -14304
194 772 17142
194 776 -1772
194 829 7388
194 833 12942
194 837 -15411
194 839 4294
194 916 8213
194 934 3661
194 944 -5346
194 949 -9689
194 956 -11325
194 960 18553
195 22 8501
195 79 -3239
195 88 -1714
195 219 -7969
195 291 13067
195 298 -10559
195 313 14209
195 328 1328
195 424 17449
195 450 7108
195 474 11899
195 478 -17813
195 479 15197
195 509 13930
195 511 6581
195 528 8026
195 570 46
195 585 -12764
195 597 -16883
195 639 -16492
195 684 -5469
195 696 -14578
195 716 2911
195 740 -13661
195 760 -5254
195 769 14355
195 781 7651
195 821 2897
195 881 -17575
195 893 -17174
195 904 12363
195 909 -11848
195 911 1171
195 944 7416
195 964 2832
195 972 -16151
195 993 16495
195 1005 -14639
195 1019 -3730
196 20 8673
196 47 15077
196 73 2660
196 110 -1871
196 127 18632
196 137 13911
196 167 -3541
196 185 1928
196 241 3173
196 251 8774
196 255 -7483
196 256 -1248
196 278 -17620
196 294 -12878
196 304 -15435
196 311 -846
196 315 15952
196 319 -11659
196 358 -9640
196 370 7266
196 371 11105
196 425 3073
196 433 7778
196 442 -10811
196 471 -1313
196 489 -8975
196 492 -13190
196 531 -8621
196 565 13310
196 580 -11791
196 614 1933
196 661 -14981
196 665 12504
196 671 -7475
196 736 -564
196 775 8065
196 782 -6214
196 836 16307
196 838 18691
196 841 -2064
196 846 -2732
196 874 12545
196 886 -3752
196 923 -5188
196 933 -3691
196 955 -4878
196 997 -11610
196 1005 11022
197 24 4299
197 27 10312
197 41 -9021
197 78 4482
197 100 -16479
197 114 -74
197 128 -6729
197 131 14246
197 136 7380
197 142 15501
197 263 -14651
197 290 -2680
197 291 3681
197 320 15307
197 321 944
197 331 4317
197 338 8762
197 346 -10917
197 380 -9281
197 381 -17599
197 431 16187
197 445 -5432
197 448 -3186
197 455 18169
197 465 16823
197 470 8260
197 479 11439
197 503 7107
197 547 -8447
197 553 11405
197 608 9743
197 634 10281
197 636 12856
197 652 -7486
197 698 -9137
197 713 -500
197 721 15410
197 736 7316
197 739 -1821
197 743 -3512
197 744 -7736
197 748 9877
197 769 6263
197 774 12638
197 779 -11901
197 793 7107
197 799 722
197 825 16649
197 829 3477
197 840 18351
197 847 16065
197 854 -12959
197 866 7230
197 879 12976
197 886 -9630
197 900 -12404
197 901 15565
197 902 1735
197 907 5053
197 935 15908
197 936 9418
197 970 5159
197 972 14723
197 975 -15583
198 26 9881
198 83 -16685
198 115 -11332
198 135 -11835
198 137 -2852
198 230 1610
198 260 -6397
198 335 9726
198 386 -17196
198 390 5689
198 404 -12727
198 507 -17727
198 579 -5793
198 590 9309
198 605 10257
198 636 -4650
198 673 443
198 691 17379
198 698 14163
198 726 9851
198 729 -6115
198 758 -6631
198 793 -1952
198 845 -12240
198 867 -13656
198 874 6585
198 878 -6490
198 887 -2154
198 892 -11413
198 915 -7850
198 941 6239
198 959 -11253
198 960 -18726
198 974 3391
198 994 15294
198 995 3533
198 1006 -3159
198 1020 10389
199 3 1315
199 31 6272
199 70 15339
199 95 13912
199 103 -657
199 132 -14474
199 137 14424
199 166 2044
199 200 -5717
199 204 -11281
199 265 -13350
199 285 4279
199 296 -479
199 318 -8129
199 320 -3725
199 356 -6526
199 385 -3837
199 398 -16737
199 410 9862
199 413 -10595
199 415 4734
199 454 4479
199 493 14007
199 521 7015
199 561 12821
199 578 2453
199 586 12742
199 596 14229
199 604 1516
199 610 -10224
199 629 16581
199 630 -15714
199 652 -7344
199 669 -6290
199 693 8060
199 697 -15612
199 708 -13888
199 718 13911
199 726 -2516
199 765 -18630
199 783 -7334
199 807 -11282
199 814 7349
199 846 -2576
199 906 -1045
199 914 -16529
199 933 -3765
199 966 1721
199 1004 -4616
199 1008 3059
200 58 9275
200 99 -5713
200 114 -18271
200 129 -10694
200 160 10250
200 189 632
200 218 744
200 248 -17942
200 297 -2628
200 304 -64
200 326 14647
200 332 -18224
200 340 -2657
200 355 16916
200 362 8519
200 378 -2254
200 415 -610
200 426 13084
200 476 -16549
200 513 16975
200 582 15976
200 610 11536
200 658 18189
200 672 3399
200 699 17904
200 701 -9102
200 733 11568
200 764 14812
200 770 -4378
200 790 16283
200 791 -8346
200 815 5455
200 825 6989
200 840 3503
200 843 18142
200 872 15935
200 945 -11241
200 954 -275
200 1000 -10745
200 1006 -1592
200 1010 -6809
200 1016 17358
201 19 9912
201 46 -7289
201 73 -12593
201 75 -16007
201 80 4099
201 86 -1145
201 95 12141
201 108 -14889
201 160 3246
201 178 -2129
201 212 11309
201 215 1171
201 252 11769
201 264 -16053
201 283 -5953
201 290 -1160
201 306 10080
201 327 -16446
201 341 4520
201 344 -10808
201 384 8469
201 428 -3171
201 437 8726
201 443 -5693
201 487 -9191
201 495 -13642
201 496 15965
201 505 -5618
201 523 -8950
201 544 9290
201 567 -4034
201 596 15959
201 602 -8932
201 603 -9020
201 631 18761
201 649 -2247
201 657 6578
201 673 -3897
201 679 1863
201 720 -9358
201 748 6205
201 777 12910
201 788 7566
201 814 -12188
201 855 -1592
201 880 8155
201 886 -7348
201 905 -14958
201 996 -9255
201 1007 221
201 1008 -16535
202 0 9595
202 31 -10889
202 55 16455
202 59 -14447
202 75 -13633
202 78 -7244
202 84 -9279
202 176 4732
202 181 -5937
202 220 1498
202 223 -11905
202 257 15075
202 263 15993
202 269 -7437
202 276 13060
202 286 7156
202 320 10565
202 335 -2160
202 344 4369
202 369 4062
202 379 7375
202 397 13913
202 415 13048
202 417 -5844
202 418 -8994
202 448 -14521
202 494 -31
202 497 -5744
202 503 17148
202 513 -4696
202 552 -18562
202 557 -3882
202 581 1444
202 641 -16225
202 644 8333
202 652 -13109
202 663 -11430
202 679 7444
202 692 -1870
202 699 8274
202 744 -4282
202 758 -6610
202 770 -3898
202 794 -4999
202 805 4608
202 807 -18396
202 810 -6560
202 825 -6538
202 830 -13552
202 833 -9061
202 890 -17961
202 914 -9360
202 918 -18640
202 940 15658
202 947 15461
202 988 2284
202 994 40
202 1005 -6514
202 1014 5516
203 6 8751
203 9 983
203 25 17257
203 48 16252
203 59 -3414
203 102 -1216
203 118 13005
203 139 -15071
203 182 2666
203 221 -11809
203 249 18753
203 265 -9973
203 269 5687
203 294 18245
203 300 -12141
203 302 -15108
203 313 -12511
203 347 905
203 349 4770
203 350 18435
203 365 -5533
203 385 1270
203 408 -10550
203 415 -3521
203 417 -13612
203 419 -8500
203 452 5320
203 472 1006
203 502 15996
203 508 12413
203 512 -4975
203 527 13086
203 560 -15388
203 596 2978
203 618 -18768
203 646 10498
203 709 1085
203 721 13876
203 743 13079
203 777 -17260
203 802 10706
203 870 6121
203 888 -15750
203 900 17872
203 914 -9905
203 934 -11091
203 964 7910
203 1007 -6679
203 1023 -18477
204 62 1369
204 64 -18747
204 83 13254
204 96 7204
204 160 13982
204 162 -1116
204 167 -10507
204 181 9079
204 198 -7188
204 225 -16126
204 232 10910
204 251 10363
204 262 -13778
204 271 -3707
204 281 -13722
204 333 -7596
204 340 -40
204 362 -6829
204 389 16235
204 397 -15962
204 404 -8503
204 475 3923
204 507 6580
204 511 -9869
204 518 -11513
204 531 11987
204 537 11326
204 540 1613
204 542 -4100
204 567 1304
204 602 -850
204 610 8561
204 637 11947
204 671 -3353
204 690 6578
204 724 17268
204 730 11748
204 740 -17880
204 774 -13582
204 801 13265
204 861 7466
204 881 1381
204 884 2503
204 888 -1637
204 915 -4327
204 930 -13269
204 939 10284
204 941 13135
204 971 2702
204 988 3422
205 2 6623
205 9 -12042
205 17 1719
205 25 -14380
205 31 -3517
205 43 -17938
205 60 -15298
205 77 219
205 82 -12049
205 136 8270
205 147 17593
205 152 11634
205 154 -10541
205 172 17796
205 189 6790
205 199 10206
205 204 15338
205 225 -3038
205 233 -4192
205 261 -4367
205 299 1073
205 300 -596
205 305 -3078
205 310 11461
205 329 487
205 352 9252
205 354 15190
205 361 -7406
205 370 -18258
205 407 -3764
205 411 7996
205 427 2055
205 432 -3146
205 440 -7829
205 451 -12124
205 460 16453
205 461 16253
205 473 -12980
205 495 -5875
205 533 15134
205 561 -11046
205 576 -13863
205 592 5473
205 602 -9858
205 630 10005
205 710 -3159
205 721 -3434
205 760 -13136
205 778 -14933
205 791 11458
205 803 -2886
205 838 -6904
205 841 -10408
205 850 5962
205 876 -16800
205 972 -9166
205 973 -7255
205 986 -13046
205 1006 -10035
205 1012 -11492
205 1018 -4013
206 43 -17453
206 74 -17603
206 90 -9878
206 112 -11492
206 135 -9304
206 148 -3490
206 170 -9377
206 182 16374
206 186 7908
206 189 -15476
206 197 -12788
206 213 6672
206 247 -4102
206 308 17547
206 333 -10605
206 385 -14531
206 386 10582
206 413 1157
206 433 10091
206 508 -1
206 523 -13523
206 533 -1358
206 552 -4918
206 590 10968
206 609 -11148
206 611 12055
206 617 -15381
206 691 14340
206 692 10389
206 701 -10844
206 718 4362
206 720 13908
206 727 13986
206 731 -16925
206 734 5141
206 748 6647
206 764 1641
206 784 -5164
206 810 12865
206 818 13082
206 843 15903
206 858 9774
206 859 -13605
206 872 -9945
206 873 6587
206 889 -12519
206 919 -11574
206 966 -13473
206 980 3085
206 985 12282
206 999 5363
206 1000 -2083
207 10 -17573
207 55 2517
207 57 -11575
207 71 -11002
207 100 14566
207 161 6011
207 202 -1186
207 260 -11321
207 263 -16947
207 271 18621
207 279 17879
207 284 16662
207 288 -4614
207 301 3398
207 372 774
207 414 -15779
207 426 18205
207 453 -13724
207 463 -7844
207 472 5854
207 542 -7447
207 554 2094
207 573 -6701
207 616 -14455
207 629 -12871
207 634 -10301
207 640 5083
207 652 -11602
207 655 -15919
207 710 15471
207 711 -12401
207 714 15439
207 737 4536
207 747 18543
207 787 11947
207 799 15590
207 819 -14935
207 820 -13939
207 862 -4749
207 867 11798
207 875 14141
207 888 -7805
207 910 18324
207 914 -16360
207 916 7638
207 921 13951
207 939 10985
207 943 4493
207 970 4176
207 974 -13021
207 975 -14946
207 976 11356
207 990 8104
207 995 11
207 1007 -18581
208 46 -18532
208 96 -12317
208 99 8748
208 101 -14523
208 113 -2253
208 132 3232
208 161 2442
208 162 8459
208 167 -7222
208 178 8374
208 189 18642
208 212 10127
208 232 10964
208 280 2040
208 285 13707
208 331 -18264
208 376 -13244
208 389 11049
208 401 16824
208 405 14949
208 437 2028
208 441 5496
208 454 8173
208 466 2027
208 505 -3633
208 514 -2674
208 522 -1854
208 527 2017
208 541 16263
208 554 6187
208 605 -1694
208 639 13514
208 655 -10916
208 663 6784
208 679 -3733
208 694 14214
208 700 -1997
208 709 -18671
208 759 -12176
208 778 -1589
208 779 -5432
208 785 -8430
208 798 14846
208 824 -4499
208 892 1479
208 895 324
208 901 3298
208 940 -11785
208 942 5590
208 946 13206
208 1003 5154
208 1009 -3562
209 19 -9078
209 34 -3684
209 45 4914
209 80 2902
209 105 13853
209 109 14068
209 152 -16081
209 154 15481
209 161 7291
209 186 8083
209 197 -3339
209 223 -16887
209 229 -15740
209 234 -16451
209 271 -7829
209 287 -3881
209 293 7671
209 317 10252
209 355 1505
209 366 13032
209 408 13795
209 423 11931
209 463 -3841
209 484 -7383
209 543 -7484
209 546 -7183
209 557 17181
209 582 10387
209 640 6135
209 667 -13132
209 703 -18492
209 726 -11956
209 731 -9212
209 757 5537
209 769 -17745
209 777 -8983
209 820 -6871
209 827 9095
209 839 12634
209 883 16417
209 897 11029
209 899 14023
209 905 -8064
209 907 3320
209 969 -8256
209 970 9589
209 998 133
210 49 -12520
210 52 -4940
210 100 9017
210 109 7822
210 111 16070
210 126 -15729
210 142 -7568
210 187 1610
210 201 -4522
210 211 -11686
210 232 1230
210 236 -15051
210 248 -12343
210 264 -6180
210 314 16935
210 318 10723
210 337 -9658
210 365 8537
210 394 -3966
210 416 9445
210 433 4343
210 446 696
210 456 -15843
210 462 -4821
210 466 -16547
210 485 -3896
210 499 13607
210 521 -13917
210 529 -10128
210 564 -16800
210 572 -17813
210 579 3193
210 612 5203
210 653 8404
210 683 13858
210 738 -13263
210 744 -17746
210 750 -1916
210 824 -16679
210 841 -14320
210 905 17252
210 917 3558
210 929 1559
210 940 -16608
210 996 14821
210 1009 -15191
210 1022 -18073
210 1023 -11570
211 10 3822
211 66 1853
211 230 -12977
211 243 10687
211 250 3533
211 260 -8210
211 300 6301
211 308 -14788
211 329 9340
211 439 -3677
211 440 -18156
211 444 2324
211 454 -17575
211 472 10512
211 509 8682
211 518 -7097
211 547 16627
211 571 -6156
211 581 -2861
211 594 -14713
211 606 -4045
211 659 14874
211 662 -4901
211 693 -11274
211 704 5004
211 750 13210
211 756 139
211 761 -13051
211 774 17918
211 802 2868
211 815 -6123
211 817 5079
211 844 -18538
211 859 -2526
211 862 10837
211 863 1747
211 922 4948
211 970 9767
211 981 18409
211 1000 -2915
211 1006 7095
211 1009 14195
212 66 -8910
212 116 -5352
212 152 -9243
212 193 9641
212 208 15474
212 215 -12291
212 216 710
212 241 14012
212 266 -5405
212 281 6903
212 322 11899
212 331 1367
212 335 13545
212 396 1172
212 401 4069
212 440 -13733
212 511 2833
212 521 3183
212 525 -945
212 545 -10419
212 552 -16283
212 570 -12713
212 606 11257
212 622 14838
212 630 -2149
212 651 -15016
212 654 -736
212 655 -6307
212 659 1616
212 673 -9656
212 679 9704
212 701 -1125
212 706 -9956
212 713 -10477
212 743 -13219
212 793 16688
212 821 -17783
212 871 -17221
212 899 11579
212 910 11944
212 915 12347
212 916 6988
212 919 -12241
212 931 -17171
212 938 -5921
212 942 8623
212 969 12892
213 47 3978
213 77 -13802
213 79 -6563
213 94 11030
213 160 -12072
213 163 15081
213 164 -13298
213 179 -9070
213 186 -9908
213 217 -1785
213 218 11250
213 232 16045
213 258 4942
213 271 -18505
213 292 -13907
213 345 10977
213 347 7137
213 357 -11138
213 374 -16598
213 398 -5368
213 406 5786
213 413 1836
213 585 1969
213 607 -9624
213 624 -7854
213 641 14378
213 652 1532
213 667 -13132
213 686 -13850
213 688 1836
213 697 16389
213 699 12240
213 703 14780
213 722 6936
213 729 -5207
213 730 -7246
213 766 2650
213 796 8238
213 841 1538
213 872 11463
213 906 -17867
213 910 -2620
213 933 -8291
213 948 2410
213 950 -16636
213 954 -2305
213 961 -5729
213 987 13784
213 995 -14745
213 1010 732
214 9 1241
214 11 -6307
214 14 -10547
214 24 -1756
214 27 -5455
214 43 -1072
214 58 -9528
214 83 3923
214 99 -15888
214 103 -2617
214 115 8767
214 116 13313
214 117 -11057
214 126 -9463
214 127 5761
214 136 -10951
214 154 17936
214 156 5372
214 160 1968
214 164 -18303
214 241 -13623
214 251 18133
214 259 -7856
214 271 2609
214 296 -7948
214 323 7199
214 339 -9882
214 354 15694
214 356 12829
214 373 2743
214 377 -6169
214 407 -2933
214 416 -15846
214 418 -17706
214 454 6340
214 466 7332
214 513 918
214 517 -4671
214 518 14019
214 525 2264
214 534 -12493
214 578 -14176
214 608 -11907
214 644 -14515
214 671 -6587
214 706 -11834
214 708 -115
214 730 -5912
214 748 -3793
214 780 -1161
214 789 -4796
214 826 11410
214 835 3203
214 933 -8278
214 940 1795
214 961 -18472
214 974 -13850
214 977 -13444
214 984 -14445
214 990 13579
214 1007 -9259
214 1015 7227
214 1020 -13139
215 61 1907
215 74 13589
215 84 18464
215 85 10311
215 89 -18595
215 137 -18687
215 153 1114
215 157 10876
215 173 -13455
215 242 -3493
215 243 -16225
215 282 6971
215 340 -12859
215 355 -11815
215 358 10400
215 373 -5732
215 388 11193
215 400 -10480
215 418 -17157
215 420 -15540
215 428 -7452
215 436 -3016
215 443 16892
215 465 7896
215 474 8681
215 525 9004
215 587 -17551
215 589 -18138
215 614 13137
215 644 -16608
215 649 -4642
215 665 -2286
215 667 18027
215 690 5054
215 714 -10953
215 740 -5930
215 760 -2441
215 794 8125
215 813 68
215 826 -6956
215 827 -13217
215 830 8159
215 877 5642
215 879 4147
215 944 15820
215 951 -16313
215 956 -4192
215 973 13746
215 984 -12205
215 989 6314
215 1008 -11622
215 1021 -9367
216 35 12462
216 75 8074
216 76 17171
216 78 -13769
216 86 -14499
216 94 -9208
216 104 3143
216 118 -11778
216 120 12207
216 126 4298
216 128 9083
216 192 7792
216 208 7898
216 230 -12672
216 317 -12265
216 368 -15309
216 376 -11977
216 402 11078
216 405 1794
216 425 5970
216 480 9732
216 491 752
216 502 692
216 518 -10503
216 551 17468
216 555 -14626
216 592 8831
216 637 7884
216 648 -771
216 660 11111
216 718 -9526
216 742 572
216 749 -16555
216 761 -12382
216 773 -17947
216 797 -2544
216 873 -14336
216 948 14913
216 976 15853
216 981 721
217 0 -13171
217 21 -4526
217 43 1894
217 61 5044
217 77 5552
217 87 3154
217 94 8542
217 147 -14164
217 179 4647
217 245 12282
217 249 -9468
217 256 -7727
217 288 -4850
217 304 8011
217 307 4535
217 350 -7410
217 358 -17123
217 367 -12114
217 392 -17439
217 426 17085
217 448 2523
217 451 -5907
217 456 -5492
217 488 3164
217 502 -10469
217 506 6306
217 533 5864
217 598 10339
217 606 -4142
217 616 -8044
217 650 -10958
217 657 13967
217 698 -3842
217 700 5386
217 728 -17047
217 730 15389
217 752 16318
217 767 14774
217 772 12839
217 796 11215
217 820 -15743
217 840 11981
217 882 -7624
217 884 -6864
217 899 -14349
217 905 -8244
217 924 13647
217 934 5892
217 947 14067
217 990 16527
218 52 2863
218 98 18671
218 146 8324
218 158 4108
218 162 -17776
218 171 15098
218 300 16220
218 322 -14698
218 354 13699
218 361 -18340
218 419 1594
218 441 4117
218 460 -13051
218 462 -14471
218 463 4843
218 464 8935
218 505 11858
218 512 8401
218 536 16106
218 544 -4831
218 550 18487
218 570 551
218 582 11609
218 614 1324
218 623 -17898
218 661 -9531
218 668 15642
218 698 5720
218 709 -7921
218 736 11802
218 767 -4544
218 768 5670
218 783 18332
218 785 5815
218 818 -2732
218 828 -4147
218 868 -18790
218 882 -2454
218 910 -9111
218 954 -2364
218 960 2947
218 979 -15766
218 998 8599
219 34 10461
219 47 -11272
219 100 11010
219 102 -9825
219 125 13759
219 131 -7180
219 134 17105
219 210 16398
219 227 -154
219 243 16933
219 247 14037
219 260 9881
219 291 -18249
219 296 -166
219 326 -1444
219 337 -9263
219 362 -1744
219 402 5002
219 407 6785
219 417 -2009
219 455 16870
219 477 -13488
219 509 -11849
219 547 -9627
219 556 -10587
219 601 -9676
219 619 5345
219 645 -11562
219 657 -559
219 684 18709
219 694 -17543
219 697 2552
219 729 -13175
219 743 -16605
219 759 11992
219 807 15409
219 845 9501
219 877 2877
219 899 2408
219 913 6120
219 978 10379
219 1016 -6441
220 40 8933
220 57 5140
220 82 5611
220 85 -5324
220 86 5746
220 96 -7990
220 180 -1084
220 184 15492
220 185 18664
220 229 -15755
220 231 -8656
220 267 4514
220 312 17317
220 322 15507
220 396 10407
220 400 -10298
220 406 8460
220 430 -4494
220 436 9599
220 471 18045
220 503 7352
220 505 -7611
220 535 -12772
220 548 17905
220 560 -15767
220 598 13596
220 625 -17955
220 643 18469
220 674 12978
220 723 1586
220 725 4008
220 764 -16920
220 768 15731
220 769 -17263
220 774 18394
220 804 13285
220 808 -5806
220 811 8209
220 813 -9991
220 827 -10473
220 856 -16573
220 880 -8819
220 893 -3007
220 913 9259
220 929 16509
220 941 14339
220 964 17429
220 1010 17084
220 1021 8938
221 4 15612
221 13 5701
221 36 1103
221 64 -7918
221 76 -8785
221 122 -15194
221 140 -7481
221 187 -6024
221 218 8888
221 224 -13485
221 228 -2531
221 250 -11939
221 278 1870
221 281 -6648
221 299 4725
221 305 -18444
221 308 15366
221 335 2594
221 337 -7446
221 338 2287
221 343 -1569
221 375 12098
221 379 16672
221 465 -14703
221 493 -1444
221 516 12443
221 521 9548
221 561 -18456
221 634 12325
221 646 -3417
221 669 -8916
221 677 -11026
221 695 3146
221 739 -631
221 773 1332
221 775 12415
221 789 18437
221 791 -9246
221 820 4456
221 863 -12255
221 886 -11578
221 917 -4612
221 964 -758
221 971 -2247
221 978 -2176
221 980 9818
221 1009 -15096
221 1014 8412
221 1020 -1596
222 3 -1410
222 38 -3163
222 41 11218
222 49 15079
222 77 -14685
222 82 -4856
222 149 -9067
222 163 -18142
222 164 -2660
222 189 11893
222 192 -18761
222 219 -5324
222 223 -5618
222 225 -7945
222 282 -7751
222 310 -8784
222 323 14551
222 325 3886
222 334 -749
222 353 -10289
222 355 -11836
222 388 -12589
222 390 -14720
222 404 -15668
222 407 16242
222 423 -8520
222 440 -11510
222 453 -16001
222 466 -18556
222 471 1416
222 473 17649
222 500 11214
222 568 17337
222 587 17995
222 588 -3282
222 600 5469
222 614 11043
222 617 8664
222 659 -2283
222 661 -6318
222 679 2295
222 701 9796
222 712 -16827
222 742 11471
222 757 -6890
222 761 -4382
222 772 -1474
222 785 1517
222 806 -14653
222 861 9733
222 881 181
222 887 4544
222 903 17689
222 917 -15787
222 981 -2420
222 986 -3149
223 1 -14277
223 5 -4974
223 53 -14163
223 60 13608
223 62 6842
223 66 5590
223 80 -4523
223 104 -4574
223 178 12296
223 215 -9496
223 225 -3401
223 241 8029
223 247 -11951
223 250 -12069
223 252 6028
223 261 737
223 298 -11049
223 318 14491
223 320 -10560
223 335 10699
223 362 -6734
223 382 -11571
223 404 17685
223 458 2111
223 490 13515
223 530 -13293
223 556 3144
223 586 16478
223 607 -9361
223 697 2320
223 733 7672
223 757 -7347
223 765 18291
223 797 17601
223 810 17847
223 811 -17515
223 814 10434
223 825 15757
223 878 -2053
223 883 -16038
223 884 13805
223 888 -13073
223 901 -17683
223 942 14718
223 963 15571
223 979 16092
223 990 -2636
224 12 -18069
224 71 11487
224 82 -7098
224 89 -2723
224 115 -46
224 143 -13866
224 219 -3695
224 247 4735
224 253 8717
224 261 -7527
224 286 -15257
224 348 14743
224 351 11699
224 414 -17907
224 416 5786
224 418 9159
224 477 -12552
224 499 -5796
224 506 -4102
224 508 -12038
224 517 -2331
224 532 -7134
224 536 -2768
224 541 -8105
224 555 6980
224 564 -10644
224 583 17580
224 605 -14461
224 616 -8006
224 619 -7926
224 646 7586
224 675 -4528
224 696 3954
224 700 6378
224 753 12298
224 759 2627
224 762 -12807
224 774 -5172
224 775 6588
224 780 1348
224 781 9519
224 824 -5643
224 832 -11550
224 850 16065
224 855 -17453
224 860 2760
224 932 13471
224 964 16496
224 967 9091
224 1013 10942
224 1016 16482
225 17 7349
225 53 17999
225 66 18034
225 72 13743
225 118 16066
225 125 -14972
225 142 6191
225 147 1388
225 161 -1576
225 164 15221
225 165 -8457
225 174 -17360
225 188 1216
225 205 -5685
225 207 -8969
225 236 13462
225 243 3940
225 251 15807
225 279 1932
225 280 -17743
225 286 -8784
225 408 10764
225 469 -6706
225 472 -1092
225 500 -10282
225 516 2577
225 521 16733
225 522 -665
225 531 17182
225 562 -13908
225 574 8814
225 602 -1515
225 608 4983
225 630 -8221
225 641 -9992
225 646 11322
225 652 3247
225 680 -1942
225 689 208
225 705 -15206
225 771 -13477
225 787 1054
225 805 -9130
225 861 16943
225 896 -8743
225 897 -4936
225 930 -6480
225 937 2955
225 952 -9489
225 958 15317
225 972 -2568
225 989 6132
225 1001 -3146
225 1015 16814
225 1022 11439
226 6 -6906
226 23 44
226 25 -1519
226 45 -8665
226 70 14517
226 131 14556
226 170 -12861
226 176 16523
226 212 14865
226 230 12712
226 232 -1619
226 252 -13913
226 289 -5861
226 291 -18601
226 323 -14639
226 325 -11492
226 386 -15522
226 398 2732
226 400 -16841
226 413 -11608
226 486 -9538
226 493 1764
226 524 -6798
226 533 2935
226 539 -7795
226 541 8402
226 552 -7629
226 592 -3264
226 641 11405
226 649 -4979
226 654 -1393
226 659 -15541
226 669 7524
226 697 16847
226 719 -7286
226 729 -7350
226 734 15591
226 739 7140
226 757 5872
226 764 9512
226 771 -12313
226 776 -4713
226 777 17465
226 781 2994
226 795 -5003
226 805 10668
226 811 -10601
226 854 -3715
226 870 7740
226 877 17956
226 898 11325
226 926 -9182
226 969 15099
226 987 8351
226 996 10119
227 39 -5797
227 62 14100
227 77 15496
227 97 -15518
227 126 16379
227 160 -12208
227 169 1341
227 171 16654
227 175 -16834
227 196 3953
227 264 -5531
227 275 -8343
227 279 -9078
227 289 14050
227 304 13878
227 317 12475
227 330 -5457
227 390 18267
227 421 -1367
227 430 -9656
227 436 -2686
227 452 3635
227 467 -8620
227 471 13111
227 492 12410
227 520 -8214
227 532 -9093
227 567 2853
227 579 16803
227 585 -12481
227 599 -9495
227 601 11368
227 621 10013
227 631 16159
227 668 3050
227 688 1772
227 738 -3363
227 742 -14991
227 753 6801
227 755 8111
227 797 -16571
227 820 -16984
227 852 13917
227 890 18465
227 891 3299
227 920 3818
227 969 -499
227 999 -4477
228 35 -10547
228 41 5666
228 102 15266
228 106 -5881
228 115 4817
228 139 8167
228 149 -14847
228 155 12530
228 186 16176
228 196 -8021
228 210 16314
228 215 9193
228 241 14728
228 248 -405
228 259 17309
228 292 17333
228 301 18025
228 324 8311
228 359 -1050
228 363 -15539
228 397 -8993
228 405 16147
228 436 8847
228 463 4917
228 479 2203
228 481 -17714
228 496 2741
228 499 -707
228 503 -12167
228 514 10587
228 533 -11850
228 538 17933
228 552 -18112
228 588 3991
228 589 11555
228 660 -13114
228 682 5731
228 743 13885
228 765 11533
228 792 -13914
228 794 -11416
228 830 8054
228 851 -16759
228 860 -1143
228 879 1873
228 911 -658
228 912 -8105
228 951 -2543
228 971 -11917
228 996 -12510
228 997 -1444
228 1008 -9467
228 1015 905
229 22 -18517
229 49 -8653
229 70 -10553
229 161 13665
229 180 -6032
229 185 18542
229 191 17529
229 220 1230
229 237 16821
229 267 -5527
229 283 10954
229 288 -5115
229 379 3364
229 383 6421
229 414 -1418
229 426 16171
229 427 18007
229 435 14369
229 463 7198
229 469 -8072
229 481 10001
229 534 17280
229 558 -17530
229 560 9515
229 594 5519
229 596 -5285
229 602 8984
229 605 1619
229 611 11050
229 650 -11494
229 675 5933
229 677 4733
229 738 3193
229 772 15144
229 782 18554
229 822 -14255
229 856 -11411
229 873 -264
229 874 905
229 960 -2654
229 1008 -6016
229 1012 2425
230 12 -10959
230 15 1698
230 27 9806
230 45 -9496
230 77 -14940
230 82 9474
230 85 -5725
230 111 17208
230 136 3181
230 187 815
230 201 -15118
230 205 -2646
230 232 1147
230 234 4326
230 260 -4696
230 333 9944
230 345 13079
230 377 731
230 409 -7518
230 489 -12616
230 490 -11548
230 491 9202
230 495 18567
230 518 1484
230 534 8170
230 536 7597
230 544 -5424
230 568 9952
230 569 -18200
230 572 17463
230 584 12824
230 586 18392
230 588 10028
230 593 -7191
230 609 5481
230 613 14136
230 617 -1669
230 626 15424
230 639 -17545
230 668 6882
230 708 18548
230 743 -11985
230 762 14046
230 806 -4004
230 830 -7998
230 877 -2885
230 914 -5887
230 935 -14333
230 960 14017
230 976 747
230 977 -5166
230 998 15534
231 28 12864
231 47 4347
231 55 397
231 56 -2772
231 65 13863
231 85 14437
231 99 -15353
231 126 7378
231 132 -465
231 134 8443
231 135 18370
231 142 17817
231 149 -13563
231 169 17115
231 186 -18430
231 189 -5626
231 192 -9214
231 194 -7674
231 201 -533
231 211 -7044
231 242 -18147
231 300 1859
231 367 7270
231 396 8107
231 406 -16049
231 413 15463
231 432 5370
231 434 9171
231 500 -4515
231 523 12217
231 553 -13969
231 564 -1152
231 567 11300
231 599 3177
231 611 16178
231 634 -14596
231 651 -4172
231 656 -9724
231 669 7808
231 672 -17818
231 676 -669
231 684 -8811
231 695 18401
231 736 3217
231 751 7135
231 763 10041
231 785 1552
231 788 8495
231 792 1061
231 793 2188
231 796 2476
231 812 15622
231 813 -13320
231 872 -16562
231 916 7414
231 972 -1771
231 984 13829
231 994 1034
231 1000 13295
232 21 17242
232 37 -10615
232 39 -14829
232 65 -724
232 100 -7081
232 116 2367
232 123 -7687
232 132 -14364
232 142 10861
232 170 -5519
232 199 -1246
232 218 -6359
232 223 4921
232 247 9352
232 260 -14923
232 264 7791
232 289 -5235
232 335 3479
232 367 -9996
232 375 13164
232 376 -4927
232 428 -7235
232 472 17931
232 485 -16728
232 507 -17150
232 517 -12746
232 532 17744
232 552 -10751
232 556 7114
232 561 13853
232 562 -8582
232 598 -12260
232 601 15793
232 610 9360
232 643 10845
232 672 -15785
232 680 -13601
232 710 -13460
232 730 -10132
232 738 11446
232 744 -6414
232 810 -9235
232 815 4842
232 819 8383
232 829 17256
232 831 -6550
232 836 11815
232 865 2376
232 867 -7322
232 875 16798
232 876 8499
232 879 2140
232 892 -9513
232 902 16167
232 912 -10958
232 941 -13564
232 971 12738
232 984 -6699
233 39 3318
233 57 4738
233 85 -1457
233 96 4028
233 121 -2436
233 129 2480
233 137 -6892
233 159 -4718
233 173 -4533
233 185 -4056
233 195 -17641
233 205 13899
233 261 -12691
233 265 16734
233 304 13489
233 315 -14541
233 337 -8189
233 347 -4711
233 361 -16097
233 362 14063
233 372 11826
233 379 7517
233 381 8162
233 386 -650
233 449 7434
233 450 3487
233 493 -4931
233 511 17016
233 516 -18745
233 536 7160
233 564 -12990
233 600 7562
233 624 -12586
233 633 2314
233 685 -3355
233 704 -14656
233 742 14837
233 800 -10260
233 814 8472
233 820 9742
233 848 18298
233 854 3166
233 865 -10726
233 883 3580
233 897 -8772
233 901 -4682
233 915 -8691
233 931 -17432
233 952 18584
233 958 -9168
233 998 9989
233 1005 14494
233 1020 -7
234 0 2942
234 15 -14784
234 21 9380
234 27 817
234 47 -16732
234 59 9143
234 62 -4798
234 74 18044
234 80 -13530
234 85 -8402
234 111 -4352
234 158 -13734
234 161 -3866
234 164 237
234 175 14924
234 191 5025
234 197 -3640
234 249 -8547
234 255 200
234 260 -4175
234 333 -14435
234 357 17033
234 369 15339
234 407 9430
234 408 -4635
234 420 4561
234 422 -4245
234 426 -6206
234 455 -7281
234 459 1030
234 470 -18342
234 492 17507
234 512 -5334
234 557 -1308
234 594 10265
234 624 -459
234 625 5472
234 650 18694
234 664 -15609
234 682 -4434
234 695 -15569
234 724 -17138
234 728 -9327
234 748 -3223
234 770 11423
234 779 10782
234 798 -6736
234 825 -6864
234 862 -12209
234 864 10105
234 879 -11304
234 891 -5295
234 894 3455
234 922 -15985
234 926 -12215
234 931 -2676
234 959 -5197
234 962 12545
234 965 18703
234 970 9780
235 7 -3662
235 30 4928
235 49 15694
235 59 -5313
235 73 -51
235 84 17613
235 89 -8234
235 99 4069
235 134 -18517
235 172 4257
235 181 10457
235 182 -8944
235 217 10766
235 236 14283
235 247 -12809
235 265 10207
235 268 -8849
235 284 8952
235 288 14255
235 297 18600
235 331 -10351
235 336 15828
235 337 692
235 348 -3826
235 360 -18480
235 365 10470
235 374 -15378
235 378 -14776
235 409 7380
235 421 -17530
235 430 18237
235 447 -10731
235 490 8504
235 513 -15523
235 533 11412
235 552 8114
235 578 -272
235 694 -7156
235 711 -12384
235 726 13552
235 727 -8461
235 732 -18093
235 751 4831
235 767 -1950
235 813 5259
235 816 -11065
235 854 8562
235 865 -15330
235 882 -12407
235 884 8662
235 890 -10348
235 910 16726
235 966 -18123
235 994 15693
235 1015 -6617
236 5 15640
236 8 -4888
236 18 10818
236 60 -16346
236 148 -13180
236 166 -16314
236 208 435
236 220 4298
236 268 3087
236 274 14512
236 296 13150
236 302 -4439
236 319 18685
236 331 14069
236 332 5678
236 334 12221
236 341 14170
236 344 -3342
236 355 -11472
236 373 1642
236 386 9350
236 388 9721
236 422 -18156
236 427 4182
236 428 -8658
236 485 12802
236 521 -16698
236 563 -13358
236 631 18049
236 650 -15340
236 671 -12300
236 701 13470
236 709 -5740
236 728 -2398
236 732 9834
236 738 -12630
236 765 -4040
236 822 12379
236 902 9909
236 909 10662
236 935 8007
236 947 -5468
236 969 7405
236 980 -13922
236 987 -2539
236 988 -12866
236 991 -564
236 998 -17413
236 1002 3795
236 1008 9754
236 1011 -4647
237 7 15509
237 24 14810
237 56 -11123
237 109 15103
237 132 -18205
237 175 -1395
237 179 15371
237 195 -18648
237 212 -2440
237 224 196
237 233 6440
237 266 -1679
237 271 16792
237 289 -9196
237 293 -15551
237 307 1666
237 310 7506
237 337 16708
237 345 5096
237 348 14326
237 374 15397
237 377 -5756
237 397 -16060
237 406 -1516
237 431 3992
237 456 15122
237 465 -9052
237 473 7361
237 507 15911
237 544 15585
237 580 -6019
237 583 12988
237 603 -13690
237 609 12357
237 611 1116
237 648 9955
237 677 -17342
237 686 11159
237 707 11026
237 739 -5369
237 776 7046
237 799 120
237 810 -1413
237 819 -16416
237 847 12289
237 866 -14435
237 882 -7564
237 908 -15218
237 948 -5723
237 953 7602
237 988 -2713
237 1004 -13319
237 1008 5971
238 4 3874
238 18 -8739
238 35 11870
238 70 18331
238 92 -1946
238 111 -179
238 124 16137
238 138 -4454
238 142 9710
238 176 17685
238 189 -16578
238 191 -2884
238 219 -8087
238 265 17761
238 281 4488
238 296 -6636
238 337 12510
238 366 1213
238 380 4446
238 427 15230
238 434 14646
238 441 9035
238 447 -15224
238 452 -2503
238 458 5117
238 465 15017
238 583 14521
238 607 -7698
238 620 13375
238 650 -12848
238 688 14517
238 693 -7660
238 696 -14920
238 727 -5858
238 741 11836
238 751 9835
238 759 -4945
238 763 -17141
238 783 -693
238 800 -11129
238 853 1245
238 860 1720
238 869 -13979
238 870 16867
238 937 13374
238 965 13056
238 968 -318
239 9 -15738
239 19 1819
239 25 1930
239 28 -785
239 59 540
239 128 -11121
239 144 -17452
239 148 -1300
239 171 -3899
239 183 -12213
239 217 -655
239 299 -2896
239 306 6891
239 318 13156
239 326 3227
239 333 -1206
239 347 -6379
239 356 -11200
239 375 11459
239 383 9956
239 404 14427
239 409 -1601
239 434 -17495
239 443 -5563
239 458 15659
239 470 10208
239 480 -7316
239 484 -17327
239 485 -12625
239 490 -2308
239 491 -3932
239 534 17014
239 545 -16369
239 563 -15607
239 574 16390
239 583 13933
239 590 16235
239 592 15690
239 638 15682
239 660 -13465
239 688 -2319
239 714 -10330
239 737 3940
239 757 -5179
239 758 -17134
239 791 11166
239 832 -8215
239 912 -6087
239 931 -3035
239 945 3631
239 956 2446
239 971 7901
239 992 -16127
240 10 -11247
240 56 -1165
240 92 14604
240 96 -16342
240 107 1899
240 130 6564
240 134 18488
240 138 -1301
240 141 6402
240 149 -4915
240 155 2742
240 195 -13035
240 219 -16119
240 235 11773
240 256 -8607
240 266 -8023
240 277 -1805
240 278 -3909
240 296 -12161
240 314 -15822
240 326 -10120
240 337 7712
240 340 6002
240 346 6504
240 354 18381
240 372 -15304
240 385 5898
240 387 -12754
240 412 -857
240 424 -5849
240 445 -4035
240 457 8707
240 513 -6554
240 536 -1182
240 547 -15355
240 575 12093
240 584 -4740
240 626 -17763
240 647 10792
240 670 -15291
240 678 8061
240 685 -15384
240 703 -18048
240 709 -2219
240 720 4980
240 729 -12028
240 732 -7707
240 735 -10514
240 772 -5953
240 845 364
240 865 -11498
240 878 99
240 961 9487
240 994 11106
240 996 -9662
240 1007 -10046
240 1022 6451
241 26 -10087
241 68 -3115
241 69 -17805
241 102 5626
241 103 -1894
241 133 -5852
241 178 -8889
241 208 14755
241 214 -4100
241 219 6908
241 242 -13022
241 249 -4924
241 250 3487
241 258 -10409
241 273 -4469
241 275 3418
241 316 -2016
241 327 5570
241 338 12347
241 359 10724
241 372 -16420
241 384 10823
241 421 12878
241 436 -10039
241 462 -16681
241 472 11990
241 485 2987
241 486 381
241 487 5176
241 531 -9659
241 554 6247
241 557 -11965
241 563 -3016
241 577 5218
241 590 3400
241 604 13215
241 606 6728
241 615 -1894
241 619 -5300
241 630 2814
241 634 -18445
241 639 -10619
241 679 -3484
241 688 -4058
241 713 13915
241 715 12846
241 765 14494
241 768 12673
241 797 -5854
241 813 -7092
241 814 -17555
241 819 11922
241 826 -11059
241 832 -7125
241 833 12585
241 977 -12130
241 978 874
241 985 15199
241 1007 -18359
242 16 18012
242 23 14002
242 74 -15236
242 86 -12940
242 87 11947
242 110 -3011
242 129 8000
242 139 -17038
242 196 -7823
242 212 -16700
242 266 9516
242 287 11731
242 313 7869
242 472 3742
242 480 -12849
242 486 -11001
242 512 -2506
242 515 -2845
242 561 2254
242 565 9810
242 653 -12347
242 659 17816
242 693 -16037
242 707 -586
242 720 -239
242 732 411
242 750 -16099
242 769 -2668
242 803 -4641
242 808 2509
242 847 1895
242 854 -8142
242 860 -9089
242 923 -17562
242 928 -5664
242 931 6769
242 989 16868
242 1020 -8813
243 3 17171
243 35 -12035
243 37 -14475
243 53 -4044
243 77 11875
243 82 -3454
243 97 12543
243 101 17320
243 116 7066
243 130 2088
243 140 -6062
243 141 14870
243 159 -8333
243 167 15823
243 175 -6242
243 179 -10734
243 180 1247
243 183 9854
243 200 -16645
243 215 14724
243 218 11088
243 222 6756
243 308 7270
243 323 -2607
243 326 -11547
243 345 4179
243 370 -9111
243 409 -2349
243 411 -5411
243 441 -13467
243 481 7990
243 484 9284
243 516 -658
243 555 -7791
243 557 11083
243 597 7537
243 602 12749
243 622 -12538
243 625 -6097
243 640 -13489
243 686 13976
243 692 -5478
243 704 -9609
243 727 -15273
243 731 4453
243 768 1296
243 786 3077
243 821 -4885
243 902 -15023
243 925 -13566
243 931 -9789
243 938 -8250
243 962 12528
243 966 -8717
243 968 -11425
243 1014 8376
243 1020 -5363
244 25 18284
244 77 -6889
244 80 -18376
244 114 9463
244 126 -12909
244 128 -4870
244 149 667
244 173 -2223
244 177 -10476
244 205 -10533
244 215 -18149
244 247 9721
244 250 -10371
244 260 -7199
244 272 18015
244 315 8525
244 345 14408
244 364 17021
244 373 2887
244 374 -2339
244 400 -736
244 456 3888
244 483 2086
244 487 16405
244 500 -1384
244 516 -5234
244 525 -14807
244 546 -15207
244 552 7085
244 565 2637
244 603 -9687
244 620 4804
244 631 -13912
244 638 4724
244 646 12065
244 653 -11409
244 670 -17870
244 702 6111
244 710 -14507
244 735 8178
244 783 -8778
244 803 5476
244 820 14113
244 834 -15411
244 844 6099
244 855 9930
244 865 -10567
244 879 16418
244 957 544
244 1015 -13641
245 3 -893
245 10 -11943
245 17 923
245 20 4947
245 66 -10056
245 70 -13072
245 93 5610
245 115 -5271
245 134 15286
245 158 -17099
245 161 -14692
245 183 -7332
245 188 -17227
245 216 -10848
245 228 17856
245 233 18391
245 248 -9916
245 249 -6339
245 261 -18328
245 270 10734
245 298 6943
245 306 16256
245 360 -11026
245 369 18130
245 373 10103
245 393 14063
245 403 -5205
245 410 13198
245 440 -7668
245 452 -13823
245 481 14124
245 486 10026
245 493 13351
245 502 -12830
245 513 993
245 524 -1991
245 546 -17869
245 550 -2356
245 596 4164
245 606 13808
245 609 -2076
245 633 15700
245 681 5894
245 706 -8407
245 731 4363
245 733 -5161
245 744 -11463
245 751 1719
245 767 -17635
245 818 16635
245 819 1024
245 832 346
245 858 7319
245 892 13022
245 895 -206
245 907 3712
245 942 11308
245 963 -16022
245 975 5998
245 980 -16958
245 989 -4443
245 990 -6491
245 991 8122
245 1003 -12702
246 8 6717
246 19 -12676
246 151 11449
246 192 13614
246 205 2909
246 255 5001
246 281 18367
246 299 3766
246 343 -3838
246 353 -9591
246 363 -1037
246 420 -10272
246 427 2119
246 450 15997
246 474 1120
246 475 -12896
246 483 712
246 486 -14003
246 608 -5550
246 627 9624
246 654 1754
246 657 -13863
246 672 -1095
246 679 10270
246 687 1022
246 755 9758
246 758 5695
246 769 -14719
246 775 7011
246 817 14050
246 841 -8972
246 854 14837
246 865 14207
246 869 2102
246 880 -4289
246 892 -985
246 918 -7466
246 919 -5279
246 921 -13724
246 925 8970
246 931 -10402
246 932 18201
246 961 -10796
246 967 -16124
246 1005 -18048
247 23 1544
247 85 -3697
247 109 -10772
247 181 2216
247 192 -6252
247 201 10120
247 218 -15085
247 222 18409
247 228 8015
247 233 15387
247 277 8461
247 308 3552
247 316 -11587
247 333 -5853
247 344 3919
247 379 -12244
247 380 -13903
247 424 -11148
247 453 -16904
247 459 4559
247 498 -17864
247 536 11670
247 574 2196
247 589 2844
247 593 367
247 627 1269
247 642 -191
247 679 1247
247 694 -9642
247 696 -18432
247 697 -10579
247 712 -16462
247 713 2527
247 724 -276
247 737 -15798
247 751 -5041
247 754 -16938
247 846 -8051
247 850 -12654
247 858 -11151
247 887 -9921
247 912 -3391
247 928 -17540
247 941 2823
247 1011 -14674
248 0 -12578
248 9 10887
248 14 2566
248 19 -2267
248 21 -8612
248 73 8209
248 85 1678
248 142 7554
248 155 -12087
248 159 15510
248 194 -18262
248 200 -4976
248 207 -16220
248 216 -17042
248 226 -10254
248 275 3691
248 276 -11202
248 279 -631
248 286 2644
248 318 6033
248 330 12697
248 335 -4034
248 355 12072
248 368 2348
248 371 2470
248 419 18729
248 426 -973
248 433 3288
248 437 11170
248 454 -9678
248 480 -12720
248 483 -15900
248 498 3040
248 506 13375
248 510 10236
248 538 17048
248 540 -9329
248 570 -16200
248 602 9487
248 640 -560
248 657 868
248 681 -2502
248 724 5251
248 782 -14258
248 788 1388
248 795 -9510
248 797 -10480
248 798 11146
248 820 7732
248 822 -12573
248 852 10034
248 896 258
248 900 -2431
248 908 16968
248 971 -13583
248 983 -9706
248 997 2780
249 20 16269
249 21 -12591
249 24 7947
249 35 5508
249 38 6483
249 40 -12901
249 43 -9836
249 67 3671
249 74 -1595
249 140 -8318
249 170 -6024
249 174 12456
249 198 9536
249 244 18166
249 256 17986
249 283 4668
249 284 4165
249 301 8109
249 307 16587
249 309 -3120
249 312 -17454
249 338 -9411
249 343 -4942
249 368 -1056
249 413 -17478
249 448 -392
249 477 1514
249 490 -18229
249 491 676
249 558 -3609
249 560 -18223
249 576 15992
249 602 15075
249 608 1501
249 615 -3158
249 636 10140
249 656 -18315
249 681 -9434
249 744 7662
249 757 6265
249 793 17310
249 848 -8280
249 853 -11646
249 860 -3762
249 889 13593
249 946 13640
249 949 -7428
249 952 12378
249 961 -15573
249 990 7036
250 25 2222
250 31 944
250 46 12726
250 54 -15366
250 62 4906
250 66 11198
250 86 -8261
250 88 14467
250 92 5649
250 129 2614
250 135 4025
250 136 -11353
250 139 17594
250 145 -100
250 173 6229
250 198 6341
250 217 -16866
250 223 13460
250 278 12037
250 293 -11702
250 295 8270
250 298 -3278
250 305 3603
250 318 13912
250 322 5777
250 369 8298
250 374 13507
250 415 16431
250 425 -7081
250 440 -6412
250 468 368
250 486 8746
250 497 -14723
250 517 -15652
250 557 15772
250 614 -17249
250 667 14187
250 700 3503
250 702 -12587
250 713 5774
250 763 -6026
250 791 10666
250 796 2128
250 812 3719
250 827 -17587
250 861 10025
250 867 -10265
250 877 4232
250 920 -1309
250 974 -4779
250 980 1906
250 982 16593
250 1020 -2609
251 4 6310
251 6 562
251 20 7582
251 27 8428
251 32 -18632
251 50 1645
251 57 -7941
251 78 -16391
251 86 12456
251 91 -14439
251 92 -13641
251 111 5212
251 132 -12750
251 178 -4166
251 180 9629
251 183 3828
251 190 9596
251 223 -7954
251 228 -16352
251 232 -3515
251 233 10852
251 282 16403
251 305 -2522
251 336 15064
251 345 -14009
251 361 -1011
251 363 12216
251 371 -9538
251 393 247
251 437 2733
251 471 -9131
251 479 -11568
251 486 -3847
251 525 1123
251 554 -17058
251 556 12778
251 568 13075
251 578 -2201
251 621 10310
251 625 4308
251 638 9567
251 660 -12299
251 697 16544
251 702 10209
251 732 -16337
251 751 11479
251 769 -6993
251 795 1876
251 854 -627
251 875 12471
251 905 1809
251 915 12642
251 923 -5800
251 934 8067
251 949 6853
251 956 -3218
251 966 2933
251 972 15118
251 1010 5925
251 1022 1824
252 0 6223
252 8 13774
252 16 -18560
252 75 13404
252 85 12786
252 90 -7297
252 112 -8032
252 131 -15918
252 200 14334
252 210 10005
252 214 -7262
252 216 17732
252 237 6443
252 250 4935
252 253 -832
252 294 397
252 302 12479
252 304 -487
252 320 -8415
252 326 9763
252 361 -11247
252 368 -9909
252 374 18614
252 385 4473
252 389 329
252 390 -11533
252 391 -3380
252 395 6426
252 421 16634
252 441 14347
252 487 5912
252 507 -17357
252 510 -8134
252 560 4272
252 574 14296
252 583 -1972
252 621 3279
252 632 14
252 675 -10460
252 706 4956
252 754 -14852
252 815 -12751
252 829 18586
252 861 3094
252 866 -651
252 928 18010
252 950 5688
252 1003 12337
252 1015 -11868
252 1016 10813
252 1019 769
252 1023 5908
253 0 18569
253 1 -14635
253 87 -590
253 99 12614
253 112 2166
253 130 -14959
253 151 7352
253 157 -1557
253 166 15699
253 191 6272
253 203 9644
253 231 -1578
253 245 -17533
253 256 -6953
253 296 384
253 304 4213
253 305 -14517
253 309 -6020
253 330 -3687
253 348 -15224
253 366 -16115
253 374 -14856
253 412 13896
253 447 12303
253 469 14920
253 525 -11944
253 536 12070
253 542 -4061
253 543 -561
253 548 12526
253 556 -4272
253 564 5595
253 593 -4176
253 666 16856
253 668 -2511
253 672 2799
253 715 -12824
253 723 -1838
253 764 -4371
253 773 -17611
253 777 13210
253 785 9215
253 792 -17374
253 829 11330
253 857 17840
253 869 -12145
253 890 -716
253 900 -18613
253 916 -5550
253 944 -18625
253 979 7772
254 18 9922
254 24 -6705
254 41 4097
254 49 -9972
254 74 -11207
254 81 -7392
254 82 -9028
254 98 5634
254 101 -16299
254 105 1954
254 112 6107
254 124 -6176
254 170 18761
254 204 16897
254 232 18478
254 241 -7273
254 264 -2777
254 305 -2388
254 327 7186
254 342 -8131
254 384 14733
254 386 -7858
254 392 4293
254 393 4419
254 413 -4982
254 417 -9952
254 426 15993
254 438 -12095
254 478 -2752
254 523 -5010
254 539 -14200
254 547 -8689
254 563 -2847
254 611 -13217
254 672 16573
254 680 17032
254 684 16460
254 706 -9883
254 752 -954
254 819 -14620
254 841 12904
254 859 -2058
254 863 6865
254 865 2166
254 866 -6800
254 894 1465
254 896 2479
254 898 11161
254 910 -1816
254 938 12957
254 955 7750
254 961 -390
254 970 -7544
254 993 -11570
254 1023 -14604
255 5 1012
255 29 10836
255 33 10271
255 45 -7741
255 64 15812
255 96 -12435
255 103 -11971
255 110 -3709
255 124 8326
255 128 897
255 189 17472
255 191 -11322
255 197 -3363
255 211 3260
255 270 -1788
255 291 -8758
255 298 3081
255 305 -3583
255 327 1673
255 360 13402
255 395 -4248
255 396 -1818
255 414 -14511
255 436 9972
255 447 8438
255 459 -13288
255 479 14673
255 510 -10218
255 625 14959
255 631 -17012
255 651 2100
255 657 -10754
255 677 15353
255 682 -12415
255 689 8426
255 716 13785
255 735 -5274
255 737 -13577
255 739 18635
255 747 -15107
255 776 -3865
255 777 9850
255 778 15980
255 784 -18728
255 795 -327
255 798 14634
255 814 -15385
255 817 13740
255 840 2573
255 847 13967
255 852 3526
255 862 18776
255 871 11467
255 874 5659
255 875 14231
255 876 14789
255 889 5691
255 893 -13742
255 906 258
255 914 -13252
255 963 -10598
255 1003 -13590
255 1011 11421
255 1021 -12165
256 59 12768
256 76 -7282
256 84 -9349
256 96 18258
256 97 16190
256 114 7079
256 123 3220
256 145 -10317
256 168 -14655
256 173 -5852
256 184 -11917
256 211 9227
256 221 -736
256 245 -10516
256 298 -9142
256 300 7908
256 346 585
256 361 10537
256 401 12504
256 403 11733
256 427 -14897
256 428 -6605
256 439 11668
256 480 9780
256 483 -14602
256 537 17923
256 560 -15852
256 561 11434
256 651 -7983
256 655 10746
256 668 27
256 683 1526
256 698 -11353
256 737 -10797
256 782 -9826
256 788 -2771
256 794 -4843
256 810 -6496
256 840 -11299
256 861 927
256 873 8885
256 911 7577
256 927 -16986
256 964 322
256 993 -16914
256 1006 -2270
257 8 8196
257 24 13787
257 52 -9008
257 78 -3005
257 153 -16448
257 162 17771
257 185 5422
257 213 3759
257 215 -1299
257 275 -1567
257 280 -16286
257 298 14400
257 318 718
257 331 7534
257 356 -14261
257 358 17836
257 374 -17238
257 379 5896
257 384 -8074
257 486 -3615
257 498 9466
257 509 3830
257 513 8634
257 517 -2248
257 524 -551
257 581 -11075
257 594 -9033
257 605 -17147
257 610 4389
257 633 45
257 701 11132
257 716 -11981
257 726 -2260
257 740 8209
257 817 3912
257 834 -2113
257 846 -1410
257 854 10342
257 893 16523
257 975 6568
257 987 5166
257 997 10641
257 1002 -13197
258 0 16285
258 51 -16533
258 106 14053
258 112 -4503
258 242 -6543
258 248 15646
258 251 2526
258 286 -9390
258 290 -1543
258 292 6393
258 336 -16356
258 344 -2928
258 346 13968
258 347 -12723
258 351 7796
258 361 -6030
258 370 12179
258 374 164
258 384 -15242
258 385 -8138
258 439 -17400
258 461 -11299
258 471 -12934
258 490 -887
258 498 6676
258 542 12016
258 555 5793
258 624 134
258 670 -9189
258 672 -10321
258 680 -14107
258 696 -7613
258 720 -9898
258 773 8636
258 788 716
258 794 17009
258 800 -11013
258 812 7978
258 841 -6274
258 846 -2565
258 850 -16429
258 904 18415
258 925 8556
258 928 8610
258 941 15653
258 951 -7689
258 988 488
258 993 -14190
259 16 1400
259 22 2947
259 44 -2760
259 60 18570
259 67 -18203
259 96 -3534
259 111 -18472
259 149 11946
259 187 -18179
259 192 18363
259 210 5919
259 254 13918
259 339 2649
259 356 -2097
259 400 13332
259 405 3777
259 448 -13254
259 451 -16174
259 465 -8024
259 513 709
259 524 9830
259 543 10311
259 545 6961
259 577 4336
259 578 -14208
259 602 20
259 625 -18100
259 640 13506
259 663 -1256
259 667 -2457
259 692 -686
259 703 17540
259 721 6268
259 727 4208
259 739 -16536
259 783 6268
259 798 -12966
259 817 -4285
259 832 -861
259 844 6589
259 850 10300
259 863 -1555
259 882 -10215
259 887 -15214
259 910 -12027
259 929 3019
259 935 4068
259 942 8153
259 954 1287
259 961 -8374
259 963 -7211
259 982 2608
259 991 11225
259 995 -15559
259 1015 -8649
260 45 1878
260 57 6373
260 75 7296
260 120 15048
260 139 -11076
260 149 -12953
260 169 15143
260 183 -5289
260 185 -11197
260 187 -6588
260 222 -9868
260 229 7478
260 314 -12307
260 316 6530
260 323 11495
260 334 9905
260 338 -18211
260 352 2434
260 382 8173
260 397 5777
260 399 457
260 416 -18274
260 434 5647
260 475 2082
260 482 -8571
260 497 5508
260 530 7595
260 573 -857
260 582 1840
260 643 -1336
260 674 12238
260 683 -17886
260 719 -15951
260 765 10503
260 773 4335
260 787 -10749
260 796 -13856
260 827 15193
260 841 -613
260 855 8306
260 869 -18378
260 886 -9733
260 900 6830
260 904 6185
260 914 2575
260 953 -299
260 956 -4448
260 963 17860
260 983 -2646
260 1006 -3536
260 1007 5174
260 1008 -8780
260 1017 16220
261 4 -17441
261 11 16131
261 19 -5419
261 30 -18706
261 43 6012
261 48 16041
261 50 14509
261 52 2919
261 75 12589
261 76 -14919
261 77 -5048
261 90 -8890
261 93 2749
261 130 16137
261 157 -5677
261 172 -6780
261 216 -10980
261 223 8685
261 232 -6325
261 238 -7684
261 260 -4130
261 314 4083
261 340 -9080
261 376 17078
261 398 10468
261 400 -10284
261 423 -17384
261 453 -17361
261 470 -7101
261 475 -7350
261 498 -14706
261 506 8290
261 519 1908
261 543 -4448
261 566 3733
261 567 11227
261 579 -11802
261 615 12574
261 643 3088
261 702 14097
261 705 -16737
261 727 -15722
261 745 12559
261 750 6380
261 818 14312
261 854 5184
261 860 5576
261 867 -18201
261 884 -28
261 887 15785
261 904 -1131
261 940 -12924
261 973 -12990
261 983 -12236
261 992 12020
262 9 -6078
262 31 690
262 36 -12818
262 50 -4240
262 53 6072
262 93 -14203
262 95 -17349
262 101 -6630
262 116 6044
262 136 -15098
262 286 11747
262 294 -11016
262 324 -11216
262 359 16914
262 383 14227
262 384 2004
262 398 15241
262 404 1659
262 417 3769
262 431 -3946
262 446 15493
262 451 -18710
262 459 17851
262 479 -15204
262 510 -10523
262 513 -3607
262 563 -1204
262 564 1397
262 567 -5342
262 604 10999
262 640 -15467
262 648 4329
262 653 -14657
262 669 -4852
262 692 11294
262 700 -2398
262 712 -5077
262 713 -7343
262 723 18143
262 724 18766
262 733 -4754
262 748 -18005
262 755 -5983
262 780 -5716
262 801 -3309
262 847 -15377
262 851 17339
262 858 -14193
262 882 -14218
262 900 -367
262 904 -16509
262 922 -2745
262 928 17855
262 981 -1180
262 982 12590
262 997 12348
262 1012 -9948
262 1014 -5652
263 0 -3791
263 24 14105
263 47 3038
263 107 -1792
263 126 -15672
263 155 -16226
263 168 9439
263 178 -10359
263 301 15576
263 347 -14258
263 365 -3175
263 369 -6307
263 376 10582
263 384 15944
263 407 14925
263 460 -2099
263 466 1358
263 529 9801
263 545 7172
263 550 4536
263 589 2625
263 593 -5737
263 602 -645
263 604 15495
263 628 -18403
263 662 -17482
263 687 -3315
263 707 -15894
263 762 1006
263 771 -7119
263 775 -16335
263 781 6723
263 789 -5080
263 802 -539
263 824 -4979
263 837 -759
263 861 14930
263 930 -11474
263 947 -13988
263 958 -5968
263 959 -5987
263 968 -7673
263 982 -6801
263 987 12254
264 39 -18168
264 45 6588
264 48 -12166
264 61 4535
264 76 8380
264 78 17773
264 113 15759
264 123 -6252
264 136 -10127
264 143 3783
264 158 1604
264 160 -12405
264 174 2827
264 204 -2795
264 261 10420
264 275 -12488
264 289 14229
264 351 -13941
264 359 7832
264 374 -4908
264 381 -7101
264 414 8524
264 417 8557
264 422 -18175
264 451 -10943
264 456 4645
264 482 18106
264 490 -17932
264 505 3170
264 510 -15615
264 555 11759
264 586 -13823
264 589 -1232
264 599 -16936
264 612 127
264 614 -14016
264 623 -1674
264 646 4290
264 696 -13712
264 711 7674
264 715 -751
264 735 11831
264 777 18074
264 797 6284
264 799 2536
264 819 16622
264 829 16039
264 847 14250
264 855 9122
264 867 6643
264 883 -18565
264 902 13641
264 929 -12194
264 953 13096
264 957 -5831
264 970 -10088
264 986 -7395
264 1013 2594
264 1016 12810
264 1017 6237
264 1020 10861
265 2 16081
265 6 13032
265 13 1942
265 46 3518
265 47 -16865
265 58 16662
265 71 10438
265 94 7587
265 101 -10751
265 175 -6452
265 252 -10593
265 306 -17175
265 315 -18743
265 333 16168
265 347 6679
265 348 -6214
265 353 785
265 380 -10292
265 384 14942
265 392 -14551
265 426 -3146
265 468 -814
265 483 -14498
265 518 17094
265 526 2723
265 536 -17367
265 537 -15291
265 538 -18582
265 540 13428
265 543 1720
265 582 -14050
265 592 -18480
265 598 -10938
265 607 12663
265 609 16404
265 629 15450
265 733 -18333
265 734 -18370
265 739 1240
265 740 -7252
265 775 -18098
265 807 18012
265 855 7303
265 885 -1614
265 895 -3943
265 905 1222
265 922 10377
265 928 -3012
265 940 -8161
265 952 -15103
265 970 16798
265 971 -3372
265 985 -7928
265 1007 -10804
265 1011 -13593
266 64 -17091
266 65 16316
266 71 7021
266 82 -2425
266 100 2121
266 101 17688
266 107 6724
266 114 16167
266 121 -3315
266 145 12101
266 149 -4041
266 160 1476
266 163 -7662
266 250 5989
266 263 -4332
266 291 15063
266 307 3699
266 308 -444
266 313 -1956
266 329 5350
266 348 -13813
266 365 -2931
266 376 518
266 443 -12039
266 449 13991
266 456 111
266 473 -11643
266 486 -15030
266 518 578
266 554 -12397
266 578 18746
266 613 -6123
266 691 16613
266 698 -7352
266 718 54
266 731 3870
266 763 2011
266 782 16587
266 798 1791
266 809 -14187
266 835 9080
266 856 -13795
266 863 6591
266 898 -6115
266 914 12728
266 948 11782
266 978 18710
266 987 -16094
267 61 12310
267 64 -10537
267 99 -4111
267 116 -11988
267 119 13689
267 128 -15443
267 153 -3269
267 237 1449
267 241 -3630
267 250 -2663
267 253 10078
267 254 -7845
267 268 16829
267 289 13096
267 293 -15561
267 306 10146
267 364 6751
267 436 11435
267 478 4051
267 492 17014
267 538 -11584
267 540 -15062
267 541 9673
267 544 -14552
267 593 8887
267 595 -16430
267 625 11448
267 641 16317
267 649 17058
267 701 5649
267 739 -16526
267 755 -1153
267 760 8256
267 773 17348
267 829 11563
267 838 -18737
267 854 17351
267 859 17810
267 904 -6345
267 996 13165
267 1002 -11132
267 1006 3825
268 9 15341
268 37 3419
268 50 -17253
268 57 13175
268 72 -9190
268 109 -18611
268 113 16731
268 120 4507
268 126 -10630
268 141 2236
268 164 -5197
268 169 -14094
268 191 15606
268 219 6533
268 248 -842
268 255 -814
268 268 -445
268 270 7503
268 330 -11508
268 361 9274
268 403 2772
268 413 -3680
268 419 14712
268 422 9953
268 430 5559
268 434 5488
268 441 -15022
268 457 8047
268 467 -11868
268 468 -11498
268 483 16096
268 491 14125
268 514 -2953
268 540 9644
268 582 -11109
268 666 12323
268 671 2768
268 672 14431
268 678 6197
268 683 -8457
268 700 668
268 749 -1570
268 757 -7157
268 762 -7972
268 812 -9482
268 822 10740
268 829 -11616
268 857 17148
268 858 12669
268 869 9605
268 878 -12092
268 879 2000
268 891 -16003
268 911 6908
268 921 -3755
268 925 -7044
268 933 -7430
268 938 -1257
268 951 6136
268 955 -10382
268 960 -1755
268 966 429
268 1014 11609
269 17 17049
269 18 14399
269 51 11181
269 79 -1311
269 90 -5916
269 120 17556
269 124 4467
269 154 -16808
269 176 13591
269 183 -4464
269 187 6193
269 210 -18585
269 224 -18187
269 229 -5140
269 279 14533
269 280 -11304
269 281 3456
269 284 14189
269 290 6579
269 307 -11034
269 371 -17740
269 375 -115
269 418 7037
269 476 -5604
269 489 3077
269 515 10685
269 532 4341
269 569 9157
269 596 -10398
269 626 3725
269 645 -12112
269 646 -2413
269 648 812
269 656 16977
269 696 5735
269 705 9474
269 707 -5493
269 714 16934
269 751 4762
269 756 1838
269 764 2041
269 766 11162
269 810 3473
269 820 6529
269 828 -7490
269 861 -13878
269 875 606
269 881 -4258
269 884 4849
269 888 17973
269 890 4983
269 895 -18704
269 909 -15857
269 913 -18730
269 946 4532
269 965 -7635
269 988 11424
269 1021 -6253
270 25 -4016
270 55 -10098
270 60 -12982
270 73 -1184
270 84 -2940
270 95 9993
270 119 -17325
270 159 8847
270 164 -1240
270 169 8572
270 175 -5617
270 203 -408
270 217 -5916
270 235 -8639
270 238 12651
270 247 2295
270 255 13282
270 331 7667
270 333 -17781
270 334 -9996
270 335 -1977
270 377 2552
270 395 14347
270 404 3173
270 425 13882
270 504 6459
270 508 947
270 558 -10385
270 568 11130
270 613 18633
270 616 -6579
270 635 3128
270 653 -3881
270 666 -6934
270 724 -144
270 729 1250
270 743 -5832
270 753 -3454
270 755 -847
270 776 -13935
270 800 -10935
270 856 1148
270 864 16992
270 881 -18682
270 901 10693
270 909 -5935
270 949 -15905
270 992 13442
271 9 1369
271 67 -9557
271 84 1741
271 135 -13366
271 159 9013
271 175 15851
271 179 18689
271 210 2120
271 239 -6098
271 242 14116
271 253 7048
271 281 13699
271 320 12406
271 322 -3950
271 328 -17927
271 359 1185
271 388 15859
271 389 -4038
271 393 -18219
271 434 -13959
271 439 8028
271 445 1807
271 450 11848
271 460 -16078
271 537 4411
271 565 -12582
271 597 18183
271 598 -14991
271 623 -296
271 667 -6581
271 678 -3124
271 683 -981
271 691 -13690
271 699 13122
271 707 11156
271 710 15497
271 760 -12649
271 765 -17941
271 770 18790
271 783 -2498
271 789 17994
271 843 14148
271 859 7471
271 894 9361
271 927 -7543
271 950 13765
271 956 -12159
271 978 6304
271 982 14785
271 994 -13497
271 996 -12153
271 1005 11491
271 1016 6828
271 1018 -9612
272 15 -13887
272 59 12391
272 79 -6214
272 114 -12571
272 158 -10703
272 173 8225
272 194 -3749
272 209 1786
272 271 17196
272 274 -8366
272 280 -10643
272 301 3222
272 312 8976
272 319 -18329
272 322 4532
272 343 -15516
272 350 -3580
272 374 14382
272 383 -5661
272 399 -5897
272 421 -2791
272 453 -10051
272 461 -3470
272 485 -8446
272 503 4460
272 542 15710
272 569 15603
272 575 -11990
272 602 424
272 608 17599
272 610 -2806
272 628 -10338
272 644 -5545
272 648 -2472
272 675 -10759
272 677 -15504
272 678 17686
272 682 -7345
272 688 18302
272 712 -8183
272 715 -975
272 729 -2365
272 741 7893
272 762 6056
272 803 -9126
272 840 -15950
272 880 -14367
272 897 13678
272 913 872
272 920 10600
272 944 -14898
272 959 -10354
272 972 14021
272 978 -14580
272 1009 -17137
273 74 -1876
273 80 -12712
273 82 -8650
273 85 14060
273 100 18242
273 113 18784
273 149 9061
273 161 -3808
273 191 5013
273 219 13320
273 225 13070
273 235 -412
273 240 10577
273 259 10780
273 283 5511
273 325 -18130
273 326 -12846
273 350 4759
273 367 4379
273 399 9886
273 400 -1986
273 401 -8947
273 403 -17687
273 464 1640
273 469 15715
273 542 3825
273 546 -2456
273 563 136
273 564 -16380
273 569 -9974
273 592 11569
273 636 9555
273 637 16303
273 647 -18499
273 678 -11866
273 707 -14776
273 716 -6991
273 723 10338
273 740 -4787
273 756 3769
273 765 4373
273 766 -11798
273 771 16463
273 776 1762
273 780 -4327
273 790 -4999
273 819 -12254
273 844 6554
273 849 -6660
273 880 400
273 893 -3074
273 902 -1859
273 947 3260
273 961 3178
273 969 -11008
273 1019 -18761
274 6 -18203
274 13 13116
274 14 -13973
274 15 15777
274 19 9778
274 27 -12980
274 81 11209
274 89 -3311
274 111 -8499
274 118 -888
274 132 14045
274 146 -8110
274 152 -8622
274 165 13731
274 173 14996
274 189 7997
274 198 6098
274 204 3072
274 224 -3613
274 240 -1671
274 253 1247
274 286 -11496
274 299 8043
274 328 10664
274 336 5193
274 338 -668
274 381 -13325
274 416 17490
274 420 -6534
274 442 -5821
274 462 5316
274 493 -12546
274 501 -5186
274 536 1676
274 537 9355
274 559 5311
274 560 14655
274 568 -785
274 613 8865
274 622 11666
274 624 10723
274 631 12653
274 677 -9330
274 704 -10770
274 718 -14050
274 728 -6545
274 761 18064
274 765 -12500
274 809 -2555
274 820 -15943
274 847 -14685
274 901 2383
274 905 17488
274 910 -10676
274 911 -10435
274 937 -13163
274 940 -17615
274 960 -9144
274 976 3374
274 989 11815
274 995 -18554
274 1005 6964
275 9 -2699
275 65 6238
275 89 9173
275 134 -3154
275 168 1975
275 171 10027
275 218 -5387
275 266 -7543
275 273 -13277
275 291 -15045
275 298 5931
275 339 -7652
275 343 6173
275 376 -219
275 379 16098
275 392 -2412
275 395 7194
275 418 11713
275 446 -2898
275 461 -16189
275 469 18090
275 479 -151
275 495 513
275 521 -12131
275 612 852
275 623 -9413
275 631 -8237
275 640 -11964
275 652 6404
275 670 2752
275 677 -12512
275 734 6689
275 741 -17506
275 742 5208
275 854 18624
275 871 -4055
275 901 1515
275 952 -12193
275 992 17401
275 1002 -17368
275 1007 -10055
275 1009 -12146
275 1014 -12499
276 3 6645
276 15 -11024
276 17 16307
276 37 8132
276 46 -12928
276 62 13530
276 81 17132
276 87 4546
276 163 -7820
276 197 10275
276 199 -36
276 213 12438
276 240 8937
276 243 3736
276 253 18741
276 260 -5743
276 301 -16103
276 319 6293
276 324 13306
276 456 -17380
276 460 -13177
276 461 13174
276 477 10084
276 491 11337
276 514 -18778
276 520 -3544
276 545 10870
276 549 -9997
276 578 2791
276 623 -16895
276 632 4649
276 644 -6374
276 670 18147
276 696 -11068
276 709 -17105
276 716 16566
276 718 -4637
276 753 -3552
276 807 -10324
276 810 14088
276 850 6454
276 875 -11763
276 921 4712
276 965 4489
276 1017 -9648
277 13 17070
277 49 1079
277 52 -16777
277 57 -12956
277 91 6065
277 92 530
277 139 -3645
277 167 12311
277 168 8846
277 181 -12068
277 182 15694
277 239 -3294
277 274 10181
277 278 -3018
277 299 15028
277 327 17230
277 328 7580
277 333 1055
277 346 1219
277 349 17631
277 353 -10669
277 362 -2485
277 366 -12923
277 374 -10527
277 398 7927
277 417 9477
277 429 -13690
277 430 -9224
277 444 -1198
277 487 -15505
277 500 9849
277 504 15986
277 509 3596
277 564 -16660
277 569 -2373
277 575 4911
277 576 -15050
277 578 -12249
277 579 -14911
277 584 1040
277 606 -18019
277 646 2824
277 691 -10799
277 703 4189
277 706 -5457
277 739 -16154
277 763 -8410
277 773 -11290
277 783 3279
277 859 -17338
277 879 17096
277 905 -10934
277 945 -2307
277 993 9847
278 23 9184
278 29 -3046
278 50 -17826
278 61 979
278 99 -10968
278 117 17493
278 126 -8811
278 155 -2912
278 159 7018
278 171 3194
278 172 -18318
278 178 2158
278 186 -5303
278 222 4006
278 245 8100
278 261 2820
278 284 -3574
278 317 -8048
278 336 -9677
278 339 -13568
278 384 6988
278 400 1733
278 401 -15359
278 402 -12047
278 411 1945
278 416 7255
278 463 9030
278 486 -887
278 493 -6730
278 532 -10720
278 552 -9476
278 554 3842
278 564 -17413
278 582 6469
278 599 16710
278 716 2084
278 754 13277
278 762 -2635
278 765 -12397
278 786 -10675
278 833 -8657
278 854 -6125
278 878 14789
278 880 11816
278 883 -9567
278 886 -6648
278 923 -6933
278 936 -9265
278 957 -9132
278 1008 8164
278 1019 -4523
279 3 -4103
279 63 6118
279 65 -13928
279 113 12667
279 122 -7875
279 131 11913
279 148 9975
279 152 7871
279 157 15011
279 167 15622
279 170 11736
279 188 -8500
279 262 -16775
279 277 -1781
279 292 4934
279 294 14156
279 296 -17724
279 315 -11364
279 345 7645
279 354 18350
279 367 11864
279 370 -11199
279 385 13359
279 390 2539
279 398 6493
279 422 -4268
279 437 17051
279 439 -8083
279 448 892
279 464 -9118
279 498 1293
279 514 -5694
279 563 -5060
279 574 6783
279 656 9957
279 689 -5843
279 695 -3684
279 709 -17405
279 723 -14261
279 724 -13385
279 740 -10269
279 741 14223
279 744 6541
279 750 14213
279 758 -14151
279 774 1564
279 781 -10505
279 789 1404
279 802 14133
279 817 -13778
279 864 5976
279 875 17326
279 889 -18774
279 900 -7331
279 902 -2968
279 989 7647
280 47 -18717
280 63 -9096
280 66 -9185
280 133 -9627
280 168 -4726
280 175 -14184
280 179 -15890
280 181 -2885
280 227 -14493
280 242 11813
280 252 15668
280 273 -6622
280 311 -5583
280 314 18676
280 330 11391
280 336 -1845
280 338 -5608
280 342 -515
280 358 936
280 420 521
280 484 -3738
280 503 15434
280 506 -7178
280 551 -17046
280 565 -2918
280 584 4756
280 629 2777
280 642 10343
280 648 -5851
280 650 -10306
280 656 2754
280 683 5948
280 697 -11550
280 720 1232
280 728 3713
280 774 -13066
280 804 6471
280 810 10467
280 840 -15809
280 854 -5495
280 862 -2988
280 865 16561
280 882 -9689
280 923 -15932
280 942 2001
280 949 17069
280 968 16180
280 993 -18396
280 995 1642
280 1020 -15181
281 2 -2588
281 3 -9207
281 24 17900
281 29 -5565
281 35 -4465
281 68 -6841
281 69 16479
281 79 -11065
281 135 -10384
281 143 -16628
281 145 -14971
281 161 10337
281 163 10024
281 172 -221
281 197 14918
281 243 143
281 263 -5826
281 288 4220
281 293 2776
281 317 6491
281 318 -1833
281 327 -10966
281 331 -14207
281 376 3217
281 437 13414
281 447 5414
281 463 15077
281 479 7294
281 523 -3234
281 528 -4673
281 531 7224
281 534 -166
281 553 -6749
281 563 -13934
281 569 2087
281 581 17646
281 583 9086
281 597 -12809
281 615 -17350
281 695 14859
281 702 1194
281 786 -10025
281 826 -12104
281 856 10201
281 956 -1382
281 996 17101
282 35 -9446
282 48 15455
282 50 5368
282 57 3452
282 102 7506
282 114 16229
282 146 3710
282 184 -11293
282 196 -12535
282 202 10010
282 215 -6968
282 222 2965
282 228 -14388
282 229 10175
282 251 -15673
282 316 8569
282 322 -13830
282 342 7789
282 383 -9247
282 426 -219
282 474 -6058
282 485 2757
282 489 -4236
282 508 -1385
282 528 2681
282 537 6529
282 566 16640
282 573 -4707
282 598 299
282 664 -15215
282 683 8778
282 697 -9150
282 710 -4618
282 734 -2295
282 743 11006
282 767 8332
282 782 -5930
282 816 -16905
282 838 5607
282 858 7966
282 865 -17409
282 873 291
282 881 11915
282 892 14914
282 897 5401
282 902 16176
282 906 -8628
282 928 -2288
282 936 -12037
282 944 15738
282 993 9606
282 1013 7133
283 36 15435
283 95 16679
283 123 -7353
283 141 7582
283 147 -2605
283 163 -7930
283 172 -3985
283 181 15652
283 182 2190
283 191 -590
283 197 4722
283 205 -412
283 216 -10369
283 249 -2022
283 255 2458
283 274 5788
283 292 16938
283 323 -17637
283 376 -11889
283 442 4130
283 454 -5914
283 458 -12292
283 460 10079
283 465 -8525
283 473 -9120
283 511 5395
283 522 15746
283 538 -17386
283 610 -7904
283 619 1797
283 622 -17573
283 679 -4343
283 689 14420
283 695 16988
283 734 -8201
283 746 -1654
283 765 -17839
283 791 -16164
283 800 1812
283 806 -2077
283 838 18091
283 888 4926
283 897 18618
283 944 -16947
283 945 -15613
283 953 -6636
283 955 11172
283 967 -2635
283 978 -3841
283 999 -17720
283 1003 -10019
283 1008 -16132
283 1009 14123
283 1022 -16686
284 3 -3465
284 46 10994
284 56 15273
284 58 -8708
284 77 -8738
284 105 16134
284 136 2527
284 228 -4424
284 232 -9872
284 242 11225
284 253 -5454
284 279 -4259
284 305 -8647
284 327 10177
284 350 -1041
284 375 9675
284 393 7117
284 411 11252
284 465 6822
284 468 14679
284 476 16630
284 497 1320
284 526 -13872
284 573 3869
284 633 13771
284 643 -8830
284 663 -3609
284 683 12113
284 691 5544
284 726 -2021
284 738 -16209
284 787 11664
284 790 -5576
284 865 -8447
284 866 -12209
284 885 -384
284 890 -431
284 894 -1568
284 898 11873
284 914 14710
284 927 -11278
284 928 14778
284 946 -7348
285 27 5428
285 33 11077
285 57 -10796
285 105 -16991
285 119 -8180
285 120 18273
285 121 -16568
285 131 -4477
285 137 -12023
285 138 -1052
285 149 -11841
285 165 -17100
285 175 -2121
285 181 -1206
285 184 -16540
285 215 6173
285 218 -12614
285 232 -17044
285 253 -4133
285 260 -17475
285 267 -10165
285 269 7461
285 271 18346
285 277 15787
285 315 -5206
285 341 7411
285 363 -2397
285 380 2613
285 390 14751
285 400 -3074
285 404 -5641
285 511 1057
285 522 11754
285 537 18021
285 553 14643
285 568 -9991
285 572 -12571
285 577 -6869
285 595 -9730
285 642 2499
285 647 -15084
285 667 6602
285 679 -4992
285 686 -8075
285 702 -13028
285 715 -16091
285 722 -3651
285 724 -13510
285 733 -9823
285 744 16296
285 760 -12555
285 792 2701
285 793 -4102
285 812 13410
285 835 -15533
285 845 58
285 896 -9962
285 917 8055
286 15 -14898
286 27 4372
286 31 -11212
286 43 10856
286 44 4968
286 51 16791
286 63 -8027
286 100 9173
286 114 9922
286 122 -11170
286 175 10081
286 276 -13786
286 283 -275
286 297 2291
286 303 17202
286 313 9333
286 314 10955
286 327 9832
286 357 -9277
286 406 -16845
286 420 -7219
286 422 -398
286 456 4424
286 462 1032
286 465 -6981
286 589 -13864
286 600 10654
286 601 1284
286 607 15673
286 622 12279
286 644 -10726
286 669 -18017
286 774 10160
286 788 6218
286 813 -9922
286 847 -6189
286 867 12003
286 873 -14108
286 886 -12054
286 914 12193
286 920 -6234
286 921 -16737
286 923 6219
286 966 11631
286 972 -1769
286 988 9481
286 995 -5520
286 1005 17045
287 0 17506
287 6 -1037
287 68 -13928
287 90 5991
287 108 4604
287 142 15562
287 151 -16177
287 180 -4764
287 187 -3542
287 245 988
287 262 -8421
287 286 -6114
287 290 11811
287 342 2281
287 403 -18437
287 444 -9472
287 448 13573
287 464 8129
287 473 -9840
287 475 9134
287 517 349
287 530 10727
287 541 -16215
287 587 17735
287 598 -15068
287 616 -702
287 619 12168
287 623 17652
287 625 13046
287 626 5947
287 629 6105
287 632 9262
287 637 -627
287 639 -5799
287 652 14215
287 705 5898
287 740 -18303
287 742 -7181
287 769 16993
287 770 -12255
287 794 -7947
287 795 -14969
287 878 3055
287 886 -15595
287 902 -17166
287 948 -5220
287 960 -6577
287 964 -17242
287 973 -11826
287 995 5107
287 998 6547
287 999 -1751
287 1013 -5473
287 1018 4562
288 68 7832
288 78 -3673
288 91 2953
288 148 -1004
288 149 13284
288 164 -15204
288 205 15134
288 206 3873
288 234 -10851
288 255 9397
288 279 -13577
288 280 -10552
288 311 -6159
288 314 17744
288 323 10307
288 388 15253
288 452 -15973
288 460 16690
288 471 -11089
288 472 -3956
288 540 5581
288 558 8509
288 606 -18618
288 617 -14869
288 703 4126
288 704 18719
288 713 -9194
288 737 -8080
288 765 7699
288 772 -116
288 813 -624
288 823 5619
288 831 14546
288 844 6752
288 855 16509
288 868 16588
288 912 -16927
288 919 16323
288 973 15002
288 999 12456
288 1019 -4237
289 9 -8979
289 27 -17709
289 87 -6910
289 103 12575
289 120 15303
289 126 18307
289 146 15609
289 166 -10499
289 172 -10224
289 214 -11190
289 226 9653
289 234 4261
289 269 11834
289 279 9625
289 332 4458
289 374 -5616
289 381 13813
289 386 -4084
289 409 8690
289 441 -87
289 494 -6757
289 523 -12188
289 539 -8351
289 554 -15459
289 580 -1418
289 589 -11596
289 601 13899
289 657 -15731
289 661 -17996
289 664 5223
289 674 -10487
289 692 -6472
289 693 10694
289 725 -14557
289 757 672
289 771 -1986
289 790 9354
289 792 -30
289 843 5112
289 903 -5352
289 929 -12382
289 947 10247
289 971 -17456
289 994 410
289 1005 -16716
289 1017 -14679
290 41 -3620
290 43 17297
290 58 7455
290 60 11182
290 65 11007
290 68 -17325
290 84 6647
290 93 -9292
290 113 15312
290 119 6683
290 125 13203
290 150 11779
290 179 11640
290 230 6359
290 272 2578
290 290 11858
290 324 -2223
290 342 2755
290 369 -757
290 381 -18480
290 406 -13028
290 425 -17783
290 427 -1182
290 454 18503
290 465 16315
290 489 -4942
290 526 17836
290 537 18769
290 540 1332
290 586 6306
290 607 5814
290 619 13892
290 623 -6786
290 632 -15791
290 639 -3194
290 727 -2271
290 729 -10703
290 736 -14434
290 751 13101
290 755 -5976
290 759 87
290 773 14418
290 775 4529
290 811 -449
290 840 17499
290 873 11503
290 874 11889
290 892 8033
290 912 6941
290 917 -17083
290 925 -4406
290 928 -10758
290 950 -5433
290 951 4574
290 975 -15732
290 994 -7407
290 998 14970
290 999 891
291 9 5315
291 21 -859
291 28 9713
291 117 -13893
291 118 -4878
291 119 -11145
291 126 9788
291 130 -4670
291 192 -12677
291 217 12989
291 221 -11079
291 235 17652
291 251 -15745
291 256 -7732
291 291 5396
291 294 -15343
291 310 8791
291 338 -997
291 353 -6712
291 355 18742
291 369 1235
291 383 -8488
291 384 4387
291 390 15222
291 391 12956
291 397 -14272
291 443 -13284
291 476 7700
291 493 -13488
291 504 15552
291 506 8440
291 525 -5560
291 529 15530
291 567 -3891
291 581 18408
291 638 6267
291 642 9915
291 686 -8302
291 689 -12637
291 701 -113
291 726 16721
291 729 -12479
291 753 5067
291 793 -3847
291 829 1442
291 853 14287
291 855 -17659
291 863 6925
291 873 2310
291 878 -14332
291 892 -16664
291 894 837
291 898 3704
291 905 2272
291 915 1652
292 21 -8405
292 31 -4881
292 62 -15371
292 68 17970
292 77 2039
292 93 14748
292 128 8078
292 138 15514
292 151 -18307
292 154 -11223
292 158 -5133
292 165 9470
292 171 16154
292 200 -4215
292 211 6174
292 240 -7184
292 271 -1226
292 324 -14900
292 338 -6460
292 364 11883
292 371 -5886
292 388 18407
292 435 10200
292 442 -2496
292 444 10668
292 460 10662
292 475 -9052
292 485 11373
292 489 -10731
292 517 -7021
292 558 -2255
292 562 -17922
292 563 18710
292 565 599
292 583 -4229
292 585 11292
292 587 935
292 609 14328
292 648 -2363
292 689 14574
292 707 16327
292 712 10635
292 720 10494
292 782 -3823
292 793 17130
292 814 10855
292 844 11356
292 867 -7925
292 882 7716
292 887 -15585
292 894 9566
292 912 6233
292 916 18120
292 918 -12447
292 951 8817
292 953 14832
292 957 5343
292 968 -5397
292 998 16687
292 1003 12297
293 22 -8374
293 32 -5672
293 35 15165
293 59 -18031
293 82 -18050
293 88 5800
293 104 -13542
293 117 -7028
293 142 3545
293 169 7577
293 176 4369
293 197 -147
293 225 17403
293 286 17793
293 299 2003
293 309 -4337
293 314 -8029
293 320 -17993
293 330 6240
293 379 -11482
293 440 -12250
293 446 -3401
293 457 -18545
293 463 -13492
293 528 3655
293 538 7488
293 539 18291
293 556 7670
293 603 1359
293 612 -1773
293 619 10617
293 646 -7461
293 684 -16424
293 696 -8830
293 731 9786
293 733 9954
293 738 -3861
293 740 16931
293 752 -7579
293 753 -9693
293 786 -15901
293 844 1418
293 845 18539
293 860 -10333
293 866 2923
293 886 -14932
293 888 -1930
293 938 9368
293 946 -4951
293 949 8668
293 1020 -3199
294 6 10564
294 15 -18547
294 20 -18433
294 34 -17912
294 42 -3129
294 62 -1853
294 66 3704
294 75 13669
294 122 -5290
294 123 25
294 125 10264
294 181 6234
294 198 2225
294 212 12865
294 296 9514
294 298 -742
294 303 18601
294 305 5721
294 354 13867
294 362 9329
294 378 -2195
294 407 -13450
294 494 5254
294 517 10866
294 550 -2403
294 561 8676
294 591 -8223
294 609 9917
294 642 -2644
294 643 -12409
294 662 1854
294 688 9259
294 722 -13688
294 734 3493
294 739 -8780
294 743 752
294 744 -1540
294 769 1843
294 770 5293
294 779 895
294 788 16851
294 792 -13809
294 822 -2902
294 834 10153
294 839 18231
294 846 -18546
294 909 -10532
294 917 -4072
294 925 -15405
294 943 17855
294 947 14964
294 977 11666
294 991 -15369
294 997 4352
294 1013 -497
294 1015 15893
294 1019 3603
295 45 11151
295 51 10565
295 53 7641
295 66 10121
295 73 18588
295 88 -7530
295 118 -17648
295 125 6984
295 143 -685
295 151 2401
295 164 -2177
295 177 -2354
295 195 17565
295 229 17100
295 232 -6002
295 298 18294
295 319 8712
295 334 11933
295 359 -9918
295 366 15975
295 369 -8709
295 393 -16254
295 396 15698
295 404 -14576
295 442 7619
295 464 5549
295 491 -460
295 498 -7989
295 514 -591
295 521 18432
295 525 13595
295 537 6748
295 553 -929
295 558 10024
295 561 -4713
295 571 5953
295 601 5129
295 613 17183
295 620 8727
295 640 -8820
295 677 9810
295 702 16010
295 728 11521
295 740 13810
295 749 18173
295 767 -18436
295 769 -13214
295 770 -7058
295 777 -10705
295 831 15451
295 855 13791
295 909 2626
295 965 5803
295 980 -2269
295 988 -18137
295 1005 -5130
296 2 -12701
296 27 13479
296 30 4137
296 40 10835
296 66 -18547
296 122 7440
296 132 -16828
296 220 -365
296 226 -7016
296 231 -11158
296 240 -9393
296 243 -10099
296 283 11745
296 286 7165
296 361 -12927
296 398 13482
296 410 -3577
296 411 -1773
296 413 -15683
296 451 -12370
296 453 -11898
296 517 12670
296 554 -2868
296 565 2911
296 582 -7707
296 583 6808
296 589 -18006
296 593 -13238
296 602 -11475
296 610 -730
296 633 -8634
296 636 -5778
296 649 -3579
296 656 -18582
296 675 722
296 680 -1266
296 706 11377
296 753 8030
296 754 17002
296 756 -1651
296 783 14437
296 792 -16321
296 822 3561
296 823 7424
296 854 -18063
296 879 1123
296 942 1288
296 945 17885
296 946 9048
296 948 -17293
296 989 -7425
296 990 10199
297 5 -6775
297 14 -6035
297 35 8407
297 70 3421
297 124 -5586
297 165 -11000
297 181 -10669
297 229 -73
297 243 7185
297 250 13953
297 268 -6119
297 270 -7816
297 279 -18693
297 301 -8943
297 309 -9934
297 310 12433
297 311 -16271
297 329 -388
297 383 -573
297 389 11848
297 432 -9300
297 486 12471
297 489 -11302
297 529 7670
297 530 -7309
297 569 -10018
297 579 -9208
297 612 -15001
297 619 -18182
297 620 15198
297 623 -16577
297 633 -12360
297 636 -9103
297 719 -8097
297 722 12358
297 746 6045
297 806 -10544
297 807 -5109
297 843 8692
297 847 15295
297 878 9812
297 880 17474
297 888 -18413
297 925 693
297 955 10578
297 976 -9077
297 985 15886
297 1022 -786
298 22 -11224
298 54 -8603
298 65 -5151
298 66 -1719
298 70 9301
298 114 5465
298 163 -1017
298 189 -10958
298 195 4475
298 202 -1142
298 203 466
298 206 -10726
298 231 11261
298 237 -18383
298 274 -8615
298 278 -12460
298 286 1340
298 295 11949
298 310 16686
298 327 4484
298 383 5217
298 405 -13440
298 418 17187
298 427 -3801
298 433 7712
298 452 -12511
298 465 -12604
298 473 -18635
298 495 10476
298 511 878
298 534 18015
298 562 -374
298 570 14738
298 586 7587
298 590 -5908
298 654 5113
298 657 13431
298 669 -9370
298 693 14728
298 705 8747
298 750 -10832
298 775 -14279
298 797 9961
298 800 -6786
298 825 -18669
298 860 10825
298 863 -1634
298 876 -13499
298 893 10033
298 909 -15132
298 930 17715
298 935 4066
298 944 10260
298 950 8145
298 962 17073
298 974 12185
298 983 -972
298 992 5299
298 1009 6086
299 24 -6993
299 67 12163
299 74 -15675
299 87 6185
299 108 -2658
299 127 11658
299 140 -8299
299 155 -15446
299 179 -674
299 191 -6494
299 194 -9126
299 196 -4028
299 226 -10635
299 237 -6720
299 243 14780
299 266 -15298
299 269 -7347
299 276 18749
299 278 -16190
299 293 2944
299 297 430
299 302 11101
299 317 -4212
299 326 -18398
299 336 -5765
299 353 8278
299 369 17948
299 377 -180
299 383 -12861
299 387 2243
299 466 3067
299 514 18036
299 569 -12480
299 570 2960
299 581 -12911
299 629 -17548
299 670 -8386
299 678 -2970
299 679 12445
299 711 -6581
299 715 5104
299 735 766
299 781 1220
299 798 -17324
299 831 2690
299 843 -18114
299 873 2775
299 883 -8925
299 904 6338
299 953 7082
299 956 13693
299 985 15972
299 1016 -1453
300 25 13391
300 67 11440
300 69 -10390
300 163 14545
300 187 -12994
300 202 -17821
300 211 16339
300 215 18540
300 276 -18569
300 291 6357
300 313 -11462
300 353 -7709
300 361 -4444
300 382 -6499
300 384 -14439
300 404 11801
300 419 10528
300 423 18054
300 439 11837
300 503 16940
300 506 2182
300 545 -17030
300 558 17535
300 565 -8377
300 580 -17415
300 587 18661
300 597 -6923
300 625 18328
300 642 10091
300 691 7842
300 708 10322
300 729 11180
300 751 738
300 767 -16704
300 821 10718
300 874 1437
300 942 -9580
300 963 -17854
301 14 -16308
301 24 -11682
301 58 -6170
301 64 11920
301 118 -15776
301 128 10019
301 170 14122
301 263 -4497
301 309 4770
301 343 8371
301 372 16460
301 388 -12933
301 437 -14228
301 460 -8297
301 500 -15901
301 531 18025
301 586 -3529
301 596 -645
301 631 -11276
301 662 18352
301 748 -5800
301 778 -9582
301 853 10981
301 863 -7691
301 910 15260
301 930 -13037
301 957 -13482
301 1013 7096
301 1015 1411
301 1017 13813
301 1020 -14146
302 5 6760
302 8 7413
302 12 -107
302 16 4626
302 29 1609
302 74 5359
302 86 -3461
302 99 -8433
302 132 11438
302 159 10008
302 166 7750
302 195 656
302 262 738
302 280 14969
302 281 13242
302 305 -15004
302 320 5285
302 340 6195
302 384 12851
302 414 11390
302 415 4022
302 417 317
302 421 -4554
302 450 16949
302 462 11635
302 480 -8504
302 526 18332
302 566 -18082
302 592 2148
302 608 15980
302 618 15678
302 628 -13004
302 672 2897
302 673 -15017
302 702 13048
302 712 9400
302 714 1981
302 720 -14489
302 729 9904
302 746 15767
302 755 -1142
302 763 -5676
302 810 2703
302 841 12827
302 860 -2390
302 864 -11054
302 872 -11997
302 875 -12837
302 901 -1056
302 956 12228
302 957 -16336
302 972 -17347
302 990 2542
303 11 -182
303 34 2185
303 38 -325
303 39 -4978
303 41 12032
303 143 5105
303 169 768
303 170 12265
303 223 18776
303 227 5777
303 246 -12075
303 253 10295
303 261 -13266
303 274 -2779
303 283 -7920
303 297 -8781
303 298 -7
303 372 8182
303 376 1562
303 382 2068
303 419 3124
303 481 -3584
303 487 -15319
303 503 -14739
303 570 8206
303 579 17013
303 610 1990
303 660 4566
303 688 -10313
303 689 12601
303 690 -13969
303 691 -6734
303 700 -11881
303 711 4181
303 725 17908
303 731 -15123
303 733 5254
303 768 -17254
303 822 15276
303 840 13456
303 844 -14018
303 852 -628
303 866 8847
303 888 7814
303 917 -127
303 921 15990
303 936 14975
303 942 9397
303 946 9941
303 958 9763
303 972 3626
303 1010 -8862
304 15 11940
304 31 -16499
304 63 -3819
304 85 -13151
304 112 11390
304 133 5380
304 170 -10614
304 221 -6623
304 261 2105
304 302 1540
304 336 3335
304 341 -197
304 343 17100
304 355 14917
304 362 -2285
304 405 -12300
304 448 9300
304 469 4548
304 481 6481
304 496 14516
304 521 8140
304 527 5842
304 536 -3964
304 563 9708
304 589 -18003
304 604 -2048
304 605 -16801
304 611 -8141
304 641 11869
304 658 8655
304 659 -5819
304 669 4954
304 785 -4424
304 814 6264
304 822 -17753
304 839 -11536
304 842 18484
304 844 13043
304 874 -15031
304 876 -628
304 892 16647
304 973 10319
304 982 -3292
304 984 -14005
305 4 -12113
305 25 -15650
305 44 6010
305 52 17165
305 64 9254
305 103 2610
305 105 -2176
305 120 -4279
305 122 3807
305 135 -10617
305 170 -13456
305 181 2286
305 192 -8493
305 233 -12948
305 249 10116
305 296 15117
305 323 -3110
305 326 15319
305 348 11684
305 362 -5473
305 420 -4194
305 432 -5552
305 439 4106
305 442 -2077
305 448 7707
305 451 -5992
305 504 -4945
305 601 4816
305 608 4757
305 630 -9991
305 660 -385
305 668 13049
305 678 -13511
305 689 12944
305 708 14697
305 710 14412
305 716 -5589
305 720 12463
305 725 -2011
305 753 -8842
305 771 -2015
305 777 5137
305 801 -850
305 836 -8288
305 868 13861
305 869 4022
305 874 -2537
305 876 14969
305 877 -6988
305 904 4035
305 914 14618
305 923 -14696
305 927 -1151
305 937 9202
305 961 16185
305 976 70
305 982 -6323
305 1018 11595
306 44 -5662
306 65 16805
306 79 -4440
306 80 -7304
306 123 -17534
306 141 -12939
306 159 9962
306 176 -8032
306 186 16201
306 209 -2350
306 215 -11794
306 216 2284
306 231 -4985
306 246 9438
306 269 -18766
306 281 7848
306 343 -1404
306 354 -11077
306 362 -8140
306 383 -740
306 403 -18041
306 438 9258
306 445 -13081
306 477 17173
306 484 -4513
306 503 1017
306 531 6475
306 560 -2748
306 572 -13635
306 585 -298
306 604 -8644
306 610 14385
306 614 -7058
306 620 -2613
306 627 2019
306 656 -13349
306 657 -8935
306 692 4271
306 758 5268
306 775 17315
306 814 -16134
306 852 -10905
306 856 -182
306 878 13051
306 879 -8213
306 920 -3115
306 948 -11445
306 962 -18435
306 989 18667
307 4 -10734
307 7 8349
307 25 12655
307 45 -5538
307 47 18650
307 59 -1993
307 111 -16988
307 140 -8850
307 146 17178
307 175 -1071
307 177 16406
307 226 8360
307 229 -9568
307 237 -1141
307 253 16245
307 271 2248
307 272 9647
307 331 18018
307 340 -6295
307 349 -9076
307 359 14000
307 372 3048
307 384 3696
307 440 -11962
307 463 16172
307 473 -7937
307 489 -8150
307 507 4799
307 513 8085
307 519 391
307 529 8683
307 530 18337
307 531 17569
307 554 -10110
307 565 16429
307 610 -3916
307 638 913
307 640 15582
307 643 5946
307 655 -10225
307 662 -2157
307 703 -14498
307 749 4898
307 761 -12144
307 776 7559
307 789 14852
307 808 -3686
307 854 -14393
307 878 -12306
307 884 18712
307 891 -10173
307 901 -14577
307 904 -487
307 923 -15545
307 936 -15711
307 941 4670
307 1009 17135
307 1012 -9434
308 9 4498
308 30 12472
308 38 4836
308 44 -8776
308 47 -8523
308 58 185
308 78 -16718
308 87 -3799
308 98 -1160
308 101 15334
308 119 -6269
308 124 7782
308 131 4215
308 210 14203
308 219 -3839
308 243 -14129
308 320 12167
308 323 -4287
308 324 -10232
308 331 5746
308 338 -3251
308 345 9614
308 347 15053
308 373 -8992
308 378 -4772
308 384 -7880
308 388 -14056
308 411 -11176
308 482 -4041
308 497 15520
308 515 1658
308 520 -6067
308 522 -13198
308 541 -2491
308 548 6246
308 564 7768
308 577 -6749
308 618 -12396
308 622 -11308
308 625 16892
308 643 5110
308 648 -6764
308 662 -1565
308 678 -11115
308 719 16565
308 724 3551
308 734 6109
308 743 17143
308 746 -17750
308 748 -16339
308 764 -7145
308 773 12129
308 804 18247
308 814 16522
308 820 15709
308 835 -3039
308 836 8185
308 841 6296
308 853 9590
308 905 4741
308 1019 362
309 32 -13084
309 37 -10483
309 38 5164
309 70 16969
309 104 -4874
309 125 7219
309 133 2273
309 136 -8110
309 170 -5604
309 193 1662
309 204 18475
309 207 -7922
309 224 6094
309 242 5022
309 261 -15995
309 286 11557
309 289 -7869
309 347 1310
309 399 1470
309 406 -9581
309 424 1132
309 439 6974
309 441 -7217
309 444 -16111
309 458 -4594
309 465 1280
309 472 14400
309 490 9415
309 495 3323
309 506 -3887
309 519 -15193
309 533 18402
309 564 -10520
309 591 14799
309 607 -4645
309 656 14647
309 673 -9871
309 678 -18454
309 689 -1090
309 717 -12240
309 732 16027
309 773 -12285
309 801 2668
309 836 -10352
309 866 6825
309 889 -16353
309 982 11083
309 986 6239
309 1003 4886
310 42 5874
310 65 18079
310 76 -363
310 103 -8675
310 134 1758
310 149 -14490
310 161 -6682
310 177 13904
310 229 -13420
310 246 14234
310 255 -2734
310 256 -5166
310 277 -5653
310 279 -367
310 282 -17152
310 313 -459
310 345 11525
310 372 13375
310 404 -6861
310 417 1457
310 419 18781
310 421 -11045
310 427 -1668
310 461 18427
310 462 3092
310 481 -376
310 513 -11886
310 530 4386
310 539 -8674
310 546 14759
310 560 12841
310 567 -1380
310 569 9007
310 570 9029
310 578 3899
310 618 10397
310 629 15161
310 640 -5613
310 666 -12148
310 673 -9509
310 683 9449
310 685 -14849
310 700 -4084
310 702 15476
310 728 -2929
310 740 -14324
310 747 -15643
310 764 -14821
310 779 17294
310 815 -10307
310 816 14993
310 830 -1061
310 858 -10592
310 862 15272
310 868 -15384
310 871 -4844
310 913 -18362
310 922 -6426
310 940 12441
310 960 15029
310 991 -6753
311 49 3137
311 52 6307
311 61 16865
311 136 12001
311 184 -15717
311 195 -11524
311 225 -1169
311 237 -3480
311 258 -3703
311 291 -3911
311 294 -9368
311 295 1980
311 299 -2460
311 354 7464
311 362 2417
311 433 3538
311 461 -16745
311 470 18378
311 503 -6330
311 527 -7476
311 571 -3805
311 601 3265
311 613 -114
311 675 -5892
311 712 7994
311 729 5991
311 758 -17877
311 806 -17458
311 807 14006
311 849 -9934
311 871 12154
311 888 -9945
311 895 1980
311 905 14303
311 918 7744
311 926 6477
311 960 -3479
311 969 11995
311 971 -15529
311 1012 15054
312 31 10321
312 57 11234
312 87 8269
312 103 -10903
312 121 -9123
312 138 -1048
312 192 -7795
312 233 -18609
312 243 -13790
312 256 15082
312 270 -521
312 319 11514
312 339 -9977
312 340 8299
312 365 -331
312 366 12159
312 395 -11727
312 434 -14952
312 444 12452
312 481 -5149
312 488 -17327
312 491 4899
312 513 -11824
312 563 11857
312 566 -4011
312 572 11288
312 577 6926
312 597 -8446
312 647 -8837
312 727 9521
312 729 -12904
312 738 -14759
312 762 7838
312 764 -5978
312 785 14155
312 837 -16828
312 854 5624
312 885 6744
312 934 12636
312 944 -2715
312 954 9892
312 958 -1093
312 973 9142
312 978 -5235
312 982 1415
312 988 6086
312 1001 3798
313 34 -14269
313 45 -6987
313 56 11732
313 82 -7504
313 90 -12154
313 99 -13376
313 125 -6175
313 149 -856
313 157 -8081
313 160 1875
313 166 -17012
313 181 4298
313 208 11527
313 271 -13425
313 286 -5743
313 304 15028
313 305 -9774
313 372 8732
313 387 15201
313 423 -7870
313 512 17281
313 515 -2057
313 530 14654
313 544 14718
313 575 15007
313 589 -13775
313 645 -1893
313 658 -2611
313 681 6410
313 714 -15210
313 725 20
313 726 11697
313 805 7250
313 822 3238
313 839 11471
313 852 -4039
313 870 -16418
313 876 4396
313 889 -9901
313 940 15221
313 954 1511
313 958 14935
313 965 1878
313 977 14330
313 986 13905
313 994 -16485
314 37 11125
314 53 -15052
314 55 -2774
314 60 -9008
314 102 -5632
314 113 1123
314 182 13604
314 188 13182
314 211 11914
314 213 4744
314 241 3746
314 260 5970
314 285 -10228
314 291 -12723
314 303 -8766
314 305 17001
314 326 2575
314 363 -5300
314 364 -3393
314 377 -12722
314 386 5851
314 409 -3090
314 417 -15808
314 429 5215
314 432 15337
314 434 4765
314 464 -3832
314 481 18269
314 493 13644
314 502 5371
314 527 10877
314 535 13518
314 584 -14983
314 592 17830
314 604 -16140
314 613 2867
314 631 -16404
314 682 3473
314 698 -2779
314 711 10027
314 728 -12105
314 734 17804
314 742 -10451
314 743 -3062
314 744 -15981
314 756 9264
314 764 -7340
314 784 18549
314 801 5052
314 808 13396
314 827 3315
314 829 -16731
314 830 11740
314 849 14959
314 854 2556
314 855 10973
314 863 13801
314 877 -10779
314 888 6721
314 956 -1564
314 960 3765
314 974 -537
314 975 17829
314 980 6752
314 984 1151
314 990 -15194
315 20 1974
315 26 3784
315 45 -16893
315 52 -530
315 66 -18484
315 70 -14438
315 73 14703
315 100 1956
315 101 997
315 109 1899
315 144 -11612
315 227 -10668
315 232 14188
315 300 1962
315 306 -16472
315 321 -1942
315 335 17601
315 363 -12952
315 371 -10327
315 396 -8718
315 407 14627
315 429 -13431
315 434 1062
315 439 6102
315 460 -6379
315 476 -8242
315 478 -17425
315 483 -5752
315 508 14515
315 519 -16658
315 525 -15494
315 534 8608
315 555 18598
315 561 -4859
315 578 6785
315 582 10134
315 592 -13506
315 611 -5401
315 644 15098
315 648 2032
315 662 -18355
315 663 3644
315 667 -2087
315 713 11434
315 752 9986
315 780 14635
315 836 -2660
315 850 -4261
315 857 -10860
315 858 1404
315 864 -9009
315 876 6227
315 885 -13676
315 899 17699
315 909 2823
315 912 -14337
315 932 9556
315 940 -14148
315 957 -5472
315 974 -17764
315 1015 -3
316 55 11663
316 60 14316
316 86 -13797
316 121 -16580
316 140 -17416
316 162 3052
316 178 -13073
316 192 6194
316 213 1161
316 216 -1713
316 222 7196
316 224 -16442
316 231 -5343
316 298 12687
316 328 2834
316 331 -12314
316 347 -18492
316 391 12573
316 402 -7593
316 404 17403
316 422 600
316 431 -13648
316 435 -15403
316 455 -11758
316 458 -1387
316 472 13087
316 495 -9510
316 508 6932
316 522 -11647
316 533 -15597
316 558 17714
316 563 -68
316 564 -2779
316 592 16688
316 609 -12134
316 613 -16917
316 623 16375
316 628 -17981
316 649 15037
316 709 1548
316 714 -3410
316 740 6455
316 751 6795
316 753 -1550
316 755 6141
316 767 6406
316 783 6644
316 786 -4766
316 849 -10992
316 903 -1538
316 915 -5590
316 938 -6335
316 946 16468
316 978 -10371
316 1000 10968
316 1008 14528
317 2 -8827
317 14 2368
317 80 -4175
317 91 17864
317 120 7721
317 160 18009
317 179 6194
317 237 10289
317 289 -17197
317 308 -7272
317 310 -8351
317 322 17533
317 325 -3380
317 380 -17711
317 401 -1305
317 405 -369
317 416 10197
317 437 -17241
317 457 3272
317 459 -2918
317 491 635
317 503 293
317 531 13723
317 548 13485
317 576 -11291
317 581 4971
317 586 4695
317 593 -4954
317 614 -1360
317 632 16770
317 650 -15049
317 653 -2960
317 662 -13706
317 686 2356
317 710 11359
317 713 -15131
317 770 -4353
317 781 -15873
317 797 -2636
317 812 -9364
317 856 -13987
317 890 14853
317 905 -14875
317 914 -7410
317 928 14941
317 943 12935
317 950 -15588
317 960 9341
317 977 -13090
317 1001 895
317 1005 -6076
317 1015 -10005
318 30 -15315
318 37 12730
318 51 14697
318 63 15326
318 68 18762
318 121 -3350
318 132 -14234
318 139 -8458
318 206 -18628
318 246 -4641
318 261 -3840
318 334 -15181
318 342 -5377
318 364 12066
318 365 -13556
318 370 13861
318 416 -16367
318 420 17778
318 445 -1660
318 449 -9621
318 452 -5314
318 471 14487
318 477 -14583
318 528 -12658
318 533 5516
318 561 -15321
318 563 -3292
318 595 -12100
318 599 252
318 621 1543
318 766 -16102
318 788 -2483
318 829 -17530
318 870 -15337
318 876 -12924
318 933 -7762
318 937 -9633
318 940 -1868
318 941 10672
318 961 16330
318 984 -8004
318 985 4630
318 1018 -12977
319 7 1644
319 8 17879
319 56 16545
319 105 8619
319 152 11100
319 185 -9801
319 190 5339
319 196 -10582
319 245 13389
319 301 2377
319 336 6440
319 351 -11706
319 385 2351
319 397 -3430
319 417 -6771
319 422 14176
319 432 -11599
319 471 8478
319 519 -2842
319 537 16173
319 544 7081
319 564 17991
319 566 -17053
319 615 -13452
319 656 -14992
319 657 -13183
319 686 -5630
319 721 -13802
319 728 -15693
319 786 -9040
319 791 -7474
319 799 -3216
319 827 5544
319 833 12507
319 854 14858
319 861 4894
319 884 1265
319 897 -11479
319 912 -4931
319 933 6094
319 945 18043
319 955 14006
319 1001 -12669
319 1011 -1237
319 1016 2398
320 5 9416
320 16 3703
320 57 -388
320 97 16285
320 120 -4254
320 191 10665
320 201 -6745
320 206 -2024
320 213 11660
320 267 -17411
320 271 12810
320 306 15979
320 324 10898
320 341 1749
320 345 11664
320 349 15790
320 391 -5205
320 435 12936
320 453 -2827
320 454 -15729
320 484 -18049
320 499 -13307
320 502 -829
320 514 -4579
320 538 -15416
320 552 -12716
320 581 15401
320 589 -14260
320 603 14693
320 624 4832
320 637 -516
320 638 -18044
320 709 191
320 715 17677
320 741 12986
320 816 9440
320 825 -14705
320 832 2146
320 845 -14890
320 875 -4162
320 922 13330
320 926 1440
320 948 -11152
320 967 -752
320 1014 2326
321 25 -5301
321 28 7318
321 29 11158
321 79 10954
321 93 16243
321 99 -4856
321 155 1914
321 182 6424
321 234 -15558
321 239 2490
321 259 -13759
321 270 -11939
321 289 15235
321 293 18133
321 301 8826
321 309 3985
321 335 -7162
321 391 -12773
321 410 -3839
321 426 -4293
321 449 13596
321 460 1723
321 487 12511
321 489 17682
321 496 -2583
321 498 -12108
321 505 7970
321 545 -14805
321 578 3487
321 635 4300
321 645 -14430
321 662 -18204
321 666 4337
321 668 11989
321 670 -4717
321 682 -7531
321 716 5906
321 763 13052
321 764 -4614
321 765 -8974
321 777 -15193
321 781 12183
321 803 5381
321 811 7072
321 815 -16548
321 843 7227
321 870 18162
321 907 -9167
321 935 -8549
321 955 1670
321 968 15373
321 1006 -1723
322 11 1313
322 60 6798
322 116 -9901
322 138 -10113
322 153 1741
322 186 -2806
322 202 79
322 207 -4416
322 224 -12597
322 227 14871
322 233 -13255
322 239 -7188
322 308 6310
322 334 -15112
322 344 2075
322 363 8602
322 369 10877
322 384 836
322 425 -13660
322 452 -581
322 457 6234
322 474 1278
322 483 -16802
322 489 -17535
322 490 15576
322 492 -8119
322 525 -9811
322 526 -6120
322 549 -3567
322 574 -1194
322 576 -18755
322 628 -5678
322 632 9015
322 640 16060
322 679 -7665
322 708 10299
322 713 -2473
322 722 -15953
322 742 -10234
322 761 345
322 831 16222
322 833 8726
322 877 -773
322 885 12081
322 892 -12576
322 904 -15120
322 909 -3729
322 929 6741
322 977 6698
322 988 6305
322 1023 4886
323 39 -6209
323 47 -13741
323 112 -9359
323 118 4918
323 139 -12740
323 180 -6672
323 206 -2948
323 218 -12180
323 221 -18528
323 249 2126
323 252 3441
323 255 -9106
323 262 -1411
323 264 -6401
323 270 -2056
323 283 15451
323 298 11409
323 307 -9846
323 325 7536
323 388 -7416
323 408 -11210
323 434 9644
323 445 -2575
323 459 2023
323 467 -2668
323 469 -16810
323 476 16511
323 486 9009
323 514 8679
323 518 -11055
323 523 2407
323 531 11214
323 575 -15611
323 596 7061
323 624 8184
323 655 15641
323 667 11855
323 693 -4733
323 704 -14342
323 727 -15513
323 736 4936
323 778 16453
323 780 -14415
323 801 -14266
323 803 -10146
323 817 18534
323 831 -14096
323 849 -5348
323 860 -3638
323 911 11628
323 932 -18346
323 945 -10257
323 997 -14999
324 5 -2087
324 71 -7533
324 80 7421
324 91 -11681
324 97 -9534
324 106 -16475
324 118 9822
324 143 13132
324 145 18003
324 151 -15182
324 161 -15259
324 172 -1956
324 181 14518
324 209 12065
324 219 13096
324 226 -2250
324 267 17326
324 270 12271
324 294 -13143
324 314 -592
324 324 -18754
324 339 11362
324 403 11787
324 452 3904
324 475 -17639
324 483 -5368
324 506 -18638
324 530 -7206
324 552 8048
324 558 18098
324 562 -13209
324 571 -2174
324 621 -5750
324 623 8051
324 684 -1806
324 723 12593
324 750 -5615
324 757 14060
324 782 -9238
324 836 12982
324 860 7214
324 863 8017
324 865 13997
324 871 1274
324 872 1914
324 891 3119
324 898 -18690
324 909 4283
324 911 -4043
324 929 8242
324 931 10096
324 942 -2713
324 964 -4460
324 987 -3606
324 1002 -13653
325 21 -14033
325 50 2380
325 69 16224
325 80 -18345
325 92 18366
325 109 9514
325 111 9064
325 140 -854
325 167 16657
325 175 -6304
325 244 -10259
325 256 -13624
325 271 -16333
325 276 -2888
325 305 4921
325 318 14301
325 328 -110
325 331 -16865
325 344 8479
325 352 7611
325 383 -13606
325 433 6647
325 458 12973
325 469 12248
325 527 7121
325 555 -5199
325 580 1092
325 587 -10266
325 596 -5172
325 629 13068
325 643 4139
325 687 -10957
325 709 -3176
325 711 14852
325 777 -2300
325 778 -12136
325 817 -12916
325 830 10110
325 856 -15283
325 917 6007
325 995 -18112
325 1008 7249
325 1015 -15482
326 25 8135
326 46 4277
326 107 -15254
326 128 -18573
326 134 -8585
326 149 -4238
326 169 17534
326 179 8793
326 206 9403
326 232 -265
326 246 -5739
326 260 16804
326 278 -9393
326 302 8208
326 320 1950
326 343 15123
326 365 -8757
326 368 -18481
326 457 16546
326 461 -7462
326 466 -18501
326 554 760
326 569 12826
326 574 -18189
326 582 -8654
326 589 -14319
326 591 18390
326 607 -18679
326 628 -2229
326 631 -17326
326 639 -12246
326 641 15286
326 643 8999
326 659 5586
326 682 3448
326 687 15132
326 710 1801
326 713 1055
326 716 6416
326 809 -16802
326 843 18664
326 851 16250
326 852 3219
326 854 -12622
326 865 2011
326 887 -149
326 910 -17167
326 966 -11348
326 1005 11406
326 1008 -4567
326 1010 18532
327 23 17138
327 79 8399
327 82 7043
327 104 -4429
327 131 124
327 188 -10405
327 192 8667
327 240 -13487
327 243 9286
327 293 9335
327 343 8338
327 346 4244
327 372 10854
327 375 8441
327 396 6595
327 410 3327
327 447 -18089
327 470 13971
327 477 -16359
327 485 868
327 491 -5894
327 495 9867
327 501 -3249
327 503 -17984
327 505 -4374
327 511 15845
327 571 -17173
327 594 737
327 596 11983
327 635 -456
327 645 -9062
327 673 12259
327 683 -8350
327 690 9113
327 692 2295
327 723 4112
327 760 -15285
327 761 -15471
327 817 -18372
327 829 -15826
327 837 14150
327 861 -11697
327 872 9213
327 886 -15103
327 959 -15764
327 985 10743
327 989 17992
327 1008 -8707
327 1014 -16195
327 1017 11101
328 6 -17068
328 39 -3939
328 49 8606
328 54 -12134
328 56 -13343
328 72 -15576
328 97 -12094
328 99 6145
328 122 2041
328 128 -5549
328 148 -10373
328 149 15683
328 191 -1114
328 217 -3855
328 224 -18481
328 247 10405
328 255 13383
328 258 1375
328 285 -1256
328 286 -10242
328 362 -4717
328 379 10479
328 396 -8082
328 429 13342
328 459 -4415
328 470 14785
328 503 -4260
328 529 4964
328 548 12110
328 551 -9656
328 575 4677
328 598 14838
328 601 1461
328 643 -8535
328 653 -7637
328 655 7780
328 678 13930
328 740 -17459
328 770 10599
328 788 -2406
328 797 9746
328 800 -15247
328 817 2894
328 881 -2024
328 931 3899
328 943 14553
328 947 -11093
328 973 18665
329 17 -10043
329 21 5245
329 67 -18634
329 69 -2508
329 90 1074
329 111 -12907
329 125 9378
329 184 3555
329 196 6768
329 232 14114
329 244 -10027
329 245 -15422
329 266 11164
329 269 10174
329 319 17812
329 371 2277
329 386 -17602
329 394 -18569
329 397 1188
329 416 2583
329 423 11066
329 451 -18719
329 473 10669
329 479 10025
329 492 -18257
329 497 3360
329 565 -3532
329 571 12372
329 607 16159
329 617 14159
329 629 10293
329 659 -2858
329 674 -17816
329 727 17128
329 853 -13434
329 874 6641
329 883 12070
329 894 -6748
329 909 -7282
329 911 13081
329 920 16194
329 926 18465
329 933 -4100
329 964 -10654
329 976 -3347
329 1018 2304
330 17 5870
330 24 2938
330 34 11822
330 62 11665
330 76 -12305
330 86 16140
330 88 2212
330 91 -13510
330 98 -8457
330 102 -18031
330 111 -66
330 120 -7048
330 135 1787
330 187 -1440
330 225 -18065
330 228 -3113
330 254 -17694
330 276 11446
330 354 -4565
330 370 -10936
330 409 118
330 430 -16696
330 457 -7508
330 460 -13885
330 461 15695
330 479 -13871
330 484 1042
330 496 -1745
330 501 12325
330 509 -14095
330 545 -17527
330 558 10965
330 576 15880
330 586 17008
330 617 -5497
330 644 15461
330 648 18164
330 651 -4465
330 660 8075
330 693 12801
330 708 11610
330 723 -8933
330 745 -13645
330 750 -6192
330 752 -11661
330 755 -15998
330 776 -7755
330 841 -3336
330 851 -14705
330 874 12060
330 885 7466
330 900 -11307
330 908 3880
330 911 -1909
330 923 -12950
330 929 -17090
330 938 -17122
330 940 3971
330 941 8117
330 944 15893
330 996 -15811
330 1004 -6227
330 1013 -9283
330 1015 -8441
331 4 -8363
331 12 -17642
331 38 -9003
331 52 11152
331 72 -13096
331 84 11503
331 91 -11188
331 108 15746
331 135 -10504
331 153 8851
331 164 5851
331 170 5513
331 180 9242
331 192 -16957
331 244 -12335
331 258 5173
331 260 15691
331 272 9061
331 276 -10922
331 288 -12502
331 311 -14662
331 313 -7868
331 342 10531
331 359 2566
331 366 -14306
331 398 -18745
331 441 14766
331 455 -12447
331 468 -318
331 469 -8343
331 473 -5415
331 479 1121
331 509 -8372
331 525 -11469
331 552 -9333
331 580 -16077
331 588 -12130
331 631 -17096
331 638 4102
331 640 1286
331 642 7784
331 663 13718
331 664 -7269
331 665 -12857
331 672 1720
331 691 16763
331 699 6213
331 701 10389
331 732 2269
331 745 5432
331 749 1648
331 758 -4162
331 788 14141
331 791 11640
331 827 7059
331 837 -12891
331 843 3240
331 852 12073
331 853 14886
331 872 8260
331 892 -9602
331 908 -10778
331 912 -3251
331 950 4897
331 986 -39
331 994 16237
331 1003 -5686
332 18 -18106
332 35 2082
332 51 17550
332 61 -480
332 69 9492
332 73 5244
332 80 -13730
332 94 8148
332 107 17365
332 116 -13690
332 126 -18409
332 143 12090
332 145 -8110
332 182 -17245
332 193 -6851
332 218 -5839
332 225 -18531
332 277 -10820
332 302 7913
332 303 16723
332 342 18651
332 348 10571
332 372 -13828
332 374 6505
332 379 -15872
332 429 -14810
332 437 712
332 463 11777
332 478 -7529
332 492 -7681
332 572 -3592
332 578 5099
332 601 -8514
332 609 -17267
332 667 -5031
332 678 -9049
332 692 -7478
332 709 7243
332 721 11393
332 760 1294
332 771 -16012
332 819 -14763
332 836 12575
332 838 8645
332 863 -16194
332 896 9535
332 911 8348
332 918 2257
332 920 17225
332 948 17844
332 988 -16252
332 996 -15588
332 1005 -3147
333 0 10075
333 8 3598
333 63 -5735
333 75 -5556
333 76 -15105
333 85 5316
333 125 -16440
333 136 2523
333 151 12509
333 153 14721
333 189 -8855
333 199 7111
333 218 -9900
333 223 5915
333 238 -13660
333 247 10151
333 267 -15033
333 268 16385
333 291 -18511
333 297 -4778
333 315 8100
333 340 16714
333 355 -8422
333 399 -12599
333 404 -9018
333 407 -113
333 435 284
333 442 5795
333 445 3758
333 501 -11031
333 565 16072
333 566 -12090
333 586 -2951
333 587 -5244
333 635 -10057
333 669 -7511
333 683 -11949
333 714 -6277
333 727 -7618
333 770 -16185
333 782 -18297
333 783 -3849
333 787 -4585
333 793 15062
333 805 -14532
333 834 3461
333 839 7392
333 840 6020
333 857 9656
333 868 -9760
333 890 6524
333 895 -12691
333 914 -17106
333 930 -7258
333 979 6325
333 1007 -2844
334 17 11927
334 29 15777
334 30 -14372
334 61 17228
334 63 8049
334 66 -1789
334 79 -11181
334 112 1213
334 116 -16113
334 123 14430
334 137 3576
334 147 -12730
334 177 -7946
334 200 -5815
334 203 -8305
334 204 10013
334 263 2346
334 287 -4372
334 299 3468
334 313 12011
334 363 8886
334 412 -5334
334 429 15327
334 435 -2557
334 480 -6629
334 568 -6658
334 578 -17521
334 609 -6120
334 620 15538
334 632 -14840
334 649 9170
334 659 4075
334 663 -11128
334 694 17969
334 696 -5459
334 712 -5242
334 739 -15226
334 740 2994
334 747 1580
334 815 -10603
334 823 12218
334 829 -8620
334 838 1143
334 876 -13045
334 880 -16788
334 910 -5432
334 933 -17550
334 947 -15317
334 992 -1060
334 1014 8430
335 0 -203
335 28 -13200
335 29 9273
335 40 5274
335 42 -6611
335 80 12942
335 81 -10008
335 193 -4017
335 204 12586
335 229 -2213
335 244 4165
335 251 -16500
335 253 4357
335 296 -8031
335 339 -15001
335 362 -11007
335 403 15603
335 435 15626
335 488 -15784
335 492 10264
335 522 -7884
335 525 -3498
335 526 7121
335 536 14341
335 538 -2655
335 539 36
335 559 -8271
335 571 1678
335 629 5674
335 636 -5706
335 651 17147
335 658 14498
335 662 5046
335 676 1955
335 721 -7121
335 737 -9243
335 752 18060
335 762 3239
335 763 17616
335 802 -4821
335 832 16185
335 868 16981
335 892 5429
335 949 -4063
335 988 -75
336 66 -16472
336 120 232
336 129 -3759
336 156 14726
336 197 -17233
336 198 -8506
336 220 -13919
336 232 -5625
336 242 9745
336 305 -14824
336 310 930
336 340 -5508
336 404 -15498
336 407 8056
336 420 6293
336 433 4158
336 448 -7253
336 464 9260
336 467 -12496
336 476 -7252
336 493 9109
336 496 9041
336 508 -11292
336 510 -10275
336 554 -16108
336 571 1175
336 597 -4778
336 614 15223
336 647 -5979
336 661 -18733
336 666 10166
336 704 -13042
336 705 13171
336 710 -14055
336 727 2803
336 758 15834
336 805 -16172
336 838 -17168
336 858 3982
336 859 -14418
336 864 9165
336 913 -12384
336 918 -16792
336 942 -17590
336 981 -16405
336 995 -9886
336 996 -1413
336 1010 6766
336 1019 -14111
337 27 3193
337 28 -15374
337 58 3222
337 63 -3195
337 89 -10726
337 92 2055
337 105 2466
337 206 14200
337 212 311
337 213 13675
337 249 -12320
337 269 2147
337 304 -14690
337 325 3116
337 334 2765
337 336 -13543
337 339 9418
337 354 -6868
337 410 8425
337 435 -9364
337 479 7875
337 481 -15182
337 490 14098
337 511 -12994
337 532 5279
337 533 -10441
337 534 -4870
337 537 -6990
337 566 -12100
337 603 -13024
337 621 11363
337 641 -13194
337 659 17984
337 682 11201
337 710 10242
337 715 -17031
337 716 1748
337 719 1886
337 726 -12087
337 734 -1890
337 753 18110
337 757 -8967
337 792 14793
337 814 -12481
337 819 12110
337 820 2383
337 822 -8155
337 830 -1441
337 882 -5284
337 883 3787
337 913 -16801
337 920 -14901
337 951 16904
337 982 12423
337 997 18053
337 1016 -57
338 3 -633
338 17 -3247
338 21 -1596
338 91 14104
338 164 10201
338 171 -14766
338 173 2948
338 188 11147
338 190 -6856
338 221 -14431
338 224 12143
338 282 -16950
338 417 -15866
338 455 -6533
338 480 9502
338 487 -5614
338 488 2886
338 494 16136
338 516 -3881
338 553 -1367
338 563 -13793
338 576 -10123
338 618 -12363
338 627 4884
338 658 12824
338 681 -7310
338 709 18793
338 713 -1716
338 729 -16253
338 741 15209
338 744 7833
338 764 -6411
338 776 -15570
338 781 10737
338 805 8196
338 820 13718
338 880 -9755
338 881 10964
338 904 -18282
338 906 4575
338 946 -1611
338 1002 3269
338 1004 18023
339 4 -3638
339 36 -15644
339 62 13670
339 75 -2623
339 78 -2054
339 89 -83
339 120 -18517
339 129 -15143
339 172 1751
339 186 -5768
339 215 13494
339 216 3433
339 237 7753
339 246 16680
339 262 13596
339 268 13294
339 274 7195
339 338 6905
339 340 -291
339 402 -11470
339 414 -7382
339 446 2013
339 513 14166
339 523 -15671
339 525 5792
339 538 -18022
339 546 -18390
339 573 827
339 586 985
339 613 -11426
339 650 4241
339 657 7302
339 665 -17307
339 675 12041
339 682 -6871
339 687 -14640
339 762 -165
339 767 8758
339 785 1484
339 799 -5413
339 804 -3842
339 810 -9984
339 840 7116
339 844 1702
339 847 -12471
339 849 4520
339 892 -8018
339 898 12620
339 915 -16523
339 952 1173
339 956 -10881
339 967 10167
339 968 16586
339 1010 12434
339 1022 7424
340 6 18116
340 29 -1818
340 64 -5529
340 79 -14451
340 95 -13152
340 110 -1101
340 135 16405
340 138 -13991
340 176 -14425
340 230 11592
340 279 -2733
340 336 7239
340 361 -10604
340 375 8218
340 461 -9416
340 481 -319
340 489 -8218
340 492 15692
340 525 -17666
340 541 1910
340 549 6080
340 550 -6053
340 612 -15890
340 622 1809
340 649 13810
340 672 -17135
340 695 -8819
340 723 2402
340 725 -4506
340 771 -884
340 776 -12637
340 834 9619
340 857 16885
340 863 -13194
340 868 537
340 959 17586
340 973 5761
340 1004 17972
341 14 -14404
341 39 1587
341 58 -8224
341 68 1590
341 77 -7744
341 136 17832
341 175 -11346
341 177 18738
341 184 9702
341 194 12279
341 195 -9355
341 202 -5879
341 230 -9970
341 231 -14729
341 247 17043
341 308 6987
341 320 5262
341 330 -4145
341 354 14972
341 369 9018
341 371 9957
341 376 -6911
341 380 218
341 429 548
341 445 7931
341 458 6982
341 494 12955
341 507 -16210
341 525 18431
341 547 15344
341 575 -15422
341 615 -3739
341 649 -5332
341 667 -14111
341 684 11239
341 704 -5148
341 716 1448
341 717 -1292
341 724 -11120
341 743 11495
341 754 -1279
341 766 -10682
341 770 666
341 786 -4119
341 805 3356
341 856 -6855
341 858 9881
341 870 9951
341 889 -8200
341 890 5370
341 941 -5063
341 973 -2106
341 979 16399
341 1019 12819
342 56 -7064
342 58 5877
342 64 4659
342 69 -5475
342 70 -6089
342 192 7578
342 197 8310
342 208 -13790
342 224 4398
342 253 -11119
342 265 -17906
342 302 -12729
342 365 -14382
342 366 -11982
342 377 -6770
342 415 -9867
342 497 14024
342 501 17055
342 509 -3453
342 543 -10871
342 561 -9566
342 576 1268
342 588 12525
342 594 -10203
342 603 12247
342 613 6432
342 650 -8878
342 661 -1503
342 670 9061
342 678 15071
342 687 3413
342 747 -15340
342 759 -10569
342 762 -17825
342 764 -15855
342 792 -16291
342 803 -10136
342 830 -16329
342 831 -12923
342 859 15859
342 861 -6283
342 911 13755
342 928 -7423
342 934 2365
342 955 10511
342 969 8351
342 975 -13518
342 988 -15246
342 1009 458
342 1011 11575
342 1021 14819
343 86 4540
343 102 2031
343 122 -12549
343 131 8004
343 134 13013
343 151 -6757
343 224 -3406
343 255 -8085
343 274 9013
343 308 10549
343 313 10671
343 315 10185
343 321 10989
343 337 8814
343 339 927
343 360 17491
343 377 4033
343 391 -10742
343 405 6784
343 412 190
343 435 11154
343 461 14259
343 486 11254
343 491 -5788
343 500 12388
343 513 -15935
343 565 5952
343 577 5205
343 595 -18416
343 610 10597
343 612 -14266
343 718 3007
343 725 -12300
343 731 -11751
343 735 -1248
343 769 849
343 790 5533
343 820 -9618
343 824 18293
343 828 -9133
343 851 -7886
343 868 -15773
343 881 1589
343 887 -2502
343 915 5264
343 931 -5584
343 938 11573
343 957 -16487
343 958 -16329
343 963 -14060
343 976 -3214
343 988 11668
343 1007 -13769
344 14 -12251
344 24 -17822
344 46 4975
344 82 18256
344 109 -13027
344 123 -8120
344 151 3593
344 177 1639
344 182 -13081
344 221 -15318
344 243 -15217
344 245 -9993
344 259 2991
344 267 889
344 276 -15931
344 288 -15487
344 311 15147
344 318 -8244
344 328 -1756
344 348 13247
344 356 -6749
344 456 16015
344 461 7
344 490 14354
344 540 10400
344 566 371
344 573 -17265
344 597 7995
344 616 -16560
344 651 -3636
344 658 1826
344 662 -4915
344 684 -8886
344 709 -8469
344 724 -2324
344 729 3571
344 730 15037
344 747 -926
344 773 8680
344 788 10192
344 810 -5523
344 813 4479
344 815 17102
344 817 -921
344 825 7302
344 830 510
344 835 -10466
344 843 -5225
344 845 6942
344 864 -16987
344 868 -13208
344 875 18270
344 912 6338
344 916 5778
344 948 -17057
344 1011 2545
344 1013 7268
344 1018 13562
345 5 -17652
345 8 10866
345 21 -13703
345 34 8404
345 45 -11712
345 61 7943
345 115 4718
345 138 17452
345 149 9461
345 168 8399
345 187 -4964
345 204 9731
345 210 7263
345 230 14292
345 238 -713
345 239 -9105
345 258 146
345 317 -7627
345 342 -15576
345 381 14303
345 399 -12111
345 403 6674
345 432 15768
345 447 -3404
345 465 -15623
345 494 17044
345 520 -14975
345 547 -16486
345 567 6013
345 625 14555
345 640 5587
345 641 16147
345 654 6242
345 716 4460
345 724 13434
345 761 10021
345 779 5568
345 783 -18437
345 797 -12257
345 856 2056
345 858 14772
345 860 -3851
345 892 204
345 898 5735
345 938 -7933
345 961 12628
345 979 2441
345 996 13862
345 1009 12361
345 1020 5061
346 10 10083
346 19 -17991
346 29 -5145
346 30 -9224
346 44 -11934
346 55 -10669
346 56 -17149
346 73 10810
346 122 -4138
346 158 12244
346 175 16578
346 184 2330
346 192 18559
346 214 -17801
346 222 5934
346 258 -18469
346 291 -2322
346 343 -3642
346 366 11542
346 385 -6569
346 391 5158
346 395 857
346 398 17285
346 402 -14365
346 416 17203
346 436 -18619
346 444 15693
346 456 11249
346 486 17586
346 491 -5522
346 502 1270
346 516 -10772
346 537 -17506
346 588 -17790
346 606 13222
346 630 16027
346 634 4646
346 639 -10423
346 640 -18371
346 664 -5171
346 668 6554
346 708 -16493
346 718 3928
346 737 1962
346 739 18223
346 828 16054
346 838 -2472
346 847 -13848
346 865 9447
346 887 -3999
346 891 -9152
346 896 799
346 971 568
346 1001 -1127
346 1009 9610
346 1022 -699
347 59 -16542
347 71 -15664
347 88 -18699
347 89 3104
347 99 2064
347 103 9288
347 121 -4600
347 124 -14505
347 138 829
347 152 3146
347 155 5872
347 156 -14886
347 188 10726
347 200 1383
347 213 3189
347 225 4270
347 235 2468
347 270 1682
347 275 -12009
347 312 -17390
347 337 13004
347 341 -14832
347 370 -15403
347 381 -183
347 410 18155
347 426 8278
347 453 -10389
347 457 -5254
347 465 -3953
347 505 -10172
347 514 8990
347 531 -7470
347 619 10479
347 623 -11672
347 657 -12123
347 696 16552
347 745 9972
347 754 726
347 758 -17421
347 764 11952
347 778 15176
347 803 -884
347 835 -5415
347 837 7566
347 840 11983
347 859 10139
347 905 6901
347 1017 -17777
348 5 1955
348 70 -9265
348 80 -12446
348 84 16511
348 104 1679
348 110 -1476
348 112 -3814
348 132 -2423
348 169 -8166
348 175 -11609
348 189 12774
348 236 -7826
348 282 6073
348 302 18314
348 324 -1009
348 337 -6701
348 342 -9016
348 349 -430
348 360 18317
348 383 -4127
348 387 15929
348 395 11119
348 424 -1125
348 446 477
348 455 -14295
348 478 -14256
348 493 -18100
348 499 15080
348 512 11803
348 514 -4229
348 519 -6601
348 577 -15904
348 593 15525
348 631 -12848
348 648 -13034
348 649 -10898
348 655 -8498
348 657 1856
348 707 12346
348 734 8816
348 742 795
348 756 1914
348 763 15289
348 767 6496
348 772 4124
348 789 8082
348 809 5334
348 817 -27
348 880 -15125
348 901 -14370
348 904 12347
348 917 -16494
348 954 16838
348 959 1191
348 964 2741
349 25 3523
349 43 -17944
349 48 -5822
349 86 -9182
349 128 10334
349 158 3625
349 163 -7201
349 166 18112
349 180 -14599
349 188 -4174
349 197 12240
349 211 -17651
349 235 6112
349 250 -9356
349 268 15936
349 273 8654
349 292 10085
349 300 3752
349 304 14620
349 310 -1009
349 368 -1201
349 377 2883
349 408 -5989
349 429 18358
349 431 -5041
349 479 10590
349 486 795
349 496 -5198
349 518 -1729
349 526 7079
349 548 -5637
349 563 17111
349 593 11758
349 667 -1492
349 677 -6243
349 678 -7624
349 693 -5539
349 763 -5745
349 777 -14955
349 778 -16989
349 788 -5825
349 808 -2954
349 812 -9768
349 876 -13682
349 896 -6601
349 941 10078
349 956 -14701
349 972 -12531
349 987 10013
349 1008 -14821
349 1017 -7253
350 36 -17429
350 71 17468
350 82 16905
350 96 -13500
350 105 13695
350 160 10111
350 230 1541
350 238 5450
350 240 10654
350 255 7799
350 275 -17953
350 289 -2739
350 292 -1457
350 301 17899
350 364 -16647
350 384 -3559
350 414 10316
350 435 -3822
350 439 18277
350 455 -7592
350 484 -15858
350 493 6242
350 500 12540
350 505 -12702
350 506 -5424
350 511 13008
350 521 8865
350 529 4837
350 575 7489
350 576 14683
350 579 12035
350 609 7476
350 694 -9006
350 701 -16040
350 752 -12589
350 764 9774
350 782 -3582
350 843 1886
350 852 16341
350 854 5319
350 866 10187
350 928 -11335
350 933 3849
350 949 7124
350 982 -5689
351 24 6267
351 30 1936
351 40 16116
351 76 -13589
351 103 15833
351 109 6854
351 123 -8083
351 131 12085
351 136 -11609
351 170 -9252
351 173 1323
351 198 15605
351 199 -5170
351 201 243
351 204 -18306
351 213 -1547
351 222 6186
351 225 12411
351 242 16745
351 251 -10994
351 286 -9409
351 288 15907
351 293 -143
351 306 -17317
351 321 8055
351 355 4860
351 357 4266
351 385 7398
351 410 -13567
351 418 -14119
351 432 10292
351 456 5692
351 525 1369
351 544 1759
351 553 -14321
351 597 13787
351 602 -1586
351 621 9566
351 637 15086
351 655 -10252
351 687 13428
351 692 2981
351 723 6991
351 734 -16737
351 747 -4619
351 764 -4392
351 795 -11763
351 807 -7901
351 812 -4604
351 830 2978
351 835 4125
351 850 11342
351 893 7956
351 941 16214
351 950 6792
351 963 17018
351 981 10741
351 985 6923
351 995 11262
351 1018 18688
352 8 11911
352 23 14065
352 24 -4398
352 41 -13242
352 42 -12420
352 84 -15995
352 94 -2416
352 97 18294
352 185 -13854
352 199 1671
352 204 14186
352 268 18235
352 273 -12462
352 312 -13846
352 368 -17128
352 407 -6865
352 432 11465
352 433 2003
352 445 1295
352 467 -2406
352 480 -7966
352 481 6436
352 482 -393
352 494 7211
352 518 -3763
352 538 3983
352 568 -15199
352 580 -4046
352 630 7263
352 649 4805
352 664 -8975
352 681 -17177
352 749 -11795
352 770 13205
352 771 9095
352 796 -17929
352 811 -16529
352 838 13732
352 842 -1453
352 872 -16248
352 884 -224
352 888 -14171
352 935 -13878
352 966 2235
352 978 2316
352 987 -11746
352 1000 14849
353 2 9219
353 25 2522
353 67 5456
353 111 -5033
353 133 13465
353 143 5389
353 155 -239
353 251 17454
353 253 11627
353 263 -12004
353 264 10235
353 353 9123
353 394 4461
353 427 11142
353 467 -9247
353 485 9185
353 505 -4984
353 517 14176
353 527 -11870
353 536 6791
353 589 10328
353 633 -13091
353 636 -13325
353 675 13276
353 687 -14406
353 710 4267
353 715 16927
353 735 4014
353 754 -10831
353 755 17810
353 771 7007
353 791 -5568
353 816 8892
353 946 -1364
353 959 11777
353 1007 8010
353 1022 2316
354 4 4942
354 61 -1235
354 64 16976
354 155 -17945
354 169 -9701
354 185 16691
354 195 12131
354 197 17749
354 203 -18108
354 217 6184
354 220 -10030
354 237 1992
354 260 10785
354 283 5078
354 290 -14571
354 316 -3290
354 393 18688
354 395 11201
354 412 8123
354 491 -2721
354 493 -13275
354 496 4227
354 504 4399
354 526 4700
354 582 4472
354 618 -1860
354 623 12894
354 627 -17703
354 632 -4662
354 650 10165
354 660 -17196
354 772 16156
354 823 -7947
354 837 5119
354 864 -12825
354 880 878
354 914 4507
354 921 1337
354 956 -14578
354 994 -8017
354 995 3299
355 6 5970
355 23 15544
355 57 14282
355 83 -4510
355 100 -9267
355 186 -9897
355 199 -8804
355 211 -1115
355 214 -11340
355 261 374
355 271 13664
355 279 417
355 301 -7697
355 303 -13780
355 357 9784
355 360 7270
355 410 -13822
355 440 7362
355 456 -1660
355 497 -9293
355 506 17923
355 510 -2768
355 516 -4640
355 559 -10416
355 561 13691
355 614 12793
355 629 -7451
355 670 -10298
355 678 -7765
355 704 -16854
355 724 6667
355 727 17081
355 730 9513
355 736 -15531
355 741 1866
355 744 -13937
355 774 -1232
355 779 -6178
355 850 -8816
355 879 12463
355 882 2190
355 913 16664
355 922 -3956
355 939 -13175
355 945 6254
355 946 15709
355 958 4316
355 979 -9735
355 982 -12745
355 986 17392
355 1020 -16373
356 33 -476
356 80 5272
356 130 4645
356 240 4053
356 247 -7894
356 268 11796
356 269 -6426
356 274 87
356 291 -16120
356 325 -17998
356 326 11266
356 333 2362
356 353 13559
356 392 3743
356 410 -11045
356 438 -2503
356 443 -9594
356 475 -9821
356 500 -7340
356 524 1196
356 552 1636
356 576 -1276
356 598 12698
356 599 11252
356 602 11053
356 606 12374
356 607 -18350
356 643 14157
356 656 -17549
356 658 -13972
356 665 498
356 666 -15433
356 671 -2064
356 679 18175
356 692 -5638
356 706 17369
356 713 -2803
356 723 -11046
356 753 -9733
356 805 15941
356 813 -4828
356 816 -659
356 820 8294
356 828 2455
356 831 2871
356 837 18368
356 860 -15746
356 865 3933
356 909 14526
356 913 12247
356 915 -9793
356 951 -14442
356 966 10423
356 970 -5309
356 985 -14619
356 991 -13599
356 992 -9443
356 1001 -16995
356 1020 -613
357 40 -9229
357 51 3039
357 82 5891
357 95 10893
357 101 -13177
357 117 14377
357 123 -6557
357 125 14666
357 144 -10299
357 152 10045
357 153 -5513
357 158 -15337
357 159 -6670
357 198 11883
357 207 -9865
357 329 -10925
357 331 18602
357 338 -16138
357 340 2735
357 374 3800
357 394 -15503
357 488 -8692
357 494 12002
357 506 -16640
357 521 -1290
357 559 0
357 566 3113
357 595 -11489
357 657 -7368
357 686 -12971
357 691 -12887
357 737 -6022
357 762 13067
357 766 15201
357 815 1902
357 816 -1488
357 825 -1971
357 830 -12966
357 834 7521
357 852 16143
357 859 -4630
357 863 13994
357 867 8643
357 874 7275
357 879 2135
357 880 3032
357 892 -1763
357 949 -9063
357 976 -120
357 1021 -17789
358 29 -18624
358 50 13450
358 52 -2212
358 78 4227
358 84 11237
358 101 448
358 195 10274
358 201 12996
358 214 13543
358 224 -7185
358 226 4604
358 232 -18559
358 236 16530
358 273 -5026
358 274 5488
358 278 8842
358 290 15664
358 361 16239
358 391 2028
358 399 -16033
358 414 7655
358 417 -9144
358 439 1176
358 450 16033
358 493 -12122
358 494 -626
358 504 -14530
358 507 -15481
358 529 -15908
358 608 10225
358 620 -12384
358 622 -6330
358 626 -15123
358 630 18282
358 640 -10828
358 650 13235
358 663 5389
358 687 5940
358 688 -687
358 695 3036
358 732 10761
358 739 12968
358 749 -1297
358 768 -190
358 770 11427
358 783 545
358 787 -15733
358 815 14701
358 852 5553
358 868 -12191
358 882 -6046
358 885 -493
358 911 -7038
358 919 -9946
358 929 -7818
358 951 4172
358 956 -12563
358 966 4108
358 976 -9993
358 977 -13283
358 986 -9864
359 20 -13825
359 52 2500
359 76 14246
359 107 4631
359 127 10939
359 128 -9905
359 170 -7692
359 235 17760
359 238 -12653
359 254 13743
359 265 5618
359 266 -3824
359 301 6225
359 304 -816
359 310 3552
359 348 -197
359 406 17365
359 417 2467
359 439 -15914
359 495 13747
359 516 9705
359 519 -13260
359 568 10179
359 598 3372
359 637 12575
359 668 14961
359 717 4080
359 767 13091
359 804 -17557
359 822 -2309
359 824 -16294
359 825 -18128
359 832 -17406
359 835 -15190
359 843 -7165
359 856 7394
359 862 2475
359 922 -5335
359 930 17592
359 936 -17043
359 937 -15793
359 940 5410
359 955 -16198
359 958 -5895
359 977 -14436
359 1006 -7755
359 1008 -1200
359 1013 17114
359 1015 -18351
360 34 5641
360 46 16755
360 78 11272
360 107 -5730
360 142 333
360 189 4939
360 192 -1811
360 193 7778
360 197 -14910
360 198 -15300
360 206 10243
360 216 5654
360 246 -16303
360 270 -4954
360 281 1484
360 296 13487
360 297 11668
360 303 7357
360 329 17193
360 349 6687
360 366 -16970
360 419 -3115
360 441 5839
360 447 7332
360 477 -6622
360 518 2407
360 526 5527
360 541 10525
360 584 8005
360 595 -5380
360 596 15817
360 644 -7232
360 651 13021
360 652 9800
360 717 -15509
360 725 9079
360 752 16835
360 754 11
360 756 -17202
360 796 -7415
360 804 8505
360 830 14851
360 875 -936
360 880 -14791
360 914 -10119
360 925 -6975
360 938 6704
360 952 -5589
360 958 -11439
360 990 640
360 1005 13813
360 1010 -14401
361 16 1224
361 21 11169
361 24 -17155
361 45 -17530
361 51 12250
361 77 3006
361 105 8160
361 111 5283
361 133 -16433
361 165 9475
361 193 12250
361 216 5357
361 234 15665
361 249 7556
361 250 -2540
361 260 8810
361 290 -13101
361 315 -1353
361 321 -17555
361 404 7595
361 409 5255
361 424 14303
361 440 -7034
361 442 10556
361 490 13613
361 522 4006
361 549 14848
361 593 1020
361 606 17449
361 611 10830
361 643 5159
361 706 2823
361 724 -16744
361 726 10017
361 729 8725
361 745 -257
361 754 3892
361 764 -17250
361 777 10751
361 846 -13924
361 848 -7218
361 850 -13386
361 860 10592
361 868 10358
361 926 -16856
361 1022 9409
362 35 18368
362 61 -30
362 87 15426
362 111 9317
362 128 -14602
362 215 -515
362 226 14661
362 262 -15975
362 283 6345
362 324 -16206
362 356 9218
362 359 7527
362 383 16402
362 384 -1727
362 414 -14776
362 453 -6360
362 456 -15749
362 460 2524
362 466 -18490
362 467 13068
362 479 -17560
362 491 1561
362 495 -12397
362 537 -5981
362 541 1118
362 584 -17411
362 586 18438
362 589 18430
362 623 -11488
362 624 4517
362 625 833
362 631 -16017
362 636 7878
362 683 8165
362 707 -4890
362 718 8341
362 721 14612
362 772 13696
362 781 7392
362 785 8523
362 819 10075
362 875 15713
362 878 -4151
362 883 16510
362 888 -6207
362 891 -9072
362 924 -11671
362 933 16679
362 937 -9610
362 958 -15835
362 963 -14878
362 986 -10604
362 1012 -1441
362 1016 -12255
363 0 -10458
363 30 -7211
363 95 15406
363 120 -4223
363 121 -15106
363 147 15775
363 166 -9375
363 195 15907
363 226 -5611
363 269 -4204
363 282 3222
363 286 17023
363 297 -2750
363 318 -11833
363 357 11330
363 363 2971
363 367 -10416
363 394 -17618
363 429 11561
363 440 17779
363 446 -11742
363 500 9903
363 525 -6801
363 597 5376
363 617 -5388
363 633 17026
363 638 -11183
363 652 -18702
363 659 -10932
363 743 -15177
363 768 -1209
363 775 -1729
363 789 296
363 790 9124
363 851 -15161
363 906 -15323
363 961 3690
363 1002 2419
363 1009 -354
363 1019 -7428
364 1 10759
364 5 -15798
364 15 -17289
364 45 17774
364 60 7872
364 63 18430
364 70 -5117
364 80 -6251
364 99 706
364 111 -10267
364 116 16801
364 117 -13816
364 137 -10480
364 153 -6868
364 251 -15975
364 294 -6399
364 302 -15011
364 336 4970
364 341 6971
364 363 918
364 385 4406
364 392 -1435
364 394 -7178
364 399 6493
364 422 6009
364 443 3829
364 507 7905
364 513 4217
364 543 -3103
364 544 5947
364 598 -5572
364 606 -11015
364 618 7021
364 619 10234
364 655 897
364 657 -9238
364 686 -16303
364 721 13029
364 729 13573
364 742 2151
364 748 18023
364 751 2892
364 760 1280
364 768 -15931
364 785 -12218
364 814 -3836
364 843 -1330
364 879 10975
364 883 7379
364 893 14728
364 915 -17191
364 918 -1288
364 925 -11117
364 961 14911
364 991 -1912
364 1016 10919
365 3 -9025
365 56 11912
365 130 9353
365 148 7527
365 149 11294
365 167 -18364
365 186 11466
365 229 13986
365 232 15353
365 242 -9909
365 247 11050
365 263 3033
365 270 12813
365 318 1344
365 328 -1097
365 337 3550
365 342 -15400
365 383 -10004
365 400 -8920
365 452 -10206
365 458 -14798
365 486 18146
365 499 -7586
365 508 17150
365 539 -18374
365 559 4524
365 587 1242
365 592 17152
365 598 -5960
365 614 11136
365 620 15633
365 632 314
365 642 6785
365 664 16780
365 689 11215
365 705 13204
365 709 5263
365 712 5192
365 719 2988
365 742 -602
365 748 -6161
365 749 15769
365 768 -1792
365 782 -2766
365 791 4138
365 796 -16544
365 816 4942
365 845 -8213
365 886 13163
365 899 7157
365 914 16628
365 950 6830
365 952 3670
365 1008 6194
366 2 -914
366 7 1168
366 40 -11768
366 86 -5897
366 94 -6391
366 99 -2520
366 115 15720
366 125 18275
366 143 -11284
366 245 17596
366 325 -11627
366 332 10359
366 365 -11810
366 368 -5275
366 384 -18121
366 416 -2244
366 444 -7759
366 452 1927
366 498 -12775
366 538 872
366 546 -4349
366 571 -9622
366 590 -863
366 677 -8459
366 681 -7603
366 728 -8912
366 734 4514
366 740 7320
366 742 6078
366 784 -10253
366 843 -13812
366 846 17957
366 851 6501
366 864 -15472
366 871 -17042
366 880 15274
366 900 1707
366 921 -8059
366 991 11963
367 1 12549
367 7 7290
367 9 10570
367 14 -18460
367 39 7626
367 55 -14564
367 62 13977
367 64 3476
367 70 5599
367 78 -18191
367 93 -17627
367 129 -11608
367 189 9395
367 218 -2822
367 224 -8539
367 262 -13860
367 300 1943
367 307 18693
367 311 16011
367 344 5879
367 345 -3176
367 357 12516
367 377 -415
367 381 9108
367 384 -1473
367 401 -9712
367 419 -7025
367 426 9394
367 446 -9726
367 467 652
367 490 -2005
367 523 -235
367 536 12295
367 551 31
367 585 9855
367 600 708
367 607 -11663
367 621 -7915
367 658 -18512
367 659 13416
367 669 6132
367 721 428
367 745 3387
367 746 -17026
367 756 2400
367 768 5748
367 781 2870
367 793 -1040
367 852 6490
367 891 -5950
367 927 9865
367 939 -6482
367 964 -8642
367 1022 -13023
368 1 -1956
368 37 17001
368 60 877
368 62 986
368 78 16318
368 117 5612
368 124 -1738
368 130 -16558
368 154 13611
368 183 10022
368 208 7814
368 209 -920
368 216 -15092
368 222 13053
368 224 -8751
368 241 -17627
368 249 -5459
368 269 7353
368 287 -3620
368 326 -14365
368 337 -2229
368 366 -14507
368 380 9442
368 433 -8172
368 485 -4064
368 488 53
368 493 -13985
368 495 18693
368 510 -10012
368 528 -9832
368 539 -8498
368 544 -1448
368 563 11697
368 574 1507
368 577 681
368 614 12384
368 623 -5162
368 624 2185
368 625 11999
368 636 -4170
368 640 16548
368 650 -12398
368 654 1373
368 678 17506
368 699 -13830
368 747 -11207
368 764 -12458
368 766 -9603
368 770 -16249
368 794 -18507
368 797 17927
368 808 -12347
368 842 9428
368 855 -12142
368 898 -632
368 900 -771
368 920 -355
368 940 -4704
368 969 -13782
368 986 -10353
369 18 1378
369 25 -8373
369 27 -7378
369 44 1622
369 46 -7538
369 61 -14014
369 114 12983
369 116 17293
369 126 -9179
369 152 -3429
369 167 -6114
369 180 -3799
369 184 -18434
369 207 7903
369 220 6356
369 304 12551
369 350 17891
369 399 15410
369 403 5247
369 441 -8424
369 454 -8530
369 457 8418
369 490 10307
369 495 -3609
369 515 4115
369 529 16520
369 536 -16194
369 538 -17137
369 548 449
369 566 14598
369 567 -15878
369 586 -5596
369 618 9741
369 621 -8556
369 622 2500
369 623 -14902
369 628 -3145
369 634 -7248
369 666 5056
369 689 -7865
369 696 10520
369 730 2935
369 741 -11865
369 755 -11764
369 761 -18349
369 800 10913
369 803 -7738
369 845 -15965
369 894 12009
369 898 -6259
369 910 -12198
369 929 2441
369 930 8149
369 936 -8145
369 937 5766
369 979 18156
369 993 -17343
370 5 14987
370 19 13224
370 40 8933
370 67 -13926
370 71 1882
370 183 10491
370 214 -16070
370 230 -13364
370 278 -18144
370 283 12428
370 293 -12597
370 530 3274
370 588 10512
370 595 14183
370 603 120
370 620 -9993
370 626 11860
370 632 3926
370 715 -5465
370 718 16472
370 732 10877
370 746 -16479
370 749 2658
370 758 14869
370 774 -2480
370 787 11349
370 795 -18616
370 851 -10556
370 868 -5596
370 875 -13585
370 880 14780
370 889 -11434
370 899 4564
370 905 1297
370 908 13167
370 918 -13644
370 920 1237
370 997 -6842
370 1010 12009
370 1016 6737
370 1018 12933
371 19 -6455
371 47 -4059
371 59 -18777
371 102 -456
371 107 -2251
371 108 -14339
371 116 14926
371 119 17000
371 180 17792
371 191 17541
371 194 5783
371 205 -8042
371 219 1413
371 243 13528
371 262 -13484
371 287 -14482
371 302 10724
371 309 -18499
371 330 -16731
371 377 1223
371 379 -3038
371 391 1440
371 406 -9568
371 411 -1906
371 420 -17485
371 434 10508
371 437 12489
371 452 -8636
371 461 18626
371 465 13596
371 500 7750
371 508 4531
371 535 -1720
371 551 -5870
371 574 1729
371 575 11777
371 588 3271
371 590 -17819
371 618 -10157
371 629 1382
371 637 -12164
371 656 -13112
371 663 17229
371 666 14247
371 683 -3960
371 691 -17685
371 742 6621
371 760 -4873
371 777 -14779
371 779 -1200
371 798 8603
371 805 -8417
371 842 3951
371 878 -16670
371 930 16985
371 959 255
371 966 14514
371 969 -10425
371 974 10420
371 1000 -6929
371 1003 -16534
372 6 9647
372 18 8133
372 24 2751
372 32 -18482
372 47 9131
372 52 7733
372 59 -11442
372 69 15757
372 70 -7373
372 311 -6676
372 324 7853
372 352 7420
372 390 -14549
372 442 7680
372 445 -13566
372 453 -1603
372 463 4045
372 466 3121
372 508 6179
372 510 7020
372 558 2556
372 618 -16488
372 711 -6433
372 736 413
372 742 6374
372 750 -16536
372 840 3020
372 862 18437
372 882 -3594
372 903 11494
372 911 -9387
372 938 4137
372 955 -17114
372 960 -2201
372 970 7699
372 988 -747
372 1011 -13733
372 1020 6075
373 5 3450
373 11 -9372
373 33 -6874
373 58 17514
373 64 -9252
373 75 16298
373 84 13451
373 98 -17986
373 109 17135
373 111 12387
373 115 -10702
373 120 7265
373 166 14390
373 200 -8615
373 213 -3296
373 231 -16985
373 232 -16834
373 271 11039
373 275 -14673
373 280 9630
373 287 18565
373 324 -16122
373 339 -14624
373 340 -12977
373 365 -1340
373 368 5993
373 392 12587
373 426 11086
373 474 -12905
373 526 9790
373 531 4631
373 557 -10778
373 565 5893
373 603 -6206
373 611 -18365
373 617 -18413
373 624 -8550
373 634 -6297
373 644 -4808
373 665 -1625
373 682 15531
373 733 -1864
373 758 -11231
373 807 -6385
373 817 6383
373 873 3686
373 883 -15054
373 885 -8186
373 890 10235
373 907 -10737
373 910 -2440
373 914 -10078
373 915 -1023
373 928 9538
373 943 2794
373 961 -18150
373 973 13510
373 1016 13907
374 14 18363
374 21 4840
374 45 2622
374 47 -15066
374 67 -14472
374 69 13958
374 112 11137
374 113 15219
374 122 3287
374 125 -18260
374 134 14946
374 176 -9360
374 187 6300
374 205 -7056
374 212 7196
374 252 -9065
374 308 14854
374 344 1568
374 361 11194
374 399 -6020
374 434 -7294
374 464 -14974
374 474 6859
374 523 16806
374 548 -10854
374 559 -4144
374 587 -1404
374 608 -14529
374 631 -4630
374 654 16321
374 661 17816
374 675 -6014
374 695 -7023
374 700 -5106
374 705 2822
374 716 -15468
374 738 -18506
374 749 2903
374 762 4992
374 776 -12420
374 797 9089
374 805 17083
374 811 -3142
374 841 926
374 870 18339
374 920 -5064
374 956 17878
374 1001 13304
375 0 12222
375 60 9351
375 74 -16531
375 84 16064
375 98 15165
375 114 -6102
375 123 168
375 148 17966
375 183 -17505
375 202 3843
375 227 -9561
375 240 6682
375 315 9421
375 320 6803
375 359 10494
375 361 -18120
375 376 -12140
375 398 14566
375 400 -16792
375 409 -15601
375 426 -1437
375 433 2982
375 437 -12409
375 446 18119
375 466 11408
375 492 14779
375 503 -9530
375 533 14028
375 548 -11440
375 573 -7192
375 578 10670
375 659 5851
375 698 -14202
375 706 9199
375 765 -2532
375 777 -1702
375 808 -15912
375 809 10381
375 840 2965
375 843 -2251
375 871 10405
375 875 -17989
375 881 696
375 886 13397
375 942 -13526
375 947 -14510
375 962 -4118
375 994 9723
375 1006 -3817
375 1008 -10917
375 1009 14628
375 1014 5110
376 20 -13732
376 71 -16700
376 75 -3884
376 77 -15693
376 80 9195
376 90 16322
376 93 15192
376 116 7474
376 121 -8466
376 133 14056
376 140 247
376 154 12102
376 155 16746
376 158 2275
376 159 -7315
376 218 -1838
376 229 10850
376 232 304
376 248 -9234
376 280 -7446
376 282 3559
376 307 -17277
376 383 7562
376 396 -14749
376 421 -10411
376 424 16452
376 440 -110
376 466 -10676
376 475 -448
376 502 -5690
376 519 18037
376 544 -8218
376 547 787
376 552 9338
376 564 -5581
376 566 -5070
376 597 4921
376 611 11051
376 642 -5339
376 651 -17721
376 667 4463
376 674 14880
376 697 15111
376 771 15925
376 783 -15040
376 789 5755
376 790 13208
376 808 -11666
376 823 12223
376 833 16539
376 872 -14765
376 877 18684
376 880 -9102
376 900 7782
376 909 -889
376 930 -2598
376 947 -7409
376 952 -13329
376 980 -2806
376 983 4219
376 991 -3701
376 994 -6978
377 6 -7202
377 16 -8051
377 17 -10351
377 25 7656
377 42 -826
377 49 -9611
377 57 -6355
377 60 -2092
377 79 5917
377 82 9915
377 103 7573
377 107 483
377 131 16727
377 151 -7028
377 152 -16734
377 168 12928
377 188 11368
377 208 -5920
377 247 -16561
377 250 10537
377 266 11309
377 283 15770
377 319 -10825
377 335 4141
377 336 -7959
377 361 -11049
377 371 -17177
377 452 -2153
377 461 -1961
377 476 18128
377 480 -712
377 514 2807
377 519 -9925
377 524 -13691
377 587 -7166
377 630 9474
377 661 747
377 664 -16789
377 679 9503
377 694 -4798
377 716 -12613
377 729 13388
377 736 -16934
377 740 -1852
377 766 -13270
377 794 -1402
377 812 15631
377 830 -14268
377 921 -16589
377 959 16369
377 970 6394
377 971 -6499
377 1011 -15973
377 1013 15946
377 1014 11857
377 1017 -6891
378 11 14670
378 17 7050
378 21 10480
378 67 -15142
378 78 14228
378 107 177
378 143 -9369
378 150 -1039
378 167 15491
378 189 11318
378 192 -642
378 229 -15946
378 232 -14420
378 251 16064
378 253 -16967
378 272 -12374
378 291 -16464
378 322 -14754
378 325 -10938
378 363 -12514
378 401 2481
378 410 5283
378 476 8019
378 489 12210
378 498 3320
378 555 2646
378 576 16848
378 581 3089
378 600 16247
378 627 1291
378 629 -9004
378 642 -11482
378 654 -15447
378 661 -16027
378 687 5063
378 754 5721
378 778 13804
378 817 4532
378 841 -17571
378 881 -18105
378 882 -4758
378 894 -2967
378 900 -4768
378 902 3054
378 903 -18442
378 935 7412
378 946 7378
378 986 -5365
378 1013 -9714
379 22 11242
379 35 -6061
379 37 -18709
379 52 -8678
379 68 17261
379 112 3398
379 144 -10776
379 153 -15653
379 185 12534
379 198 -13318
379 203 -15594
379 225 15527
379 274 17683
379 327 12676
379 336 -15064
379 338 8560
379 363 -15661
379 367 15645
379 392 -18389
379 416 7600
379 422 -2973
379 437 488
379 454 -12840
379 469 -10978
379 470 -13765
379 501 -16829
379 510 -254
379 520 3397
379 574 -13279
379 581 -9635
379 588 12803
379 589 6518
379 590 -11619
379 597 966
379 610 -7419
379 612 12071
379 626 13868
379 641 7421
379 679 17477
379 680 -5254
379 787 -17165
379 796 3650
379 811 -14772
379 832 -15329
379 853 16672
379 928 -3578
379 947 -18681
379 962 -1225
379 970 -14028
380 17 -6952
380 40 -12870
380 52 -2536
380 76 -9192
380 100 -6007
380 112 851
380 151 11028
380 194 -10338
380 219 -2000
380 240 -1467
380 243 13969
380 262 -8263
380 320 18105
380 355 -4404
380 361 8197
380 365 -15913
380 385 1003
380 396 17842
380 397 3235
380 428 7274
380 430 -1983
380 472 14263
380 507 -15587
380 555 -3130
380 569 15560
380 573 11735
380 582 -7511
380 584 -15470
380 587 -13352
380 658 -15278
380 662 15204
380 684 12165
380 694 -16812
380 730 -16372
380 740 14863
380 746 10788
380 748 -4385
380 803 -13420
380 835 -12954
380 837 11171
380 857 5840
380 877 -9359
380 878 -1728
380 888 2063
380 902 -12666
380 905 9875
380 961 3576
380 985 13034
381 26 -8073
381 43 15818
381 66 12820
381 127 6633
381 132 -8173
381 178 -7132
381 241 4165
381 250 -5242
381 261 294
381 276 5272
381 280 7936
381 288 -10751
381 292 3431
381 293 -16144
381 308 3578
381 322 5820
381 366 4370
381 388 -6864
381 393 15268
381 488 -4628
381 493 12937
381 510 7991
381 518 5466
381 558 -12701
381 560 -7100
381 562 -12671
381 567 5286
381 569 6279
381 608 -2400
381 627 -471
381 639 2862
381 654 5929
381 667 14322
381 683 3176
381 686 13820
381 718 4515
381 741 -9555
381 748 1909
381 753 -1326
381 807 -10107
381 811 -6957
381 815 12274
381 875 -11669
381 885 -14913
381 917 5119
381 929 -10815
381 935 -16151
381 946 -17160
381 963 3671
381 1010 15980
382 9 -6623
382 52 -2414
382 59 -13398
382 65 17376
382 76 -11843
382 97 -11295
382 137 1238
382 192 -10436
382 216 -11876
382 226 18061
382 232 -18189
382 261 -1982
382 303 -376
382 339 -3323
382 363 -4840
382 401 8779
382 403 -11210
382 409 18420
382 420 -10078
382 428 -9715
382 464 -12315
382 479 12744
382 508 -9418
382 564 -14699
382 594 8364
382 631 -5704
382 646 13552
382 657 -1321
382 702 15609
382 718 13503
382 735 -15157
382 756 -71
382 790 -15367
382 841 16549
382 865 12656
382 890 -13061
382 895 14485
382 934 -13583
382 942 -6196
382 961 -17983
382 962 2370
382 990 -13779
382 993 -10885
383 0 1581
383 30 9879
383 72 8941
383 88 -3701
383 121 18179
383 152 13497
383 184 3508
383 187 -8461
383 222 -11130
383 229 12788
383 243 -17194
383 251 -3052
383 259 -10056
383 260 6049
383 296 -7131
383 348 -9143
383 350 7484
383 370 -17805
383 378 3016
383 404 -8716
383 459 -13604
383 460 -9607
383 541 -9841
383 558 10055
383 602 -15996
383 658 8308
383 660 -8649
383 669 8229
383 673 -15626
383 692 -12470
383 695 -8896
383 710 12216
383 755 7989
383 757 13202
383 774 -1504
383 864 -8631
383 892 -18612
383 907 12907
383 915 -14650
383 918 6369
383 955 8692
383 968 1430
383 982 -12583
383 986 6429
383 999 -11554
383 1003 9939
384 8 -4771
384 27 1501
384 35 6024
384 114 278
384 139 -8532
384 144 -12022
384 153 1162
384 180 13892
384 184 8727
384 231 13756
384 234 1284
384 243 -7128
384 264 -17503
384 293 -1155
384 296 -4462
384 334 7389
384 338 10740
384 365 4377
384 411 17477
384 419 -1097
384 426 -16077
384 434 6468
384 449 10075
384 456 9406
384 476 -10033
384 480 -7157
384 506 -13360
384 527 -4698
384 535 3804
384 546 -14473
384 584 4953
384 607 -10878
384 643 12309
384 677 -13514
384 688 -15758
384 708 4315
384 726 6644
384 788 -11944
384 796 -18212
384 801 11284
384 817 10906
384 829 12339
384 860 12084
384 889 13481
384 928 -11865
384 1002 -622
384 1003 11423
384 1007 8653
384 1014 1880
385 18 17006
385 31 -1714
385 59 9464
385 80 2806
385 115 -17640
385 116 718
385 135 18627
385 194 -13381
385 195 -10218
385 214 -1618
385 221 -2375
385 228 -18466
385 260 8875
385 283 -18645
385 292 -14407
385 300 1110
385 309 -1516
385 330 -9272
385 360 -31
385 361 13699
385 438 -12485
385 440 -1744
385 454 7840
385 462 -35
385 468 -5844
385 484 7028
385 516 1633
385 520 -2484
385 590 -16675
385 618 13560
385 620 15922
385 666 -1027
385 692 -13604
385 706 -6893
385 707 8015
385 717 -6516
385 734 16872
385 778 -3724
385 844 -11008
385 889 12539
385 890 2487
385 908 2697
385 916 -1258
385 994 1540
385 1000 12831
386 37 8847
386 102 -11497
386 118 6365
386 123 -6889
386 127 2940
386 129 -3721
386 164 2163
386 170 -11773
386 176 10950
386 192 9878
386 218 14123
386 227 -1952
386 263 -1569
386 412 1844
386 458 -8247
386 461 899
386 507 5539
386 512 3993
386 513 17111
386 517 1849
386 530 -9228
386 545 3082
386 561 6040
386 590 -15458
386 600 12503
386 611 13959
386 621 16660
386 639 -12442
386 655 18722
386 672 2786
386 750 18433
386 768 204
386 779 -8061
386 805 4083
386 816 -1532
386 832 10770
386 853 10282
386 899 10854
386 920 -1068
386 921 -5729
386 925 -14283
386 932 -4121
386 942 -9226
386 998 -12853
386 1001 12412
386 1002 15583
387 19 1135
387 48 -6
387 62 4930
387 79 7874
387 105 8213
387 130 11306
387 145 -4513
387 168 -3443
387 172 -5429
387 207 -2617
387 240 -8700
387 254 -6471
387 270 -12447
387 274 -2485
387 277 6320
387 310 2104
387 332 14851
387 386 2557
387 406 -10938
387 408 -15786
387 443 -10028
387 472 -17547
387 474 14918
387 511 -8971
387 529 -10549
387 548 -5397
387 586 16066
387 604 3858
387 622 -7530
387 636 -437
387 657 -11550
387 668 6358
387 671 -15438
387 726 13292
387 750 14224
387 776 -4388
387 806 -4477
387 809 10318
387 868 7666
387 877 -8620
387 882 -2190
387 892 10056
387 945 -5643
387 946 -18304
387 976 18233
387 1002 -1644
388 23 17720
388 65 -18598
388 77 -2437
388 93 10183
388 98 -1066
388 112 1958
388 140 8947
388 156 -4312
388 161 -749
388 168 -4115
388 190 14095
388 230 736
388 263 18079
388 269 -117
388 312 -17489
388 322 -4992
388 351 -17750
388 386 18452
388 389 -6151
388 412 1175
388 426 11378
388 456 14658
388 464 -18534
388 494 3202
388 497 12330
388 499 13834
388 503 16530
388 515 9391
388 560 -16911
388 565 -9696
388 594 -16886
388 636 1708
388 650 -5785
388 679 14141
388 717 -5625
388 739 -3545
388 776 6416
388 815 -10371
388 819 -12089
388 824 1860
388 851 2955
388 870 8832
388 902 2967
388 906 9011
388 915 396
388 937 17775
388 1002 -6206
388 1006 -5107
388 1022 18637
389 10 -17876
389 17 18600
389 27 9328
389 37 -2010
389 40 -3717
389 43 -16490
389 46 -11677
389 55 17957
389 65 14470
389 126 -14649
389 137 -1722
389 139 -5705
389 146 16848
389 149 -1064
389 164 -4766
389 178 -11037
389 208 11783
389 224 -11287
389 241 -4814
389 252 -17327
389 268 10208
389 270 13783
389 299 -13422
389 322 13028
389 381 12835
389 427 17794
389 436 7932
389 451 7013
389 531 12262
389 535 5226
389 545 17197
389 566 11558
389 592 -17049
389 616 15441
389 640 10342
389 668 80
389 684 -5669
389 690 10888
389 738 -15109
389 751 15696
389 769 -7976
389 770 3587
389 790 18733
389 839 15040
389 842 12814
389 871 -18359
389 893 -3850
389 909 -134
389 947 18519
389 959 -13385
389 964 1886
389 967 -12430
389 969 -11607
389 987 9288
389 1005 16798
389 1012 -10817
390 1 -11926
390 7 -11424
390 11 -3756
390 17 -9470
390 36 -1640
390 54 2990
390 74 -2129
390 90 10801
390 118 504
390 139 3643
390 166 -1016
390 227 -15438
390 258 -5749
390 261 13473
390 266 -3460
390 278 5099
390 302 16860
390 313 -1231
390 339 9665
390 366 -9704
390 380 2100
390 383 -6669
390 409 12099
390 436 -15444
390 457 -17232
390 470 6132
390 511 4667
390 534 -4443
390 535 3803
390 581 -344
390 593 -3386
390 618 7464
390 628 12105
390 644 -8059
390 717 -17977
390 818 7671
390 823 -18349
390 842 8706
390 855 8001
390 887 17991
390 931 -16149
390 939 4902
390 944 10180
390 968 12060
390 1020 -9444
391 0 -18403
391 16 -7746
391 31 -1148
391 41 9253
391 50 -555
391 68 -18475
391 92 -17515
391 121 13933
391 156 8462
391 250 15504
391 265 -15501
391 284 -14002
391 302 4245
391 310 16916
391 339 8545
391 400 15310
391 414 -11059
391 427 -7848
391 435 -11855
391 442 6365
391 478 16368
391 538 -12829
391 575 8384
391 584 131
391 635 -14423
391 668 -17981
391 682 8102
391 776 17815
391 813 -13071
391 837 2746
391 842 8003
391 855 -2028
391 862 -15125
391 880 9137
391 918 -8904
391 924 13647
391 970 -3180
391 1007 13042
391 1018 15470
392 61 7337
392 69 -6936
392 72 2457
392 75 -15718
392 89 14489
392 100 -1684
392 103 2811
392 121 4818
392 146 17242
392 162 -14055
392 176 3521
392 223 -14549
392 236 -12591
392 261 12916
392 268 -9798
392 272 8305
392 276 17566
392 293 -3982
392 309 -1635
392 317 -7342
392 354 -16236
392 364 10503
392 376 18234
392 394 -6803
392 400 13886
392 404 12860
392 425 4349
392 436 6174
392 463 14643
392 471 18517
392 474 -15138
392 512 -16524
392 538 -13514
392 566 -7098
392 587 -12503
392 605 10847
392 614 7570
392 627 -12817
392 639 1294
392 648 -4314
392 675 12692
392 688 -15888
392 689 -14236
392 705 17105
392 759 256
392 770 6789
392 783 899
392 831 111
392 856 -8246
392 858 14012
392 859 1947
392 891 -11528
392 898 -8341
392 900 -4427
392 926 -13369
392 929 -16076
392 930 -15706
392 945 -1349
392 946 -10575
392 961 -5607
392 969 14901
392 1011 4176
392 1016 -8853
392 1019 9207
393 30 7186
393 53 4709
393 62 8585
393 72 6129
393 86 -11792
393 99 12971
393 138 -12780
393 248 11111
393 257 -697
393 361 1767
393 386 14985
393 406 15641
393 418 16955
393 421 5799
393 426 15148
393 449 9052
393 454 -17877
393 484 11973
393 496 -18712
393 537 -18215
393 547 -8887
393 557 -10436
393 582 -8959
393 593 -1069
393 597 10401
393 628 -16757
393 654 16188
393 670 8696
393 688 6274
393 700 3211
393 715 -6050
393 722 -15589
393 761 12888
393 774 -13125
393 776 3744
393 792 -4644
393 797 9360
393 807 14291
393 827 6528
393 903 -4049
393 916 -7662
393 967 202
393 971 5026
393 975 917
393 980 -1497
393 982 -10719
393 984 -16649
393 1005 -2360
393 1006 -13333
394 0 -14451
394 8 -10324
394 10 -2954
394 19 3692
394 87 -5037
394 111 -2364
394 121 10635
394 132 11851
394 141 3004
394 166 -6933
394 188 -11561
394 190 -8749
394 217 -7473
394 240 -4866
394 261 -2118
394 284 16559
394 292 -8149
394 315 -13830
394 321 12350
394 325 8230
394 332 8660
394 416 -11187
394 421 3124
394 446 10181
394 450 14890
394 455 15577
394 465 13142
394 475 3044
394 479 3251
394 565 12325
394 569 18386
394 570 14652
394 622 -15920
394 632 14209
394 635 13270
394 669 137
394 674 -1221
394 675 9280
394 718 5015
394 783 -18364
394 786 9710
394 792 17280
394 793 -7670
394 822 -17996
394 836 -2403
394 854 7324
394 882 9194
394 901 -7878
394 905 17886
394 918 -3395
394 933 -8169
394 944 -17587
394 949 6191
394 968 -12452
394 974 14393
394 976 -1508
394 985 -14552
394 1007 10466
394 1022 -6221
394 1023 14511
395 5 -16088
395 34 1159
395 64 -2737
395 73 -10173
395 78 -11525
395 117 -10152
395 118 8826
395 135 839
395 142 -7839
395 175 -8531
395 183 11505
395 186 15816
395 193 16686
395 229 -16109
395 238 -7005
395 256 4105
395 301 -18746
395 303 15051
395 305 8662
395 316 -16185
395 357 -16247
395 427 13864
395 439 -3768
395 454 -14285
395 464 -6808
395 472 -13430
395 518 -11741
395 525 -835
395 529 -7759
395 568 -7504
395 571 17958
395 592 -5588
395 593 -1537
395 634 -12516
395 638 14823
395 647 -15346
395 652 3946
395 676 10821
395 699 -11936
395 708 18432
395 752 -12134
395 774 -14631
395 775 12551
395 779 -15694
395 792 -5216
395 894 1532
395 900 11967
395 934 -4320
395 956 -9227
395 970 -16569
395 1001 17019
396 23 9509
396 73 4435
396 83 -9638
396 102 7156
396 133 3983
396 141 2586
396 167 8165
396 170 13010
396 194 -260
396 206 12098
396 221 -11781
396 249 -15623
396 259 -13289
396 321 9214
396 341 17074
396 366 -9861
396 378 -16302
396 379 -3613
396 407 6399
396 427 -12950
396 438 2634
396 457 3674
396 458 -8067
396 465 10471
396 467 -1849
396 472 152
396 474 -1184
396 491 13058
396 513 -5019
396 518 11713
396 582 -15038
396 599 -15509
396 604 8896
396 610 8835
396 611 3518
396 650 -17746
396 681 -12212
396 685 -18636
396 686 10222
396 729 18556
396 730 -17607
396 797 -4442
396 802 2752
396 817 -12266
396 834 15204
396 836 407
396 847 -9771
396 893 -7656
396 957 10498
396 982 -9851
396 987 -2604
396 999 -920
397 2 -11330
397 17 8459
397 18 14183
397 80 -1116
397 81 -4544
397 114 12208
397 126 -15189
397 127 -16941
397 162 -16506
397 192 -11533
397 197 17614
397 219 2232
397 226 -4696
397 244 -12561
397 270 17633
397 285 -6449
397 295 11899
397 347 -17884
397 369 -11511
397 391 -14802
397 400 -1091
397 401 2930
397 413 -17422
397 415 -5462
397 451 -2986
397 461 7152
397 492 7615
397 509 -5749
397 520 8026
397 528 -11058
397 646 6824
397 684 10874
397 695 -6115
397 698 8182
397 700 16356
397 722 -18790
397 750 -936
397 760 -9730
397 772 17184
397 788 -17290
397 797 7159
397 804 13868
397 805 -10877
397 830 -1013
397 838 18388
397 839 5430
397 848 13395
397 882 14417
397 919 3699
397 922 18146
397 934 -16442
397 968 -16169
397 1016 15424
398 5 -11252
398 9 17292
398 14 -10097
398 59 1553
398 70 14129
398 76 -10369
398 147 15494
398 174 16432
398 183 11380
398 186 13031
398 197 -8384
398 205 -4394
398 263 18329
398 276 6432
398 306 835
398 313 -17437
398 329 -8703
398 336 13517
398 358 16386
398 400 -4983
398 430 -15477
398 471 -9219
398 476 -14803
398 489 16592
398 506 -12686
398 524 -17800
398 525 14756
398 531 8578
398 538 17561
398 582 10162
398 599 16944
398 622 7295
398 640 -3212
398 641 15352
398 650 -10480
398 656 -10290
398 671 -7831
398 688 1337
398 725 -14096
398 727 9736
398 775 12636
398 797 -14276
398 805 -405
398 853 -14323
398 897 1123
398 906 -11713
398 925 -12474
398 938 979
398 960 -13864
398 976 -10470
398 981 -4847
398 985 16527
398 1016 -16977
399 29 9855
399 133 10657
399 172 -8650
399 215 11096
399 254 -8244
399 265 5449
399 299 -11917
399 313 -12173
399 480 3054
399 493 -18748
399 524 -15370
399 549 4693
399 564 -16765
399 593 -705
399 597 18705
399 604 -9360
399 636 566
399 653 -4745
399 661 -8537
399 665 17806
399 670 -16232
399 703 3515
399 705 6434
399 742 6036
399 753 -8212
399 768 17829
399 783 -2067
399 793 -12172
399 813 -4993
399 847 -12075
399 943 -11670
399 966 -17714
399 1023 -5092
400 45 14633
400 50 -4427
400 52 -18464
400 56 8708
400 62 -12480
400 65 -18064
400 67 -1849
400 87 -15005
400 88 -16520
400 89 -6576
400 127 -5728
400 152 13643
400 174 -7096
400 215 4662
400 222 -4379
400 266 -11614
400 276 5849
400 283 9966
400 300 -11535
400 369 -11561
400 388 -15729
400 401 8580
400 447 -11871
400 495 -13697
400 496 -5105
400 518 15724
400 525 13224
400 533 -6698
400 551 -10402
400 559 14983
400 587 5308
400 607 11052
400 612 -7735
400 613 -18791
400 626 4187
400 656 11895
400 658 14916
400 678 7357
400 681 15153
400 689 6922
400 741 18110
400 749 -5102
400 751 -6149
400 761 -7839
400 786 13383
400 795 -4873
400 809 14736
400 814 1706
400 822 -911
400 855 -8340
400 874 -482
400 891 16715
400 899 14477
400 907 8943
400 925 203
400 954 -6608
400 980 7545
400 981 5190
400 984 15929
400 1013 9195
400 1017 9043
401 7 -10765
401 91 -3463
401 93 2975
401 129 5996
401 151 -15936
401 164 -15196
401 167 -3420
401 169 14145
401 178 513
401 194 -3152
401 202 -5495
401 210 -1720
401 218 15659
401 276 -18695
401 299 -16449
401 310 615
401 330 3738
401 345 -18634
401 349 4083
401 350 -1194
401 400 11320
401 409 11881
401 410 -3037
401 434 18498
401 435 14106
401 437 17131
401 469 -11998
401 486 15287
401 501 -3021
401 510 640
401 534 -5417
401 542 -15684
401 553 -5417
401 565 -3300
401 600 14779
401 629 -7458
401 631 10847
401 647 -12853
401 676 11706
401 686 -12736
401 715 -15235
401 733 -497
401 800 12307
401 821 3350
401 851 -6641
401 860 -14946
401 883 -6255
401 908 -2402
401 913 5230
401 927 -8434
401 953 11407
401 994 13488
401 1008 4937
402 34 -13625
402 39 -7140
402 95 14492
402 122 9579
402 135 -4465
402 203 2911
402 216 -12519
402 221 9869
402 230 12198
402 232 -18480
402 255 5834
402 280 -10535
402 283 -14586
402 285 -6634
402 308 -7681
402 312 -7564
402 327 17814
402 337 15594
402 374 -7874
402 380 5592
402 382 -403
402 410 4572
402 412 6934
402 417 5011
402 435 -6422
402 445 -8153
402 476 -6944
402 535 -6668
402 543 18147
402 554 1701
402 565 -3702
402 574 -5425
402 607 -15962
402 627 9619
402 631 7002
402 644 -5673
402 695 -4936
402 702 -4890
402 736 -14713
402 759 -10373
402 763 -9096
402 793 -2047
402 800 -7568
402 811 12568
402 842 12496
402 941 9922
402 945 -14910
402 968 -10147
402 973 -6479
402 992 -4070
402 995 -6868
402 1019 -11039
403 29 8127
403 80 15524
403 86 11924
403 94 -1187
403 103 -3444
403 104 18403
403 108 1569
403 145 -11925
403 159 -13244
403 166 6453
403 184 9537
403 222 -15373
403 240 -8384
403 294 -10438
403 315 7339
403 326 -688
403 333 11229
403 346 17559
403 349 14269
403 355 13643
403 358 16928
403 365 3058
403 369 15204
403 382 -14172
403 404 -16465
403 443 -7158
403 447 6219
403 491 -5486
403 504 17969
403 570 -10603
403 573 7272
403 589 -3453
403 604 15469
403 605 -1497
403 713 -2680
403 724 7913
403 734 -13947
403 808 -16873
403 815 -16807
403 869 -18663
403 894 16464
403 897 -13900
403 900 6440
403 917 515
403 938 -11236
403 941 -7691
403 963 186
403 976 -1152
403 996 -14816
403 1005 -1734
403 1007 18635
404 4 10375
404 57 -3798
404 67 -2924
404 80 11589
404 88 -4226
404 108 3592
404 112 17965
404 187 1372
404 242 -1134
404 257 5515
404 266 -265
404 272 2774
404 284 11780
404 291 -2137
404 292 2555
404 306 12601
404 355 17167
404 378 14020
404 389 1887
404 413 2849
404 575 4381
404 582 12670
404 629 -15905
404 641 -9385
404 703 11453
404 714 -10210
404 729 -1842
404 737 -18130
404 766 6600
404 771 16100
404 775 -9553
404 831 11941
404 834 -2020
404 845 -997
404 851 -13627
404 865 -4158
404 868 -10622
404 876 -13350
404 927 15259
404 952 -16186
404 955 3255
404 993 -12915
404 1009 -12243
404 1011 -17487
404 1012 -14895
405 12 -12924
405 13 14924
405 14 -4867
405 49 -13658
405 79 45
405 95 -15733
405 125 4940
405 131 -9999
405 155 -13074
405 156 -17683
405 160 11186
405 166 7798
405 188 14610
405 190 3902
405 213 2110
405 233 8888
405 250 14741
405 258 -11112
405 304 -1889
405 324 5548
405 375 -11051
405 381 -1738
405 399 7659
405 400 -17075
405 414 13235
405 446 7358
405 453 13346
405 483 -1180
405 489 2925
405 496 17501
405 501 11670
405 538 17213
405 541 5821
405 587 -9008
405 590 18334
405 621 628
405 641 3841
405 643 -4623
405 667 13970
405 670 77
405 690 -5173
405 739 13778
405 780 8729
405 805 -1004
405 853 -6971
405 884 7809
405 906 15716
405 932 -7681
405 961 12066
405 963 9732
405 998 -4546
405 1009 17260
406 4 -1395
406 10 -5515
406 28 11528
406 40 18516
406 47 13551
406 64 -10704
406 77 -12077
406 98 3325
406 117 -11354
406 124 3661
406 169 -8763
406 178 -3157
406 181 -10745
406 197 -8546
406 215 9015
406 240 -7632
406 278 6277
406 280 -12324
406 283 2937
406 291 1771
406 343 11058
406 459 -4454
406 466 15186
406 493 11301
406 526 -17886
406 545 3084
406 554 3378
406 559 -12297
406 584 10494
406 592 -1968
406 663 14834
406 675 13845
406 710 6996
406 722 -14106
406 732 8236
406 755 2182
406 769 7517
406 792 17819
406 808 7592
406 811 -8746
406 843 -10230
406 860 9438
406 863 5252
406 873 -15027
406 895 11031
406 899 7737
406 923 4066
406 963 3414
406 980 -14578
406 984 6884
406 985 -2798
407 22 -5701
407 28 6553
407 37 -14190
407 75 4235
407 95 9686
407 107 -11326
407 120 -8825
407 144 -5040
407 149 -15790
407 156 12547
407 198 798
407 203 -16143
407 205 -15013
407 213 18007
407 237 -10233
407 246 -5995
407 313 -9068
407 314 -15562
407 347 2271
407 366 -651
407 424 1501
407 447 3148
407 485 -8686
407 490 -1571
407 503 -14869
407 505 14656
407 508 9631
407 513 12250
407 549 -5689
407 566 8784
407 603 -18167
407 631 5638
407 644 3090
407 666 -8823
407 692 -9058
407 695 6677
407 700 4119
407 714 12557
407 721 595
407 748 4439
407 784 -8106
407 837 10568
407 843 -1530
407 870 -18597
407 883 1780
407 892 -13176
407 896 14417
407 900 3681
407 951 16362
407 953 -13008
407 958 13116
407 990 -15221
408 17 1840
408 129 9276
408 136 -2659
408 144 -13356
408 182 -17412
408 194 -18239
408 217 -736
408 237 16075
408 361 1691
408 364 -13384
408 382 -3503
408 391 14431
408 427 1167
408 440 15086
408 441 15519
408 449 -17338
408 464 17092
408 466 8525
408 495 -10273
408 502 -5202
408 510 -11404
408 512 11019
408 552 10807
408 565 11727
408 577 10528
408 636 476
408 647 2482
408 661 -5264
408 699 10269
408 706 -162
408 737 -6071
408 748 13690
408 752 -16140
408 758 4195
408 761 4199
408 790 -482
408 842 9839
408 844 13331
408 863 2406
408 871 11241
408 878 -14532
408 879 -8548
408 908 15151
408 933 -13508
408 939 -6418
408 970 -6905
408 977 7158
409 5 7457
409 8 9476
409 32 -14302
409 58 8525
409 72 -7034
409 81 15526
409 104 11130
409 108 6066
409 111 12268
409 117 -1408
409 144 17459
409 216 1198
409 245 15247
409 273 -9802
409 305 -2746
409 338 9805
409 343 -233
409 376 14089
409 412 -17744
409 413 -12703
409 422 8649
409 425 -16023
409 491 10660
409 508 13633
409 518 -14058
409 529 -763
409 565 -401
409 641 -16726
409 665 9284
409 671 -4004
409 673 -5193
409 687 -11448
409 691 -11076
409 697 -5480
409 744 -7477
409 748 8591
409 758 -13024
409 761 14134
409 776 -1560
409 804 -10956
409 812 5592
409 826 -11495
409 846 13098
409 847 -16180
409 885 -11450
409 889 -3851
409 907 16106
409 911 11881
409 964 6421
409 965 9057
409 969 1038
409 979 1233
409 993 -5659
409 1008 -5411
410 8 -14047
410 46 1511
410 79 11016
410 98 -6454
410 130 9779
410 150 428
410 168 -4316
410 172 -1750
410 186 16917
410 190 -8958
410 198 415
410 210 -16578
410 212 -13534
410 216 12146
410 225 16586
410 240 13392
410 250 8227
410 296 -2117
410 300 1755
410 320 16183
410 334 -17800
410 339 9994
410 349 2654
410 352 9936
410 356 8380
410 360 -10545
410 364 6561
410 409 4320
410 438 -7445
410 439 12205
410 444 10153
410 453 -13688
410 495 -1144
410 509 -13196
410 527 -8449
410 548 11727
410 549 -9506
410 554 13406
410 571 -5957
410 576 -17152
410 602 3178
410 617 -1919
410 637 -3752
410 652 8110
410 672 -17831
410 779 -7449
410 816 1736
410 842 -1612
410 886 2197
410 911 10822
410 920 -5948
410 927 624
410 995 69
410 1003 3244
411 8 7658
411 26 -16842
411 30 1407
411 51 8687
411 53 -9579
411 59 5898
411 86 -5789
411 95 -8937
411 139 6523
411 156 -4004
411 175 16570
411 185 6065
411 208 -1833
411 213 -6642
411 224 16064
411 252 -9841
411 256 12199
411 293 -297
411 309 18118
411 318 -2456
411 382 -15097
411 444 -14824
411 499 -10099
411 504 18478
411 552 -7818
411 560 -16497
411 582 169
411 584 2912
411 617 -5140
411 622 2503
411 630 15352
411 670 -5535
411 690 17230
411 701 -17960
411 717 -8956
411 722 6498
411 728 8
411 731 10248
411 736 -5644
411 743 17836
411 838 -5120
411 877 -9924
411 887 -6445
411 938 10585
411 955 6983
411 963 12888
411 965 18523
411 988 -7793
411 1015 12302
412 49 -13765
412 53 -3471
412 55 12877
412 87 17098
412 91 4812
412 100 11154
412 163 -14874
412 170 -222
412 209 1124
412 251 7699
412 258 762
412 286 -193
412 306 -8697
412 353 -16855
412 358 2376
412 365 16436
412 368 -8273
412 378 12782
412 388 -4839
412 458 3134
412 467 -5384
412 513 -16380
412 518 -10138
412 522 2877
412 533 -6055
412 575 -7514
412 589 15940
412 605 16688
412 624 8441
412 628 3692
412 631 -4663
412 659 -10765
412 663 -16836
412 712 -10729
412 721 18262
412 738 -434
412 753 -3827
412 794 16857
412 865 9248
412 888 1862
412 923 6090
412 942 -9686
412 951 -18336
412 958 15874
412 961 1566
412 977 -16604
412 986 -7908
412 1014 -8969
413 7 3065
413 17 5887
413 24 -15851
413 77 -16619
413 81 -5487
413 180 -16958
413 230 5955
413 256 -2556
413 275 -11915
413 292 3569
413 326 927
413 335 -10000
413 348 -17540
413 352 -13025
413 399 -15418
413 407 -14521
413 440 -10160
413 456 10703
413 460 12383
413 474 15683
413 484 9831
413 590 12875
413 596 10849
413 632 -1775
413 638 -5840
413 645 18396
413 696 11423
413 705 5721
413 732 15740
413 737 -696
413 748 105
413 777 -18217
413 786 5170
413 798 -12763
413 813 3087
413 856 -17669
413 859 -16117
413 862 -1206
413 874 -6984
413 893 10095
413 919 -5846
413 921 724
413 949 11824
413 963 10147
413 983 12846
413 1003 2963
413 1012 17842
414 7 802
414 13 15011
414 34 -10150
414 43 -6137
414 54 -6087
414 85 -7164
414 102 -1608
414 107 -998
414 113 -11180
414 120 -480
414 197 -6531
414 203 9591
414 215 257
414 265 -16493
414 283 -15653
414 321 17427
414 368 -8140
414 373 6652
414 430 -8177
414 431 -6451
414 432 5524
414 443 -18146
414 453 6795
414 490 16855
414 517 6649
414 536 -16777
414 539 9255
414 540 4793
414 545 6604
414 555 -18210
414 574 8896
414 578 -6093
414 584 15063
414 592 -12465
414 596 -17967
414 608 14840
414 640 2108
414 646 17646
414 659 -11575
414 671 -11410
414 741 6971
414 767 -6861
414 768 -5375
414 776 6192
414 793 -1897
414 809 14279
414 811 4211
414 815 -2970
414 818 1829
414 839 9527
414 852 -18595
414 866 15485
414 868 11086
414 882 14263
414 884 1615
414 887 453
414 924 -5136
414 936 7305
414 957 6598
414 967 424
414 985 989
414 1004 9972
414 1005 6547
415 28 18231
415 34 6532
415 45 9014
415 66 362
415 88 5615
415 105 -547
415 136 -18044
415 162 -4840
415 169 15299
415 191 2011
415 256 18611
415 258 -15845
415 262 10175
415 276 18257
415 277 3090
415 296 -2570
415 298 -10631
415 304 7706
415 305 -2214
415 306 714
415 361 -2505
415 392 7903
415 420 7531
415 464 7034
415 478 4605
415 507 7409
415 509 -1384
415 510 -12413
415 545 -4201
415 555 -9145
415 581 -6222
415 584 -13527
415 618 -17307
415 637 14707
415 641 11148
415 646 -6586
415 662 -9565
415 680 3545
415 711 -15161
415 722 15733
415 746 -16613
415 747 16665
415 768 -17686
415 809 -3146
415 822 11896
415 840 -10482
415 857 -5013
415 882 -4917
415 911 739
415 916 15745
415 941 9750
415 949 6247
415 969 -5853
415 973 -1168
415 999 -15892
416 37 -2324
416 45 10530
416 100 -4078
416 122 10376
416 172 -5050
416 180 -14412
416 214 9389
416 245 -11851
416 259 8526
416 289 1697
416 292 1535
416 310 7848
416 311 -6221
416 333 10316
416 355 3747
416 357 -17200
416 377 14823
416 403 -8076
416 430 -11646
416 431 -15169
416 440 10642
416 443 3945
416 449 -6635
416 450 5038
416 507 2586
416 528 -8056
416 574 -5522
416 595 144
416 621 2028
416 645 -10284
416 678 812
416 705 4542
416 733 13759
416 734 -6834
416 750 3301
416 774 2949
416 812 -11880
416 837 -11335
416 840 17543
416 864 10080
416 868 -12664
416 881 7090
416 892 11461
416 900 15436
416 914 -4284
416 916 6663
416 944 8092
416 954 -18694
416 957 11826
416 969 10409
416 976 -17073
416 993 -15457
416 1006 15889
417 90 6304
417 93 -2717
417 99 18296
417 109 -384
417 163 7762
417 197 -12933
417 204 -6124
417 205 12855
417 211 12275
417 212 13805
417 226 9557
417 231 -9006
417 264 13013
417 292 -12872
417 293 2174
417 296 -13816
417 303 -18664
417 313 -7742
417 317 -17900
417 375 -18391
417 387 -15158
417 417 1455
417 456 1561
417 468 -6713
417 511 -3621
417 544 11730
417 573 17614
417 584 -1355
417 611 1551
417 629 -156
417 637 -9348
417 644 14559
417 706 3157
417 726 15238
417 737 -5717
417 743 -598
417 778 7796
417 809 -17218
417 811 -4134
417 840 13347
417 850 9464
417 863 -11122
417 887 -2120
417 895 680
417 902 17234
417 943 -878
417 957 11415
418 6 9934
418 54 1217
418 82 -14923
418 146 5320
418 152 -13214
418 174 5120
418 185 3152
418 221 -5777
418 233 6829
418 255 8174
418 302 18034
418 303 -11772
418 307 -4066
418 318 -9540
418 415 -17909
418 416 12633
418 430 9259
418 438 18282
418 458 -11317
418 494 18535
418 525 -16112
418 552 5304
418 581 -1147
418 615 3819
418 627 -13415
418 660 -17915
418 688 -12076
418 752 -9056
418 757 16253
418 758 -6357
418 772 -14516
418 800 18736
418 829 15888
418 865 1647
418 872 -6620
418 876 -17721
418 938 -8608
418 945 8212
418 1016 471
419 9 -4028
419 21 -10188
419 29 -6759
419 98 9825
419 136 8201
419 148 -4959
419 163 -6418
419 165 9196
419 193 -6600
419 206 9134
419 268 -1515
419 286 -8253
419 287 6077
419 311 1919
419 331 -15347
419 335 1317
419 338 -7662
419 355 -17533
419 365 -2150
419 416 -9698
419 423 3404
419 441 12438
419 476 -18674
419 488 -10300
419 505 -957
419 506 -6884
419 522 7188
419 553 -7085
419 560 -2333
419 564 -4731
419 577 -10645
419 583 5753
419 609 7896
419 623 -488
419 646 -11381
419 647 -15230
419 667 6285
419 709 -11843
419 733 -11012
419 760 -17504
419 766 -5422
419 771 5626
419 772 16295
419 813 -5054
419 825 -5919
419 837 13624
419 841 6339
419 853 5294
419 860 16146
419 890 1921
419 891 -10488
419 918 -11143
419 935 -2902
419 971 -11392
419 989 -15042
419 1017 -17165
419 1018 7883
420 16 16592
420 39 17839
420 135 -17036
420 164 10914
420 170 -5117
420 198 8178
420 235 -7532
420 238 -18772
420 289 1213
420 322 -16924
420 334 -15416
420 362 6175
420 390 18038
420 404 18195
420 424 -10805
420 532 -4055
420 536 -708
420 546 -14849
420 599 -10047
420 601 9181
420 615 6154
420 649 9857
420 661 -8024
420 675 9273
420 858 3126
420 878 -15780
420 968 -2272
420 1000 4842
420 1006 -9149
420 1007 9858
421 38 2492
421 77 -15682
421 108 -11805
421 115 -2888
421 124 -16692
421 128 -15514
421 132 7168
421 150 -13930
421 153 -11960
421 222 18654
421 239 -18460
421 246 8810
421 256 -6263
421 261 -17261
421 270 8535
421 278 -5623
421 346 2707
421 349 -4837
421 359 17928
421 371 -11415
421 391 768
421 398 18672
421 403 8425
421 411 12677
421 424 8143
421 462 15357
421 463 -4312
421 474 -962
421 493 2085
421 541 -7337
421 569 12781
421 573 -11791
421 586 3178
421 599 -10088
421 653 4843
421 657 -1025
421 712 11644
421 713 -11916
421 725 -2706
421 731 -1032
421 739 -513
421 818 -17400
421 848 -15508
421 883 -11748
421 891 -16525
421 916 -3226
421 917 7516
421 923 5910
421 979 4327
421 989 -15944
421 1001 17411
421 1018 2094
421 1019 -9128
422 13 17272
422 32 -1606
422 54 -17715
422 60 -16633
422 66 -17078
422 103 12608
422 143 11211
422 153 4416
422 204 16703
422 212 -13582
422 264 15387
422 284 1856
422 288 13670
422 306 -5322
422 334 -7342
422 342 -6971
422 380 3563
422 381 -3367
422 385 -12545
422 411 -16874
422 427 -8712
422 439 12958
422 444 -14546
422 448 -11761
422 460 -10002
422 473 -15335
422 478 -7298
422 491 -15615
422 505 -8838
422 515 6170
422 534 14395
422 573 16017
422 602 4387
422 624 3059
422 630 17461
422 659 -15077
422 672 -1659
422 673 6704
422 681 -13481
422 705 -10951
422 710 15998
422 755 -10601
422 812 6891
422 819 -15939
422 823 2867
422 824 7681
422 835 -2896
422 879 -16704
422 884 2445
422 894 -10381
422 906 1817
422 925 11958
422 972 -4425
422 997 13121
422 1002 -14215
422 1022 -18232
423 55 -15961
423 71 17440
423 73 -11492
423 81 -7990
423 83 3769
423 87 7855
423 108 7982
423 144 9261
423 147 319
423 159 17257
423 195 7165
423 200 10645
423 206 -15449
423 210 -1230
423 263 6822
423 291 306
423 307 2264
423 317 -16560
423 324 4473
423 335 -16024
423 348 3169
423 445 1077
423 457 17942
423 458 -10690
423 459 6086
423 474 11556
423 495 -10732
423 511 -13377
423 535 11996
423 537 6026
423 565 -9805
423 605 6940
423 630 2457
423 649 -9746
423 681 7933
423 684 -536
423 712 -1558
423 772 -2740
423 775 3077
423 777 -4988
423 789 -7467
423 823 17899
423 876 -4949
423 918 17605
423 930 -4310
423 938 -3710
423 963 -10991
423 1008 16584
424 5 -14273
424 16 10514
424 37 -15211
424 46 -6267
424 61 2266
424 71 16528
424 95 -3228
424 108 -3657
424 136 -11256
424 141 -17473
424 142 -18245
424 147 -13150
424 164 13023
424 185 -6031
424 198 -7271
424 219 -6708
424 220 -6589
424 246 9704
424 270 -2525
424 320 14626
424 325 -8045
424 363 -12134
424 383 -1106
424 409 5872
424 419 17806
424 425 -18702
424 430 -14595
424 437 18681
424 441 13802
424 456 -9674
424 480 -4618
424 560 -5398
424 613 10635
424 635 -12464
424 692 -8171
424 697 8442
424 723 10409
424 731 -16849
424 749 -3057
424 799 -7927
424 806 -7382
424 814 14707
424 848 -9233
424 854 -3579
424 920 7725
424 925 -12087
424 927 -2981
424 973 10795
424 1002 -2610
424 1010 1448
425 46 -6169
425 66 8765
425 130 -17840
425 138 8605
425 160 -9449
425 169 14588
425 182 13369
425 188 -10659
425 200 11255
425 212 4829
425 217 -16304
425 237 12784
425 243 -2499
425 249 -13897
425 271 -9495
425 281 4412
425 298 -14153
425 327 -4685
425 366 -6624
425 370 -16005
425 397 -8224
425 413 8906
425 414 -204
425 421 -15274
425 480 -18375
425 487 17349
425 502 9098
425 510 -17501
425 573 -12101
425 575 5687
425 610 -14292
425 634 -16818
425 708 9066
425 732 -17275
425 746 16212
425 758 -18595
425 803 -1342
425 837 -7627
425 845 -10817
425 849 -879
425 865 -12324
425 873 7303
425 912 -886
425 947 16318
425 970 -199
425 972 -6478
425 1012 8212
425 1018 -8222
426 11 17715
426 97 2054
426 108 17803
426 114 -7452
426 145 9750
426 154 11365
426 189 -363
426 219 -6082
426 221 -17225
426 322 7672
426 323 -11023
426 336 13477
426 348 12540
426 355 12767
426 361 -9822
426 406 -17613
426 434 14194
426 441 2253
426 449 10077
426 469 963
426 474 3443
426 494 7982
426 552 10425
426 586 13012
426 601 -18392
426 620 12167
426 638 -17249
426 640 370
426 687 -17745
426 690 6004
426 694 -18585
426 704 16406
426 737 11527
426 781 -11628
426 788 380
426 791 -9411
426 802 650
426 810 -10083
426 822 -6197
426 825 -11830
426 841 -16174
426 857 -2646
426 863 -6684
426 869 10336
426 934 -3960
426 945 4493
426 965 5328
426 974 -12043
426 1007 -16144
427 8 5585
427 17 -3139
427 43 -6963
427 57 -4943
427 118 5053
427 162 -6379
427 177 12306
427 195 -8820
427 250 -3053
427 251 2868
427 284 13999
427 336 -17828
427 344 -16076
427 349 6151
427 426 -16944
427 487 17242
427 495 -5184
427 547 15719
427 639 -1207
427 698 1711
427 707 -14958
427 716 7570
427 721 -15486
427 722 -2427
427 747 -14676
427 782 2512
427 787 -6928
427 800 3477
427 840 -10362
427 878 10355
427 887 5027
427 945 -12353
427 957 -5696
427 966 3843
427 967 5324
427 997 16331
427 999 2969
427 1019 -9125
428 4 -4337
428 29 16371
428 34 5799
428 52 4918
428 66 -14891
428 69 10679
428 110 946
428 164 15061
428 208 4564
428 225 -9272
428 226 -12945
428 232 -1953
428 255 471
428 283 -18743
428 314 -8273
428 335 -18127
428 349 -9966
428 355 -9463
428 362 -13953
428 377 -10465
428 380 9737
428 402 -517
428 409 1343
428 416 -8136
428 454 -7941
428 464 13474
428 528 -16243
428 563 164
428 581 -12434
428 600 6994
428 619 8739
428 688 5605
428 694 2920
428 700 -1334
428 709 -2109
428 716 2026
428 720 14264
428 731 -5506
428 757 -15240
428 759 2929
428 821 13863
428 829 -1567
428 864 898
428 865 7910
428 924 9811
428 933 10030
428 939 -3325
428 945 10118
428 954 1317
428 986 738
428 987 -18609
429 11 18135
429 18 10396
429 28 15636
429 62 -2287
429 84 18735
429 95 5612
429 118 -1293
429 126 -12967
429 132 237
429 156 6452
429 197 -4813
429 203 7232
429 204 16992
429 208 -4544
429 224 -17742
429 311 -18105
429 347 4100
429 395 6610
429 399 -18626
429 428 18695
429 438 4059
429 459 -9293
429 463 -11808
429 473 10967
429 488 -8862
429 508 5028
429 510 -3447
429 536 18577
429 557 -11343
429 562 -6897
429 563 12325
429 578 3635
429 584 2112
429 611 16000
429 639 125
429 648 13069
429 655 -7121
429 674 1754
429 690 -6187
429 724 1210
429 728 4288
429 732 5278
429 758 5997
429 785 17888
429 798 -2680
429 806 -14503
429 807 11935
429 809 15559
429 836 13518
429 861 -15608
429 871 -8482
429 1000 16027
429 1013 -9236
430 40 14005
430 50 -2835
430 56 2379
430 64 12068
430 73 5164
430 77 8885
430 125 11588
430 137 13504
430 149 -1472
430 152 1766
430 161 -510
430 163 11302
430 169 -2087
430 198 13583
430 200 16065
430 218 17607
430 232 -5224
430 254 -2320
430 257 -14207
430 269 -963
430 317 12270
430 362 -14724
430 420 8399
430 433 -15743
430 442 5234
430 478 2751
430 488 14645
430 524 13944
430 527 -4450
430 560 -8808
430 563 7297
430 599 -17124
430 605 -4490
430 642 14881
430 645 8799
430 648 1017
430 665 -17767
430 673 7375
430 686 13139
430 692 13598
430 723 -8788
430 789 15469
430 790 -16618
430 812 -6171
430 813 13325
430 816 -11704
430 856 6785
430 883 3281
430 918 -17018
430 938 10389
430 947 -3079
430 970 16456
430 987 -18651
430 1012 2797
431 7 -13029
431 12 -11488
431 77 -18030
431 79 15970
431 106 -1622
431 142 -9692
431 145 -9194
431 181 16631
431 183 17032
431 187 3636
431 195 -11785
431 203 14477
431 237 5171
431 254 7595
431 258 12206
431 291 16445
431 297 5983
431 300 793
431 301 -8066
431 347 -17753
431 356 1086
431 364 -11505
431 365 -16937
431 388 -14428
431 400 17451
431 425 2808
431 439 14245
431 445 11949
431 450 16580
431 474 -9220
431 487 2979
431 515 13996
431 537 -3849
431 550 17248
431 581 13891
431 583 11836
431 584 -3393
431 585 8617
431 586 -9625
431 602 4431
431 610 2077
431 626 922
431 627 -4381
431 646 -11205
431 657 -15919
431 696 -15927
431 700 -16118
431 701 12873
431 714 2208
431 740 17964
431 749 -5348
431 760 2054
431 767 -1160
431 780 16444
431 799 9835
431 801 14689
431 806 -9340
431 815 -17559
431 816 4864
431 817 8262
431 832 -15312
431 841 -5054
431 863 -11348
431 870 15941
431 880 14686
431 881 -11733
431 904 14547
431 944 -4204
431 947 -13735
431 968 -2557
431 981 -17408
432 2 -10962
432 8 -18058
432 15 153
432 27 13418
432 37 -1187
432 44 3704
432 76 17091
432 115 -8007
432 116 -16051
432 142 -16425
432 187 -1076
432 229 -12781
432 272 -4841
432 274 -1011
432 303 -17038
432 305 -10725
432 319 -18544
432 338 -18766
432 345 -2670
432 351 14535
432 360 5358
432 380 15565
432 406 10008
432 415 -13647
432 426 3818
432 491 793
432 497 -15681
432 586 -15107
432 626 -3148
432 652 14011
432 679 11450
432 689 -6380
432 706 12513
432 718 -6938
432 755 8401
432 772 -16657
432 825 -11994
432 845 13304
432 864 -7488
432 915 15437
432 925 9349
432 927 -8316
432 945 -9994
432 987 -5454
432 995 15835
432 1018 16933
433 13 9795
433 55 5917
433 62 -9940
433 175 6806
433 182 7467
433 193 -10225
433 195 12943
433 200 -7823
433 239 16681
433 254 -16010
433 276 4631
433 378 -7942
433 387 18306
433 390 -7639
433 414 10271
433 418 13224
433 458 5176
433 461 -10399
433 495 5696
433 524 -13231
433 529 -5588
433 540 -7784
433 549 -10840
433 555 -9154
433 591 7127
433 610 -4493
433 623 -4936
433 625 -5699
433 626 -13077
433 659 13789
433 662 -10286
433 677 -12795
433 692 -12374
433 700 -3943
433 720 -3549
433 735 -18029
433 774 -10929
433 778 -2091
433 800 6253
433 820 11393
433 826 -5315
433 832 -6682
433 860 5107
433 867 -2929
433 870 16622
433 900 16532
433 935 6803
433 944 -18794
433 948 -4992
433 981 9361
433 984 9979
433 994 -8552
433 1007 8725
434 5 -12525
434 9 -14449
434 18 9320
434 23 -18508
434 67 -6449
434 73 3843
434 84 8374
434 97 -3523
434 103 -2145
434 139 -14019
434 153 6064
434 158 -5128
434 171 -3650
434 177 -6107
434 202 -9035
434 209 15903
434 214 18167
434 220 6096
434 268 10941
434 315 -12255
434 364 12571
434 365 -9239
434 375 -2650
434 378 -6923
434 395 -14700
434 428 8336
434 482 13094
434 486 7382
434 528 -3734
434 537 15372
434 542 -16441
434 586 18698
434 589 5266
434 595 1404
434 629 -14929
434 635 -9699
434 636 -18338
434 640 2274
434 658 -17509
434 712 1190
434 716 -17950
434 719 -10204
434 732 -17161
434 765 -17609
434 770 -18717
434 782 5880
434 791 2550
434 805 9962
434 808 13457
434 810 11826
434 843 498
434 848 -6638
434 873 3528
434 875 -14453
434 915 -16694
434 917 -15361
434 919 -7945
434 952 5183
434 960 1971
434 969 14471
434 991 13844
435 10 -9763
435 48 14309
435 50 -15406
435 76 14502
435 82 18262
435 110 -5968
435 119 1675
435 124 17286
435 126 17286
435 162 9855
435 181 7327
435 235 4872
435 242 16599
435 264 -15503
435 280 4708
435 286 -4350
435 292 -18501
435 317 -17720
435 355 -10792
435 385 15798
435 398 -9074
435 425 -8743
435 430 13152
435 438 -60
435 470 3491
435 477 7739
435 488 4445
435 491 15871
435 494 563
435 528 -7114
435 536 -699
435 538 1316
435 569 10490
435 574 13617
435 595 -17718
435 641 7677
435 645 -17888
435 654 -6614
435 657 -5924
435 668 12117
435 735 -15037
435 754 18060
435 770 1117
435 788 -13466
435 808 567
435 870 13738
435 872 18075
435 898 -15313
435 960 6576
435 962 -13500
435 1000 6910
435 1005 9465
436 6 8669
436 19 -9453
436 69 2470
436 86 -8467
436 124 7646
436 138 -9591
436 140 7200
436 150 8304
436 155 -2769
436 167 6563
436 173 11774
436 200 -9522
436 207 13918
436 271 857
436 286 -9503
436 293 2652
436 301 -7078
436 304 388
436 324 379
436 328 -4512
436 333 3192
436 372 -13683
436 388 6886
436 395 -14069
436 409 -18094
436 431 -12075
436 447 -2967
436 453 2678
436 460 8746
436 503 -11588
436 518 -3751
436 522 -5045
436 539 -92
436 553 15738
436 575 -2781
436 578 10348
436 641 18594
436 644 -1459
436 671 14730
436 680 -12429
436 688 12724
436 705 -11899
436 715 18367
436 735 17715
436 744 -272
436 755 3783
436 764 -11243
436 774 -16949
436 790 -7531
436 812 4259
436 821 4381
436 849 3474
436 866 7476
436 920 -7016
436 947 -252
436 986 17153
436 1001 -9778
436 1015 8656
436 1019 -16833
437 6 12941
437 10 7397
437 35 -11948
437 40 -18543
437 53 6080
437 93 16046
437 95 -8556
437 115 -18644
437 118 16963
437 206 7307
437 243 -16902
437 265 7104
437 323 -16013
437 336 6878
437 370 18211
437 404 2693
437 419 18687
437 430 937
437 444 3996
437 453 18683
437 483 6302
437 501 13133
437 506 -7537
437 518 1221
437 541 428
437 549 13035
437 550 12030
437 578 14569
437 582 -16925
437 585 -1942
437 599 4578
437 603 6792
437 630 2635
437 635 -17829
437 649 -15001
437 657 -9036
437 674 -6749
437 685 -828
437 708 9150
437 755 5340
437 758 -11028
437 767 -17794
437 779 14840
437 798 764
437 799 -5061
437 830 12615
437 832 -12049
437 845 14287
437 875 -3852
437 881 -10727
437 909 8219
437 922 -14386
437 933 16084
437 961 -5892
437 963 7930
437 1015 7997
437 1017 -8677
438 14 -689
438 19 17725
438 100 -2646
438 103 -15243
438 109 -17627
438 149 -11567
438 165 -13799
438 166 -10357
438 192 13050
438 215 -5676
438 217 -10114
438 248 -13195
438 253 -13534
438 270 2418
438 281 -9327
438 290 10752
438 293 -13827
438 319 13649
438 327 -11036
438 366 -12056
438 395 13510
438 416 10061
438 437 -7253
438 438 18092
438 464 -3999
438 465 -9610
438 547 6449
438 628 4199
438 685 -17385
438 696 270
438 699 -12152
438 739 1393
438 742 3096
438 757 -16255
438 766 9209
438 774 -2961
438 781 -12339
438 782 -8058
438 801 5961
438 836 -12816
438 873 9232
438 896 -17085
438 913 13944
438 916 -18307
438 918 715
438 923 13822
438 929 -7148
438 952 2689
438 954 -11191
438 1007 3231
438 1010 -16614
438 1011 14382
439 26 13416
439 28 15586
439 34 12909
439 39 10593
439 43 17290
439 44 148
439 114 3267
439 120 -3334
439 142 -4778
439 189 10167
439 216 -1228
439 244 4206
439 257 7069
439 280 -13965
439 288 -3920
439 309 5884
439 311 -3324
439 320 -17667
439 321 -17080
439 340 -14541
439 364 10716
439 367 9336
439 368 15265
439 403 -1647
439 415 -9584
439 475 -8717
439 493 9240
439 500 -338
439 520 -6645
439 525 -15362
439 567 1818
439 570 6756
439 610 -17435
439 616 -6542
439 659 -3824
439 684 13557
439 686 9508
439 694 -621
439 710 -1988
439 718 7129
439 721 11595
439 744 762
439 760 -6664
439 764 -5512
439 797 -14071
439 843 -15034
439 880 14419
439 895 -915
439 897 -12549
439 912 -10012
439 914 12041
439 923 -9484
439 940 14117
439 944 -6557
439 964 -6651
439 974 -16035
439 1016 -3039
440 1 -11894
440 66 -3845
440 69 7695
440 118 -8571
440 121 11193
440 126 -11295
440 129 15744
440 160 -8677
440 190 7457
440 224 -2791
440 244 2235
440 261 -10451
440 293 -6705
440 326 12567
440 338 9168
440 368 17983
440 394 -7807
440 412 6430
440 413 -12063
440 446 9359
440 495 -12791
440 498 15551
440 504 -4754
440 514 -974
440 554 -15902
440 565 4883
440 592 8604
440 613 -14219
440 616 -2737
440 617 -11221
440 679 -4113
440 702 8907
440 706 -12156
440 711 14716
440 793 -17249
440 815 -5776
440 833 -14902
440 839 -7892
440 897 -1036
440 946 -11913
440 966 16094
441 7 -1377
441 8 5606
441 28 -18071
441 67 17243
441 75 1317
441 104 16064
441 120 -1681
441 182 -17579
441 184 -10709
441 211 -3868
441 226 18551
441 237 5159
441 244 11658
441 288 -15777
441 289 -4500
441 295 -7415
441 306 9159
441 348 4853
441 349 709
441 379 -8804
441 387 11809
441 388 -16816
441 418 18580
441 421 10886
441 437 17513
441 442 798
441 454 -17949
441 545 -14356
441 553 9412
441 572 10683
441 576 17781
441 582 -18365
441 602 623
441 610 -4256
441 626 15436
441 639 15065
441 651 -2642
441 653 5232
441 684 -1398
441 697 -15663
441 703 4634
441 704 18730
441 719 14035
441 769 -8741
441 786 -2285
441 789 -919
441 791 -14643
441 807 -16406
441 833 -5292
441 835 -8699
441 861 10982
441 863 14772
441 874 3802
441 917 9917
441 958 9706
441 983 11962
442 76 2245
442 83 7478
442 104 -10500
442 135 -8130
442 137 13598
442 160 14844
442 184 873
442 198 5014
442 202 -18777
442 244 -18763
442 252 -10585
442 255 -14607
442 258 7643
442 268 8603
442 314 -8180
442 330 -2617
442 361 -12551
442 381 2700
442 386 -7648
442 398 12124
442 429 10322
442 431 -15497
442 433 14858
442 451 -14929
442 457 13330
442 486 -7587
442 490 -10726
442 518 -254
442 542 4886
442 558 -12682
442 567 -15566
442 581 -17762
442 582 1903
442 595 -10615
442 625 16873
442 632 -13423
442 634 -3785
442 649 6874
442 674 -18061
442 675 8472
442 708 -5067
442 722 10723
442 727 -7151
442 733 8332
442 736 12194
442 750 11375
442 753 9997
442 785 2720
442 818 11155
442 836 3414
442 882 -4755
442 891 -17853
442 897 16459
442 910 -8446
442 923 -10129
442 929 12592
442 939 -2316
442 994 261
442 1009 -2341
443 9 -15446
443 20 5660
443 24 -2967
443 52 -6015
443 53 14624
443 71 -7614
443 79 16704
443 97 -10777
443 100 3635
443 104 -18111
443 122 17379
443 128 5545
443 129 -16897
443 145 -14614
443 148 16557
443 157 17792
443 219 17179
443 246 18030
443 253 -8592
443 259 18381
443 262 6550
443 316 -12570
443 319 -10012
443 367 -8498
443 381 -1391
443 390 -10572
443 396 -433
443 401 -5953
443 415 -14265
443 422 -17719
443 428 6910
443 462 10576
443 515 11803
443 524 11234
443 525 -3416
443 539 16415
443 540 18248
443 582 -12267
443 591 -18321
443 600 9542
443 605 -17307
443 614 12817
443 617 6183
443 618 -16501
443 668 17502
443 682 1160
443 684 -17908
443 689 -10727
443 703 -9054
443 704 1713
443 775 -13171
443 779 -14872
443 804 13716
443 822 -17614
443 833 7336
443 848 -12453
443 863 15038
443 865 -3168
443 869 -7115
443 885 11046
443 900 17610
443 906 -2715
443 973 -9834
443 977 9385
443 979 7531
443 988 3245
443 991 -13283
443 1007 16043
443 1021 14252
444 13 6921
444 49 3383
444 100 17614
444 117 9201
444 119 -17749
444 154 -4061
444 161 -17762
444 188 -8546
444 198 -6
444 199 -17071
444 206 -15548
444 209 6314
444 258 7659
444 260 -11461
444 267 6576
444 277 7101
444 279 5439
444 288 13233
444 330 9029
444 341 1342
444 345 13323
444 351 17110
444 386 17772
444 392 17232
444 466 2723
444 480 -16294
444 521 5517
444 522 16995
444 525 -17392
444 532 5790
444 542 13204
444 563 12141
444 566 -7786
444 577 14287
444 612 5143
444 655 -16348
444 670 3706
444 674 -7068
444 675 -2085
444 704 2906
444 730 -2456
444 735 1938
444 745 -12630
444 792 15440
444 793 -8243
444 795 -589
444 798 7911
444 804 -191
444 808 -17459
444 822 -14386
444 886 -13106
444 899 3777
444 913 14628
444 914 -4362
444 936 -6090
444 981 -10480
444 989 -162
444 998 7102
444 1008 11300
445 50 13760
445 51 -12245
445 53 13258
445 57 3768
445 59 -6624
445 90 -4650
445 117 16861
445 139 7844
445 166 -13774
445 209 18612
445 222 10051
445 233 1491
445 240 -16158
445 273 -15474
445 289 4492
445 298 -10186
445 303 14410
445 326 13782
445 340 7378
445 353 15334
445 369 -10897
445 397 -9979
445 405 -3903
445 408 18015
445 425 13042
445 460 4625
445 470 8970
445 472 -423
445 482 -12299
445 486 -7195
445 491 5567
445 496 -16957
445 567 6630
445 569 -12853
445 572 1440
445 592 -8419
445 605 -9194
445 665 13920
445 672 -15995
445 741 -16170
445 746 1024
445 783 -11271
445 793 2887
445 836 9913
445 843 3534
445 865 14327
445 896 -5809
445 898 -2575
445 921 8689
445 922 -8187
445 928 4380
445 954 3437
445 956 5073
445 958 -1147
445 967 -6473
445 986 9866
445 1020 11623
446 1 -7099
446 19 2905
446 44 -13215
446 56 4429
446 63 3365
446 72 -4210
446 74 -17555
446 138 -18442
446 142 13278
446 183 8723
446 210 -6826
446 240 12491
446 255 17179
446 262 5376
446 280 -2866
446 284 8544
446 296 4923
446 304 6250
446 314 3795
446 316 13609
446 350 12373
446 374 13994
446 383 10651
446 389 8512
446 416 9206
446 429 -12784
446 443 12308
446 444 2358
446 449 18029
446 453 -13844
446 492 -6193
446 496 356
446 501 -359
446 526 11385
446 532 -15910
446 533 -4745
446 549 -14579
446 591 -11799
446 595 11291
446 605 -5555
446 615 -5827
446 643 -680
446 669 11200
446 704 18712
446 715 5975
446 769 13622
446 775 574
446 795 -7580
446 796 -12546
446 810 13007
446 825 -16199
446 876 5030
446 894 -15974
446 917 -7944
446 933 11666
446 940 -16947
446 993 10959
446 1002 -1600
447 12 -11005
447 13 1917
447 34 -1309
447 72 -4087
447 83 -325
447 88 -4973
447 118 -10142
447 126 -9755
447 219 -1815
447 223 -8212
447 224 2813
447 248 10287
447 254 2445
447 265 10633
447 273 -15011
447 309 -18641
447 356 -7690
447 358 -7711
447 378 -4690
447 380 -16524
447 390 8716
447 428 16821
447 430 13464
447 444 10313
447 475 16065
447 485 -11961
447 490 10997
447 502 -10309
447 550 -6490
447 553 9606
447 554 -16046
447 567 7076
447 580 5617
447 583 -12899
447 607 2790
447 608 1345
447 623 11602
447 626 8338
447 644 11115
447 669 2773
447 688 6708
447 700 -5072
447 705 674
447 763 -4756
447 788 15617
447 794 921
447 797 -17661
447 814 -10632
447 844 -15058
447 852 7445
447 854 -3397
447 872 6732
447 885 -8649
447 902 10502
447 907 2922
447 920 -10971
447 933 -12400
447 944 -15155
447 945 -14890
447 971 5678
447 972 11317
447 985 16480
447 990 10527
447 991 6866
447 1000 -1125
448 2 -11195
448 38 -5355
448 76 6597
448 83 -10015
448 87 -2993
448 124 -9342
448 142 -5326
448 156 15220
448 158 -6642
448 172 -7386
448 178 -7191
448 200 5294
448 206 -8721
448 218 12188
448 234 -6917
448 347 -5309
448 348 1457
448 375 14010
448 380 3733
448 390 11677
448 408 -18105
448 420 -17424
448 449 -18545
448 480 3163
448 518 -5435
448 533 18769
448 585 18759
448 600 15818
448 608 5885
448 640 15212
448 665 -12631
448 693 -10877
448 718 -4229
448 743 13910
448 747 -12844
448 781 271
448 809 4748
448 812 -7159
448 814 -11639
448 815 14130
448 828 13877
448 887 6376
448 892 6092
448 922 16345
448 941 1063
448 1009 18255
449 3 -8004
449 24 -1694
449 47 11489
449 49 -9258
449 51 -18786
449 53 -10010
449 55 -7942
449 84 -3141
449 92 4895
449 123 10582
449 161 3543
449 291 14451
449 299 -8174
449 300 -3191
449 352 8191
449 357 -16241
449 358 15617
449 366 -16654
449 380 -2190
449 384 -5746
449 415 -12210
449 435 -11911
449 504 -534
449 519 -1465
449 522 -3931
449 557 4954
449 593 -2772
449 616 -16605
449 666 2910
449 704 -8886
449 706 -17193
449 735 -1756
449 887 -2889
449 889 -13664
449 926 -9082
449 934 7509
449 943 15953
449 946 629
449 971 -15327
449 981 16900
449 985 6405
449 1006 11647
450 18 1893
450 19 5002
450 24 -10262
450 41 4524
450 44 11925
450 52 -8658
450 103 -18429
450 104 -5095
450 121 -8650
450 134 5165
450 164 -3731
450 181 6420
450 195 14037
450 240 2184
450 247 -10929
450 293 -1245
450 306 8915
450 313 11203
450 319 -14407
450 320 5281
450 365 -14712
450 384 10268
450 387 -9695
450 391 -3544
450 392 -12376
450 395 -9089
450 414 -150
450 449 -13311
450 459 10667
450 460 12360
450 474 -1849
450 515 -10144
450 516 -9299
450 525 -2779
450 539 -1052
450 547 -18427
450 555 5852
450 561 8549
450 563 13159
450 566 12306
450 597 1283
450 601 11954
450 633 242
450 635 -11652
450 644 -10173
450 666 10696
450 669 -13808
450 695 -4188
450 735 -13059
450 762 -1468
450 769 -18447
450 793 6361
450 796 4214
450 853 14595
450 880 6201
450 929 -3364
450 941 2426
450 974 11873
450 988 -7474
450 1001 9643
450 1013 -1335
450 1016 15027
451 27 4595
451 75 -12179
451 83 -11439
451 86 -5742
451 87 -4470
451 104 16622
451 126 -12936
451 137 17910
451 139 9303
451 150 6015
451 185 -8774
451 196 2786
451 214 1598
451 238 6185
451 272 -17846
451 304 -7299
451 308 -7963
451 330 -3174
451 369 11369
451 371 -194
451 386 -9884
451 420 -10581
451 496 15382
451 521 -3467
451 550 -10484
451 573 -1144
451 574 10870
451 575 17888
451 601 -4854
451 611 12315
451 622 -2761
451 628 13758
451 632 18079
451 661 12053
451 678 15990
451 681 -18186
451 687 6707
451 793 9976
451 827 13031
451 850 4486
451 916 -6047
451 984 16678
451 991 14323
451 1011 7502
451 1012 -18572
451 1014 12979
452 26 289
452 55 -8409
452 67 2739
452 73 -4444
452 74 14992
452 152 -15684
452 181 14639
452 203 780
452 228 6747
452 239 507
452 253 916
452 260 11169
452 275 -17887
452 291 -13858
452 302 4090
452 324 -11822
452 341 -15838
452 388 -9060
452 435 17793
452 439 -16821
452 444 -12003
452 447 -18707
452 463 11939
452 472 -12786
452 508 2480
452 526 17237
452 527 2910
452 539 -5372
452 540 -1238
452 549 -1225
452 561 12661
452 592 -6910
452 612 1995
452 622 15882
452 677 12722
452 686 -17395
452 688 -8679
452 708 -12762
452 723 5101
452 724 10589
452 740 15407
452 748 6622
452 774 2028
452 779 -2024
452 791 17264
452 792 -9386
452 801 -13910
452 803 11634
452 815 -5405
452 844 -4496
452 857 -10928
452 912 12241
452 979 -11029
452 986 2192
452 1001 4402
452 1017 7477
452 1019 9810
453 0 -3096
453 24 -4889
453 29 -13179
453 31 -388
453 44 3178
453 53 7822
453 65 4799
453 69 10820
453 78 -4389
453 124 16797
453 132 -9977
453 139 15723
453 164 -14438
453 176 -8224
453 178 -6709
453 194 -1250
453 222 -1865
453 235 17241
453 270 -5461
453 295 4792
453 342 497
453 382 448
453 385 6714
453 405 -8902
453 469 2588
453 504 -14984
453 508 -6457
453 536 12692
453 592 6963
453 600 3736
453 606 9231
453 610 -15561
453 622 6899
453 634 10500
453 648 -9716
453 650 -2346
453 703 9431
453 707 6567
453 759 -15852
453 786 10859
453 799 -6225
453 816 -15467
453 827 -16802
453 828 -627
453 864 -3994
453 870 18354
453 943 -13038
453 992 15208
454 17 -5919
454 19 -9309
454 27 -9584
454 43 14616
454 54 12042
454 55 11726
454 64 9701
454 104 -16109
454 106 9130
454 107 11452
454 149 -8697
454 154 3241
454 170 9869
454 190 -2518
454 191 -3137
454 227 -143
454 257 -12060
454 264 11481
454 277 -4857
454 283 -13483
454 295 -5382
454 349 13471
454 354 -11471
454 357 -4511
454 377 10149
454 380 -4404
454 385 13064
454 405 -15865
454 412 -9538
454 413 -494
454 416 6246
454 425 -2225
454 433 1120
454 438 6925
454 478 -17885
454 486 6084
454 496 13306
454 537 -10974
454 557 -8808
454 562 14568
454 569 110
454 572 12853
454 599 4388
454 639 -18334
454 653 6050
454 657 10156
454 660 -2747
454 681 14742
454 706 -18278
454 736 15006
454 797 15799
454 807 11189
454 828 13433
454 860 15962
454 879 -9363
454 903 -1732
454 915 -3920
454 942 -11418
454 959 7781
454 1002 5583
454 1014 14691
455 25 -4298
455 51 2045
455 54 -13685
455 109 -16531
455 142 10327
455 159 -16958
455 162 -11568
455 173 4636
455 185 -1552
455 196 3961
455 199 1371
455 209 8046
455 234 -18177
455 242 -747
455 254 2672
455 277 -4600
455 295 2176
455 306 5034
455 318 4182
455 336 -1383
455 364 37
455 372 3998
455 376 -13495
455 396 -7785
455 409 -7424
455 416 10852
455 514 -2589
455 516 -11168
455 517 -17652
455 524 6772
455 551 -1552
455 573 13981
455 578 -1938
455 588 -2490
455 596 -18236
455 607 -2999
455 608 10475
455 612 -3967
455 631 -4746
455 660 -14790
455 693 -11406
455 695 -14813
455 719 13838
455 731 1315
455 751 10996
455 827 -13881
455 828 -13199
455 886 13024
455 904 -12961
455 947 -17414
455 955 4050
455 967 7554
455 969 8653
455 1005 -7608
456 15 8650
456 37 -8222
456 38 6329
456 45 -3678
456 55 2053
456 67 1555
456 69 -10825
456 121 -17938
456 148 18471
456 150 4478
456 216 -16817
456 219 -13111
456 222 13429
456 253 1023
456 288 17550
456 300 4027
456 322 10424
456 332 -17677
456 340 -11542
456 342 5861
456 348 -16484
456 354 4302
456 356 -15917
456 388 18497
456 389 18344
456 399 -2055
456 413 423
456 422 5566
456 431 -5792
456 439 4776
456 442 8242
456 468 -12305
456 473 -1988
456 483 10934
456 504 9598
456 506 11216
456 541 -1322
456 611 -17576
456 621 -2365
456 641 -843
456 710 11446
456 732 -1266
456 771 1276
456 808 14652
456 881 -13630
456 904 979
456 906 11619
456 920 16979
456 950 17778
456 953 13321
456 956 -3509
456 958 5950
456 987 -8564
456 989 -1772
456 990 -7288
456 1009 5139
456 1011 -18540
456 1018 -6313
456 1022 13079
457 47 -18249
457 61 -1523
457 64 3133
457 106 1017
457 118 -2803
457 145 -8172
457 198 -5427
457 226 1017
457 227 5288
457 246 16194
457 268 -14532
457 284 5252
457 315 -11496
457 332 -4335
457 338 17562
457 345 11859
457 371 10527
457 373 16134
457 390 16625
457 393 15061
457 425 -17577
457 443 18093
457 466 -18421
457 477 -17033
457 488 13556
457 498 -8230
457 545 -15798
457 554 17166
457 560 -5809
457 585 16695
457 600 16042
457 614 4845
457 624 -1725
457 643 -2642
457 655 7703
457 680 -10252
457 691 1537
457 739 16943
457 784 -17206
457 897 15554
457 933 -2797
457 935 14937
457 940 -7531
457 969 10595
457 983 16671
458 72 3944
458 83 9623
458 89 -7136
458 90 -13982
458 93 510
458 103 -14245
458 154 -13907
458 175 -9699
458 200 -18592
458 201 18717
458 207 -18681
458 230 12044
458 238 12953
458 239 14341
458 261 4686
458 293 12655
458 338 -1122
458 340 11255
458 369 11131
458 375 10676
458 392 16665
458 410 11770
458 467 6279
458 485 -17801
458 507 -12061
458 526 -16570
458 533 12926
458 535 12332
458 543 -7850
458 549 -7705
458 585 -6393
458 628 -5378
458 638 -9874
458 663 427
458 680 -8930
458 722 -5252
458 778 -12281
458 786 1001
458 806 -36
458 830 -15046
458 865 -2056
458 883 -12636
458 893 -13505
458 926 -11285
458 930 -10411
458 934 -945
458 944 3374
458 963 -7267
458 976 15364
458 979 -15051
459 12 16525
459 39 -12065
459 58 2993
459 121 -5461
459 144 18337
459 149 -5157
459 190 7402
459 222 -5319
459 237 -15976
459 265 961
459 291 -12717
459 295 325
459 318 11825
459 329 -10975
459 347 13990
459 385 -4742
459 397 -18440
459 428 -2988
459 458 8075
459 479 7358
459 532 -18492
459 587 -16458
459 604 -3014
459 605 -18070
459 608 -13941
459 699 4765
459 704 6878
459 712 -8471
459 729 10037
459 733 17888
459 872 1926
459 881 9064
459 887 -1884
459 899 4117
459 911 18094
459 924 18097
459 928 -1945
459 936 -17814
459 947 -9295
459 964 -7220
459 970 -17478
459 980 -546
459 994 9922
459 1013 -8845
459 1018 12495
460 16 -4254
460 36 -12167
460 65 611
460 89 -4067
460 105 -14275
460 117 -16143
460 128 12257
460 179 2266
460 201 11850
460 219 1361
460 232 -2692
460 238 11022
460 243 4275
460 253 -11779
460 274 16183
460 291 -1773
460 293 -2570
460 299 -11108
460 300 -11783
460 302 4084
460 314 18479
460 318 -13002
460 328 12543
460 333 -14295
460 334 10555
460 397 15418
460 398 1222
460 403 15239
460 404 -16926
460 423 -1290
460 428 10425
460 434 8421
460 470 6903
460 486 -6030
460 534 4782
460 546 -16158
460 577 10574
460 631 17321
460 664 -8746
460 679 -15009
460 704 -17376
460 722 -4404
460 729 -5197
460 739 12353
460 756 -1807
460 772 15320
460 793 66
460 832 14052
460 835 1557
460 872 -2219
460 873 -14754
460 874 8717
460 879 13553
460 885 8254
460 897 16667
460 905 -8253
460 967 -11475
460 986 -4751
460 996 11829
460 1000 10162
461 91 -2470
461 101 -14056
461 121 -16934
461 134 -15305
461 139 -9213
461 149 -17050
461 159 6717
461 201 -2715
461 211 -9239
461 270 7380
461 282 -17516
461 296 439
461 299 8383
461 337 535
461 373 -6326
461 414 1527
461 421 -3911
461 436 -18029
461 441 -3359
461 475 4632
461 517 7462
461 549 -18653
461 555 -6807
461 573 3494
461 585 6032
461 591 -1869
461 607 -10995
461 648 10584
461 651 -9205
461 659 -165
461 682 17580
461 686 10675
461 695 4741
461 747 -4473
461 757 2492
461 762 9860
461 765 12705
461 770 15593
461 774 9841
461 775 -3681
461 777 -7772
461 797 12385
461 816 -2841
461 873 8378
461 875 -11805
461 880 -2251
461 888 7561
461 902 12030
461 905 -15274
461 977 -3457
461 985 7040
461 1000 -1596
461 1014 -9585
461 1016 -1099
462 21 -8526
462 44 3620
462 65 13751
462 125 9880
462 130 5274
462 141 5830
462 150 17103
462 170 -10426
462 182 12222
462 193 12327
462 243 15042
462 264 8120
462 335 -6905
462 341 -10833
462 353 -11845
462 411 -5361
462 426 8078
462 440 -8446
462 458 -16516
462 472 -2631
462 487 -9985
462 517 14012
462 539 10464
462 573 14366
462 588 -12801
462 607 16784
462 656 14183
462 664 -7828
462 739 16361
462 754 12902
462 801 6574
462 809 5587
462 834 -6131
462 842 14523
462 863 -15752
462 867 12664
462 917 10498
462 958 14980
463 1 -14229
463 4 -3929
463 11 13358
463 20 7989
463 21 -12276
463 30 8194
463 34 -17043
463 35 -7027
463 43 4386
463 49 180
463 56 4287
463 148 6826
463 156 16128
463 164 16325
463 171 6461
463 188 -11620
463 202 4721
463 205 -8328
463 218 -18301
463 282 15653
463 313 -11113
463 315 131
463 435 12037
463 456 6940
463 473 12137
463 530 -6262
463 556 7802
463 569 12757
463 591 -16723
463 612 8839
463 619 7174
463 624 -981
463 662 5326
463 695 15501
463 714 -17690
463 806 -18336
463 813 -17785
463 815 620
463 835 17063
463 850 7732
463 852 780
463 885 -18652
463 890 -15732
463 893 3454
463 917 -15963
463 920 2959
463 926 -5285
463 931 -296
463 942 7600
463 953 -12598
463 959 -1320
463 991 812
463 993 -11962
464 0 -14526
464 14 13575
464 30 18519
464 34 -10502
464 50 10392
464 80 9801
464 85 18097
464 93 7
464 101 14060
464 102 6868
464 129 1679
464 152 -13798
464 159 8075
464 177 -15604
464 223 7221
464 252 6397
464 265 -14139
464 268 824
464 274 -13185
464 337 -14642
464 349 14472
464 386 -5104
464 392 -10778
464 414 4173
464 417 978
464 505 -10689
464 516 16141
464 535 6419
464 567 14634
464 605 8043
464 673 7274
464 684 6836
464 701 -535
464 717 -8771
464 736 -17638
464 740 -2801
464 747 -15966
464 758 13443
464 771 -11275
464 773 6488
464 780 18647
464 795 -12599
464 799 -120
464 800 7197
464 801 7411
464 810 -15866
464 825 -7746
464 826 458
464 847 832
464 852 -11354
464 874 -342
464 875 1737
464 878 -10286
464 886 -17064
464 887 6936
464 897 -3027
464 903 15439
464 919 -3222
464 923 -914
464 934 10321
464 955 -3954
464 965 12854
464 992 6031
464 1007 -17424
465 0 -4730
465 21 13762
465 24 6051
465 55 -8752
465 62 4616
465 72 -3968
465 75 -17636
465 182 -15482
465 187 3495
465 190 -11844
465 193 -8079
465 198 5303
465 200 -11824
465 227 -7029
465 294 3359
465 330 -3023
465 332 -6470
465 343 -2887
465 354 -4506
465 371 12160
465 385 -17348
465 394 12830
465 413 7596
465 464 14725
465 476 16090
465 482 957
465 484 -2165
465 502 -18138
465 534 -15205
465 563 15568
465 581 17632
465 605 -6294
465 619 11639
465 654 -7353
465 659 -7495
465 683 5755
465 686 14804
465 687 -15821
465 691 6691
465 697 17689
465 703 -16421
465 718 4444
465 751 10583
465 763 12490
465 795 -9608
465 841 15748
465 848 -1989
465 855 -5683
465 867 -8706
465 871 -10834
465 884 6215
465 919 -18251
465 922 4272
465 941 5399
465 996 15416
465 1001 8299
466 14 6616
466 35 -1479
466 44 -7566
466 64 13475
466 80 85
466 109 7315
466 110 -13052
466 113 -6819
466 132 -17288
466 136 -4110
466 141 -8452
466 149 172
466 163 -5260
466 194 12505
466 226 15811
466 244 8884
466 247 -9862
466 250 -14840
466 255 10520
466 296 -14015
466 305 -6050
466 310 14269
466 314 -16379
466 317 15483
466 344 -2933
466 351 10064
466 374 9487
466 383 -12885
466 385 6721
466 401 -5587
466 417 17280
466 438 -8782
466 501 10879
466 523 -4670
466 576 4051
466 581 -13008
466 595 -2520
466 668 -12262
466 677 3980
466 684 15517
466 687 -3933
466 699 -2540
466 703 6492
466 728 14259
466 740 6150
466 749 18609
466 812 13877
466 815 -15725
466 863 2199
466 867 464
466 872 13142
466 934 17174
466 942 -10779
466 964 15448
466 994 -6611
466 1005 -9265
466 1015 -10796
467 5 16070
467 31 7502
467 42 -13139
467 51 16960
467 58 13451
467 61 7218
467 104 -517
467 116 10811
467 158 -17179
467 185 17168
467 229 -14755
467 261 4039
467 271 -15409
467 331 1583
467 332 -8746
467 392 9553
467 402 1209
467 427 -7874
467 430 -7265
467 444 14563
467 491 -1637
467 517 568
467 518 -3660
467 532 14511
467 552 -17821
467 565 -7504
467 589 15378
467 613 6640
467 620 3971
467 628 18194
467 629 9537
467 630 12207
467 656 3470
467 673 17256
467 708 17781
467 712 -12167
467 717 16823
467 722 6275
467 728 1581
467 731 5880
467 756 7385
467 757 2050
467 781 -1775
467 806 -18121
467 811 2383
467 817 -366
467 836 -15091
467 840 10495
467 849 73
467 898 -4598
467 918 -9810
467 930 -12761
467 980 -18291
467 989 -13999
467 1010 12999
468 16 -18179
468 17 4954
468 74 8605
468 76 3783
468 84 -11687
468 97 -3686
468 109 1042
468 129 -7129
468 133 -6230
468 152 -14152
468 174 3067
468 175 8189
468 184 -9926
468 217 7651
468 218 -4059
468 219 15690
468 235 -4269
468 258 -16448
468 280 -1493
468 283 7406
468 299 -852
468 314 7263
468 319 6942
468 333 -5821
468 400 -7798
468 405 13296
468 418 15372
468 421 16216
468 443 3924
468 453 11331
468 478 -673
468 480 -3596
468 495 -2472
468 533 4894
468 574 -6698
468 583 7476
468 587 -8948
468 593 17723
468 634 -9355
468 653 -3383
468 676 14272
468 725 663
468 729 4881
468 779 14985
468 820 -14405
468 828 3286
468 852 -5547
468 880 -11528
468 892 11865
468 933 -6639
468 957 5286
468 977 -6986
468 981 700
468 987 10538
469 51 5920
469 61 -16190
469 79 4055
469 112 4069
469 142 2
469 145 13163
469 158 5710
469 168 13530
469 207 4361
469 220 2807
469 249 -16226
469 265 2111
469 280 5154
469 282 -10482
469 293 -8044
469 301 -5242
469 314 17444
469 335 17643
469 337 -15562
469 341 -889
469 342 -14278
469 352 -899
469 384 -15059
469 412 -6697
469 442 -1925
469 478 -5117
469 489 2507
469 514 10824
469 539 16213
469 543 9831
469 557 502
469 572 -6650
469 574 3615
469 582 -5062
469 595 -4055
469 596 -7950
469 639 -237
469 649 1170
469 662 -5378
469 679 -14883
469 694 12442
469 707 805
469 728 17643
469 751 8160
469 764 15774
469 800 2404
469 801 7492
469 811 -4871
469 818 15646
469 819 -2327
469 839 -11246
469 842 -6555
469 843 -3171
469 874 -7026
469 931 -10864
469 954 -18402
469 963 -13084
469 1002 16700
469 1020 -7031
470 59 -8659
470 79 13196
470 80 17568
470 115 9314
470 138 4147
470 157 -12660
470 222 -10836
470 233 -12245
470 246 -9056
470 302 8031
470 306 303
470 330 -17525
470 335 -18570
470 385 6651
470 398 10157
470 402 13188
470 408 -10759
470 442 14256
470 459 7609
470 474 -7032
470 487 1760
470 502 18509
470 526 9340
470 533 -2444
470 561 17934
470 597 -2448
470 624 6783
470 664 12859
470 692 -13321
470 700 8156
470 729 8023
470 732 -10349
470 858 -16020
470 887 16044
470 894 427
470 896 12779
470 904 -2825
470 909 15242
470 921 -18611
470 943 13905
470 951 12731
470 967 5312
470 973 4179
470 997 -6847
470 1004 5534
471 24 -5563
471 43 9175
471 45 17920
471 112 -11751
471 141 8659
471 147 -6502
471 158 12541
471 159 10463
471 160 -2998
471 182 -1772
471 186 -10170
471 219 9326
471 238 3077
471 291 -7025
471 295 -12221
471 314 13891
471 346 -5517
471 352 7043
471 366 -6206
471 389 -17106
471 414 8031
471 437 -16798
471 450 7787
471 462 -10998
471 464 -5088
471 468 -17894
471 543 7916
471 563 7079
471 627 -4385
471 640 3670
471 648 -16353
471 649 -16042
471 670 6797
471 680 -17307
471 681 -4831
471 703 -15129
471 704 12045
471 721 -17034
471 757 -3251
471 789 -9908
471 791 9434
471 795 12072
471 807 -11079
471 839 -1291
471 887 -4512
471 951 5475
471 974 -5414
471 989 -82
471 995 -6292
472 16 -6799
472 42 -18687
472 68 18369
472 75 8398
472 78 1981
472 93 -14097
472 100 -2712
472 120 -6577
472 160 -3002
472 163 16968
472 171 -12105
472 173 6566
472 185 11258
472 190 7867
472 197 14104
472 206 2919
472 223 15240
472 256 -6686
472 305 -7342
472 332 1613
472 344 1559
472 388 12002
472 410 -15244
472 413 18728
472 420 -13615
472 451 -808
472 464 -12693
472 482 4884
472 576 2248
472 626 -1812
472 629 5389
472 637 -13761
472 653 13242
472 680 -9521
472 710 -203
472 759 16928
472 769 -1389
472 804 18513
472 822 -9957
472 823 1892
472 842 17059
472 856 -17644
472 869 -9302
472 886 -14497
472 891 -2736
472 902 -11602
472 980 -14338
472 1021 17420
473 57 6147
473 72 10136
473 138 -12782
473 140 7444
473 146 11159
473 173 10473
473 186 -1323
473 194 -360
473 269 15884
473 270 902
473 275 -589
473 284 12050
473 296 15167
473 320 3387
473 333 4723
473 338 -16476
473 343 -7833
473 352 1472
473 353 4362
473 414 4352
473 466 206
473 478 -6611
473 484 -11997
473 510 -16651
473 525 16871
473 526 3039
473 572 -356
473 618 -6690
473 625 5783
473 660 10705
473 674 13827
473 703 -1175
473 711 16090
473 724 18043
473 733 7942
473 734 -14642
473 754 16929
473 761 -14842
473 766 -17743
473 788 -8432
473 795 -9171
473 842 15985
473 843 1140
473 849 -782
473 891 9842
473 910 2948
473 911 7424
473 929 -18726
473 933 16292
473 966 -8881
473 982 11398
473 985 -9930
474 3 -18490
474 5 -4885
474 34 13427
474 39 6932
474 40 7086
474 54 -7424
474 56 4693
474 94 15630
474 100 -2534
474 102 2074
474 109 15134
474 120 6752
474 128 4450
474 131 -9239
474 147 -15421
474 175 4982
474 181 -936
474 188 -2703
474 212 8901
474 237 -15412
474 272 9211
474 297 4541
474 329 -18758
474 350 -6289
474 367 12239
474 390 11508
474 393 -14899
474 396 -2568
474 415 9455
474 435 12023
474 443 10835
474 445 3671
474 446 5878
474 454 -16897
474 458 4800
474 462 -17271
474 469 -10999
474 475 -8107
474 479 9949
474 480 6668
474 528 13451
474 529 4954
474 543 -11560
474 578 -6684
474 609 -16700
474 610 17921
474 617 -2214
474 627 -15558
474 633 -13426
474 651 6727
474 659 -11652
474 701 -8097
474 711 -11944
474 714 -11965
474 715 -15843
474 759 7112
474 763 5031
474 798 16978
474 805 13247
474 809 13266
474 828 -18035
474 857 13795
474 861 9727
474 883 -7828
474 907 -5998
474 920 -12377
474 942 14850
474 960 -16104
474 1023 -7366
475 4 -8389
475 18 17602
475 39 1096
475 55 -10779
475 107 16047
475 122 17393
475 135 -8744
475 168 -9725
475 170 -17326
475 189 11761
475 193 14790
475 202 -6284
475 216 -14850
475 231 17595
475 250 -15220
475 253 -3121
475 264 -10075
475 265 12919
475 315 18149
475 320 5890
475 359 549
475 392 7098
475 411 32
475 463 2953
475 478 9831
475 508 -12411
475 609 247
475 620 4170
475 646 -12707
475 651 10586
475 678 8170
475 694 -14052
475 743 4289
475 754 5269
475 774 -17330
475 792 -683
475 808 3188
475 836 7963
475 854 -7236
475 902 15499
475 963 -5527
475 979 -13505
475 980 -8021
475 991 -17527
476 7 -14211
476 30 4512
476 34 -10526
476 89 8316
476 90 -6305
476 144 2704
476 149 -13046
476 166 -16513
476 234 -8377
476 255 1526
476 293 -8447
476 295 -4173
476 297 -7302
476 298 1338
476 314 215
476 324 10698
476 349 9937
476 352 7834
476 362 -8759
476 404 4811
476 415 10757
476 428 -12764
476 448 -13805
476 486 15346
476 511 6116
476 577 -4301
476 579 8851
476 585 -10700
476 608 8527
476 635 9546
476 680 -880
476 704 8250
476 715 17301
476 727 -9472
476 729 10580
476 750 -15816
476 753 -3799
476 788 -14984
476 789 -9302
476 829 -15112
476 845 -278
476 904 12812
476 923 -10466
476 987 6731
476 1010 4425
477 10 907
477 16 829
477 42 18693
477 58 -1764
477 126 3796
477 127 17492
477 166 1575
477 168 4999
477 170 9933
477 185 -12746
477 221 -12892
477 252 12272
477 254 -9791
477 261 18120
477 280 6277
477 304 7758
477 309 -15243
477 334 -6750
477 338 -18423
477 340 -6171
477 372 13893
477 385 635
477 414 -8647
477 421 17386
477 439 -11682
477 459 -11100
477 476 16593
477 493 -5142
477 540 13275
477 620 14774
477 623 -18636
477 660 -17520
477 694 -4830
477 729 13461
477 747 13398
477 758 6035
477 763 17569
477 770 -862
477 771 -1609
477 804 8278
477 815 -14203
477 840 16103
477 842 14491
477 866 -6489
477 883 8494
477 896 5525
477 908 16750
477 914 14630
477 956 9952
477 965 16408
477 970 12908
477 987 -18594
477 988 2711
477 989 13051
477 1015 9790
478 12 -12829
478 123 13271
478 144 4309
478 158 17589
478 211 -8653
478 213 16668
478 216 8519
478 224 1916
478 242 7392
478 257 -1453
478 272 -2568
478 276 851
478 325 -12027
478 341 8952
478 368 -3234
478 380 -14875
478 386 13170
478 393 10621
478 455 3518
478 466 -11240
478 515 9325
478 524 2911
478 537 318
478 574 -18017
478 598 -5785
478 625 4490
478 667 12048
478 706 -1038
478 707 18624
478 716 -11231
478 724 1999
478 725 4089
478 726 -2897
478 731 -16678
478 737 2842
478 745 -10990
478 764 4559
478 770 -2227
478 783 2253
478 791 -10286
478 823 -7333
478 827 3612
478 842 -18774
478 855 -14199
478 856 -13494
478 869 10181
478 870 -13307
478 871 -6086
478 944 -16861
478 946 -2649
478 951 -4830
478 985 8134
478 1007 -6647
478 1015 11288
479 13 15421
479 34 2279
479 52 12343
479 81 4267
479 87 -14514
479 99 -5580
479 125 -5780
479 148 5574
479 189 -13767
479 220 -17093
479 240 13466
479 261 -18534
479 264 -9360
479 280 9560
479 292 15932
479 300 10421
479 359 -6646
479 366 -10642
479 377 14121
479 381 18692
479 386 -233
479 414 -117
479 440 459
479 472 -12601
479 508 -2873
479 527 -7762
479 548 -14546
479 604 486
479 620 15127
479 629 -12800
479 630 16737
479 635 -7318
479 665 5268
479 667 14577
479 678 9620
479 698 6084
479 708 9092
479 738 1980
479 742 5894
479 764 6347
479 844 -7904
479 845 -16802
479 889 -157
479 909 4093
479 923 1783
479 935 -855
479 986 -17022
479 1023 -6081
480 4 -718
480 27 1944
480 39 -12250
480 56 -15586
480 64 18020
480 77 12960
480 134 7381
480 147 -6335
480 165 14799
480 223 1285
480 226 18583
480 235 16614
480 240 -17615
480 258 9095
480 260 -151
480 261 17411
480 262 17486
480 283 4150
480 285 -3156
480 375 -5815
480 409 2607
480 442 1041
480 448 13045
480 454 17369
480 455 -2035
480 459 -583
480 484 4493
480 530 -12732
480 552 12148
480 598 14955
480 646 -7426
480 657 -5440
480 659 -12722
480 676 -15712
480 685 4025
480 713 15069
480 716 1199
480 734 9551
480 765 -13595
480 767 1933
480 770 -3409
480 774 18732
480 800 -15790
480 801 -8763
480 812 -2420
480 814 13273
480 897 16568
480 898 17674
480 926 -5264
480 950 -4029
480 956 -16480
480 970 13648
480 1013 15360
480 1014 -15844
481 27 -17326
481 45 -15233
481 56 16078
481 70 -2811
481 90 7999
481 139 11398
481 150 -5094
481 171 2027
481 235 -3258
481 265 -327
481 271 -14169
481 278 -9299
481 318 -9439
481 327 -3860
481 332 9516
481 333 -11729
481 338 -11108
481 350 -1245
481 353 -962
481 383 17169
481 401 7830
481 404 -4737
481 429 -11288
481 450 -876
481 457 8025
481 460 -18153
481 504 -16490
481 549 4968
481 559 -17986
481 568 4488
481 576 -3346
481 587 12046
481 592 5125
481 628 -10673
481 630 2729
481 637 13315
481 649 -15447
481 695 -10926
481 698 9463
481 710 -14914
481 720 14437
481 724 -4628
481 741 -12380
481 788 -12985
481 796 -7287
481 842 13347
481 855 -6662
481 859 -12584
481 862 7569
481 887 -7944
481 912 9537
481 936 2058
481 961 16851
481 976 1888
481 979 -13669
482 38 1393
482 43 4789
482 50 -14045
482 59 7046
482 62 11941
482 69 -4661
482 90 6597
482 118 12397
482 131 6989
482 165 14968
482 167 14134
482 222 -16092
482 229 13578
482 233 18262
482 296 -11406
482 317 -12893
482 341 2682
482 359 667
482 382 10445
482 399 -6837
482 404 -8634
482 411 -4487
482 412 9319
482 446 10454
482 483 -1458
482 485 -10799
482 508 -18674
482 519 8104
482 526 -10516
482 566 17256
482 622 -14336
482 651 18573
482 664 -12408
482 672 -10082
482 679 15468
482 705 18287
482 718 370
482 741 -18773
482 742 14723
482 743 -7571
482 753 14811
482 757 4713
482 760 -7435
482 783 -15939
482 787 12678
482 795 18104
482 813 -1208
482 836 16890
482 839 -14192
482 872 9862
482 895 -17041
482 899 -13799
482 966 6439
482 976 -2313
482 996 6675
482 1003 15323
482 1010 5540
482 1018 -15505
483 2 8443
483 52 12658
483 62 18283
483 85 2889
483 130 11415
483 133 16578
483 148 -1738
483 188 -15408
483 204 13825
483 211 -4875
483 218 8323
483 250 -2542
483 255 14300
483 271 15694
483 289 5276
483 319 -17550
483 329 -10216
483 336 -2472
483 339 10642
483 380 -9571
483 382 -1309
483 406 -3972
483 447 -11449
483 453 2679
483 495 -3995
483 512 418
483 535 1940
483 561 -13480
483 577 -14490
483 579 11062
483 590 -12455
483 642 14717
483 653 -18144
483 654 -12914
483 671 13978
483 677 9405
483 681 4102
483 696 -5895
483 699 -2092
483 712 -15570
483 747 -10672
483 755 1960
483 765 -14590
483 782 9177
483 792 -5497
483 831 12490
483 872 -7303
483 909 2805
483 936 1060
483 947 -2006
483 985 6450
483 1009 1367
484 22 -3597
484 27 6346
484 81 -11670
484 106 5238
484 127 2780
484 159 10469
484 161 -11530
484 162 13535
484 188 -9584
484 208 -14774
484 215 -18395
484 244 18547
484 267 -4063
484 304 -15553
484 344 2444
484 351 18313
484 364 -18073
484 365 18718
484 380 13204
484 400 2305
484 482 -1003
484 494 -13378
484 520 8471
484 559 -13783
484 564 1152
484 633 6009
484 653 11066
484 690 12100
484 695 -6452
484 712 15356
484 718 -1588
484 725 -7195
484 735 2364
484 746 -17126
484 794 5220
484 830 -6205
484 831 7650
484 855 12042
484 934 -1410
484 939 -16116
484 947 -3694
484 951 -14044
484 985 -7121
484 999 4197
484 1001 14560
484 1010 -2992
485 4 -15463
485 60 14811
485 86 -7669
485 91 9982
485 92 11463
485 104 18604
485 110 12521
485 171 -1584
485 191 571
485 215 -3060
485 225 1442
485 325 9050
485 341 14512
485 365 3274
485 371 -8449
485 382 15711
485 439 2619
485 465 -16401
485 505 -10438
485 544 6476
485 547 -16385
485 550 8143
485 569 -16341
485 609 16505
485 633 -5267
485 656 -49
485 690 -5717
485 694 238
485 734 -3721
485 758 5542
485 806 -6281
485 818 3804
485 822 16031
485 824 4538
485 850 -6207
485 864 -18495
485 882 13011
485 891 -1903
485 900 -10176
485 917 -17545
485 928 3284
485 934 5983
485 962 -10762
485 1022 -15382
486 15 148
486 34 12492
486 38 -4737
486 41 -18192
486 52 -16656
486 66 -14752
486 70 10422
486 94 -5270
486 95 16894
486 96 -7506
486 175 -3261
486 191 12029
486 200 5249
486 207 -14755
486 216 -3558
486 249 16285
486 267 -14550
486 311 -16992
486 318 5924
486 393 -6726
486 394 -7049
486 399 11001
486 425 16324
486 473 14455
486 477 16152
486 483 9000
486 515 15565
486 520 8357
486 522 3495
486 524 -12855
486 527 -11286
486 533 14456
486 572 -14214
486 574 17169
486 576 4706
486 608 8252
486 647 9454
486 649 -8649
486 653 10734
486 659 11964
486 661 9908
486 667 -16963
486 670 4997
486 725 17365
486 726 -3489
486 743 4367
486 812 15818
486 843 6196
486 851 9022
486 882 -9124
486 895 -6732
486 904 6461
486 914 6546
486 916 8161
486 928 -3715
486 950 -5990
486 962 663
487 1 17319
487 32 14211
487 35 14284
487 66 -11443
487 79 -5340
487 82 17563
487 85 -17820
487 87 -16499
487 112 2042
487 122 -16292
487 147 -2303
487 152 -17864
487 156 -18075
487 162 -2110
487 212 12550
487 214 -12775
487 232 13692
487 239 -14713
487 275 2636
487 309 -13564
487 310 12177
487 313 -16404
487 330 16234
487 349 7492
487 372 849
487 406 14304
487 453 14960
487 485 -6485
487 505 -10978
487 538 -15315
487 593 -5721
487 603 -16087
487 615 -17195
487 646 2117
487 649 1830
487 650 15740
487 670 -15984
487 707 2656
487 725 1011
487 727 -17032
487 735 3084
487 752 -14502
487 755 -3874
487 770 -10600
487 805 12775
487 817 -5051
487 853 3229
487 867 -5418
487 874 -2601
487 889 -12474
487 910 -340
487 918 -8799
487 931 -496
487 934 -8602
487 1013 -12571
487 1017 3332
488 2 -2967
488 36 17573
488 69 -1068
488 80 -14100
488 92 2244
488 99 5125
488 101 15385
488 125 4889
488 233 13602
488 313 -294
488 337 -9129
488 354 14690
488 360 11708
488 380 4236
488 381 3364
488 387 7465
488 396 -13061
488 442 -17950
488 447 16231
488 457 -4507
488 467 4363
488 495 3204
488 539 -1691
488 540 -15881
488 559 1073
488 601 -7657
488 605 -15921
488 609 -1315
488 615 12997
488 620 -426
488 640 7903
488 657 950
488 671 -8501
488 693 -6000
488 707 -3132
488 725 16334
488 736 6769
488 809 8836
488 868 11911
488 884 6927
488 902 -5885
488 916 -14085
488 921 10624
488 963 16343
488 991 2330
488 1022 -3678
489 9 9306
489 16 2781
489 23 -5531
489 25 10256
489 49 17507
489 76 2778
489 220 10523
489 279 5734
489 286 10569
489 291 17599
489 319 3802
489 324 9280
489 350 -3702
489 371 -2984
489 373 -18006
489 375 943
489 394 11775
489 408 -6904
489 462 -13692
489 472 15618
489 477 -17336
489 513 -12176
489 544 -13750
489 560 -17257
489 567 2125
489 579 -2861
489 580 -11129
489 586 -4738
489 587 6292
489 590 4829
489 613 -12610
489 617 656
489 625 2503
489 638 7266
489 655 5657
489 726 -8135
489 836 13806
489 901 4461
489 904 -13050
489 909 4278
489 933 10819
489 947 18707
489 969 -14871
489 983 1194
489 989 16372
489 1019 -11620
490 4 11243
490 46 5224
490 65 -17510
490 81 -12419
490 92 4160
490 97 842
490 99 16011
490 101 -5104
490 128 11215
490 147 -8117
490 149 13753
490 153 -2987
490 182 18229
490 185 12007
490 198 449
490 199 11468
490 204 4027
490 207 -6477
490 218 -11284
490 235 -17442
490 240 -9039
490 263 8313
490 309 14996
490 315 -18269
490 316 136
490 335 -8867
490 364 15068
490 367 -12681
490 381 10720
490 420 8706
490 423 2519
490 435 -8767
490 470 -7298
490 501 -2494
490 567 -16042
490 578 -13666
490 586 18723
490 616 -14026
490 617 16746
490 627 1445
490 660 14069
490 665 -9673
490 666 9571
490 687 9919
490 691 6849
490 692 10683
490 696 -13903
490 705 -1722
490 713 -10723
490 720 -8444
490 724 -7835
490 726 -17371
490 766 3055
490 771 13026
490 782 -4342
490 795 7283
490 798 9719
490 840 -10132
490 843 7435
490 865 -16048
490 871 -17038
490 896 13016
490 897 17181
490 921 4710
490 955 12310
490 976 15910
491 6 4505
491 27 14773
491 41 -5315
491 71 -14474
491 94 -10279
491 131 -4798
491 141 -13729
491 156 12550
491 162 15792
491 166 -9808
491 191 -9604
491 241 -5818
491 262 -11880
491 294 16099
491 299 7372
491 304 -13968
491 306 -16944
491 322 -13802
491 333 -4072
491 341 11084
491 344 16840
491 347 -9102
491 356 -16250
491 393 -4072
491 421 -11134
491 428 14734
491 436 -6514
491 500 -8222
491 507 -8072
491 552 15043
491 585 8233
491 592 -16428
491 611 -14690
491 613 16357
491 619 -7173
491 626 -16708
491 705 -3754
491 729 -3778
491 737 12587
491 742 17903
491 751 -17915
491 764 -6147
491 799 -15432
491 810 -9902
491 827 18460
491 831 7049
491 851 -3568
491 853 13778
491 903 -2527
491 929 -11957
491 1004 -7182
492 17 -17401
492 24 736
492 39 -8608
492 47 -18469
492 59 1847
492 62 -18580
492 65 9017
492 96 -8828
492 99 5729
492 103 12659
492 134 10598
492 138 11965
492 187 -1475
492 193 -12317
492 220 -16962
492 239 -6115
492 271 11249
492 289 -12779
492 328 119
492 335 -14257
492 337 17314
492 350 871
492 375 -1028
492 458 14884
492 474 12296
492 499 -2234
492 507 15031
492 533 2867
492 549 -9701
492 552 9416
492 584 6961
492 622 -11354
492 640 -6591
492 648 -7666
492 681 -5015
492 688 -13768
492 716 -18216
492 722 -16022
492 735 2352
492 752 -4683
492 762 3267
492 764 7696
492 776 5530
492 790 5465
492 800 15674
492 814 -11188
492 822 -9173
492 843 9567
492 860 15395
492 871 -508
492 876 -3301
492 924 -8783
492 928 -13982
492 980 8097
493 26 -8752
493 37 -9892
493 69 11304
493 115 13125
493 130 -13394
493 135 995
493 136 -11040
493 196 9158
493 197 -11873
493 221 -1634
493 236 -5483
493 283 18307
493 326 -4588
493 328 -9109
493 329 -920
493 331 9089
493 352 14972
493 364 -11160
493 371 -12447
493 376 18038
493 377 -1297
493 384 -8755
493 455 17749
493 479 -3923
493 489 6306
493 502 7169
493 522 -15110
493 540 13969
493 560 18689
493 583 -2506
493 589 18185
493 596 436
493 616 -3885
493 619 -1704
493 709 -17888
493 724 1676
493 733 -14778
493 735 -6793
493 741 -4522
493 766 -10298
493 767 -2966
493 781 1370
493 787 319
493 791 -1352
493 800 -13748
493 834 11106
493 836 -17913
493 856 9494
493 899 -2095
493 916 -16391
493 944 13556
493 980 12605
493 990 9953
493 991 6819
494 64 -6810
494 72 -6372
494 80 2717
494 89 7116
494 92 3199
494 127 15543
494 163 1534
494 173 -10454
494 188 14885
494 222 -11390
494 230 16705
494 275 15331
494 278 4673
494 324 14862
494 407 15788
494 408 11467
494 414 -3367
494 427 14365
494 428 -16016
494 431 5865
494 449 -7252
494 465 -74
494 488 12103
494 497 -7682
494 529 -13408
494 536 2959
494 537 9075
494 551 -5833
494 578 -14463
494 581 -16352
494 626 9686
494 631 1815
494 649 -11262
494 651 -10315
494 683 13094
494 693 -1848
494 702 -9238
494 708 -4326
494 743 -14416
494 763 -3175
494 799 -6921
494 807 6627
494 818 -6593
494 823 -10599
494 831 1623
494 837 12549
494 848 -1098
494 883 15102
494 931 9433
494 959 -189
494 960 -1325
494 1001 8978
494 1005 -14715
495 1 9606
495 2 -6424
495 74 -13101
495 105 15726
495 129 -13181
495 144 -1603
495 174 11284
495 219 -5894
495 233 13572
495 264 -11066
495 303 7940
495 331 15610
495 343 2787
495 365 -4727
495 378 3451
495 403 -9982
495 446 -14804
495 447 -13531
495 448 11954
495 463 -677
495 501 6569
495 513 1715
495 531 13252
495 548 9547
495 552 15464
495 560 -17641
495 561 -6438
495 566 11971
495 572 18747
495 584 11766
495 589 770
495 596 -14398
495 648 9624
495 675 15426
495 688 1334
495 697 17240
495 702 11963
495 738 1768
495 743 14837
495 744 -11028
495 760 -3455
495 808 -9017
495 813 -4080
495 821 4189
495 822 5405
495 830 16167
495 832 4720
495 841 -10604
495 870 5796
495 875 -15027
495 951 5635
495 968 2795
496 10 783
496 25 -14156
496 32 6389
496 50 -10451
496 64 -7763
496 68 15296
496 70 4479
496 107 -4165
496 109 -194
496 137 -10155
496 146 -15039
496 162 -1831
496 179 268
496 191 -3444
496 210 6456
496 261 3250
496 265 13727
496 271 18508
496 280 8895
496 283 1392
496 319 7010
496 326 -18543
496 339 -473
496 351 5714
496 417 16614
496 418 -9218
496 420 -12323
496 435 -6167
496 444 1881
496 455 13244
496 473 -11670
496 502 9584
496 543 9361
496 550 12030
496 552 -1594
496 565 -15523
496 569 12133
496 577 16106
496 582 7172
496 598 7276
496 631 13781
496 667 -10827
496 683 -14226
496 699 -17372
496 704 4801
496 705 -13703
496 845 -14769
496 848 -1553
496 858 8676
496 885 -1061
496 894 7872
496 911 8756
496 972 -5662
496 993 9702
496 1009 -17355
497 3 11561
497 8 -12461
497 38 -8927
497 59 17978
497 89 117
497 97 9582
497 100 14857
497 142 4935
497 194 15766
497 197 10392
497 203 16016
497 204 1158
497 253 2606
497 268 65
497 285 -3318
497 307 -14339
497 376 10216
497 408 1060
497 432 4423
497 441 -565
497 443 7375
497 455 -18776
497 459 -13688
497 492 10946
497 527 3131
497 537 -15496
497 589 -1090
497 669 14993
497 678 -10314
497 704 -18550
497 740 11108
497 742 9876
497 748 4184
497 774 11278
497 784 -140
497 805 -11346
497 820 7697
497 855 -1547
497 856 2419
497 862 10381
497 863 -12197
497 921 -273
497 929 7587
497 962 -12529
497 970 -7283
497 972 -2583
497 1006 8439
497 1018 -17836
497 1023 -5594
498 14 -387
498 49 14631
498 75 9021
498 119 9949
498 122 -4606
498 129 -16333
498 136 2912
498 155 -16065
498 173 -304
498 204 -10583
498 218 -4160
498 227 -5463
498 250 6912
498 294 -773
498 301 11070
498 311 16661
498 337 -18035
498 361 -18599
498 363 -209
498 379 -11859
498 446 -3794
498 459 4978
498 461 1661
498 476 16344
498 480 13163
498 486 -16243
498 493 -1436
498 545 -7070
498 588 5668
498 595 -9147
498 622 15588
498 624 -4022
498 655 867
498 673 15014
498 708 11494
498 724 -1465
498 735 -8977
498 740 15565
498 742 7935
498 768 -7349
498 770 9667
498 796 -11960
498 814 -18374
498 815 10291
498 846 -17701
498 853 4548
498 876 -14629
498 884 -10789
498 891 -8854
498 895 -15617
498 898 -9029
498 903 -11688
498 908 1772
498 925 -1794
498 929 -3462
498 966 -13726
498 972 -13805
498 980 11438
498 987 -4146
499 8 17388
499 13 -7541
499 53 -10514
499 95 -6972
499 100 -3809
499 141 11742
499 144 -1576
499 152 4877
499 155 18579
499 175 -4656
499 185 -10461
499 200 -14962
499 220 13232
499 236 1538
499 243 11349
499 259 -13710
499 264 11564
499 269 3774
499 322 3277
499 377 -14766
499 383 10604
499 389 10737
499 396 -153
499 410 -10639
499 412 15666
499 415 9906
499 422 -887
499 434 10907
499 486 12051
499 488 6164
499 493 -12747
499 495 -1384
499 497 -17882
499 578 13284
499 662 -17365
499 670 1120
499 676 -5684
499 679 4505
499 741 -9068
499 770 -11398
499 784 13292
499 916 9055
499 928 3381
499 935 -4462
499 983 -2683
499 997 -8125
499 998 -8075
499 999 -7643
499 1002 -11677
499 1008 14862
500 12 -12640
500 97 5854
500 105 -268
500 201 18787
500 211 12326
500 296 -5215
500 337 7321
500 339 5814
500 348 -16256
500 368 -1911
500 369 13690
500 390 7926
500 407 -11297
500 467 12264
500 494 -10715
500 496 -14752
500 513 14016
500 518 -18258
500 566 -17337
500 591 -8580
500 592 12965
500 598 -3093
500 632 -14714
500 670 18107
500 713 -11719
500 726 -8217
500 731 -17341
500 760 9901
500 802 13339
500 814 -14543
500 816 -1408
500 844 -11682
500 888 8216
500 904 4066
500 923 -17066
500 924 567
500 951 5354
500 961 994
500 963 -4729
500 969 16474
500 982 6324
500 1003 18632
501 18 6152
501 26 -15852
501 38 -8001
501 65 -5882
501 95 -5657
501 105 -1626
501 119 15480
501 137 -18186
501 179 4784
501 182 -4664
501 206 1382
501 224 -18368
501 229 -7471
501 234 -3092
501 263 -17534
501 343 -7150
501 374 -5338
501 384 7262
501 432 -3789
501 461 163
501 495 2237
501 526 14407
501 561 5893
501 583 1193
501 596 -2488
501 602 6331
501 609 -9922
501 660 18020
501 686 15097
501 689 14150
501 739 1299
501 756 16706
501 761 13622
501 770 2726
501 783 938
501 799 -3149
501 833 13123
501 929 -18408
501 944 -14485
501 945 -1492
501 947 -2486
501 948 -10198
501 951 -14557
501 962 129
501 968 -5041
501 979 -17916
501 998 10035
502 0 593
502 4 -15894
502 9 9798
502 21 -16131
502 30 -8950
502 54 -7854
502 81 -18716
502 97 -6137
502 161 -14919
502 192 11716
502 216 10604
502 247 -8620
502 256 16616
502 274 -15330
502 316 7871
502 322 3282
502 347 -16083
502 352 449
502 360 -14316
502 370 1417
502 371 14577
502 382 -3584
502 384 10947
502 403 -3182
502 430 -10471
502 438 -4696
502 464 -18621
502 466 15261
502 470 -6956
502 485 12116
502 495 14172
502 519 706
502 522 404
502 538 -2088
502 552 10946
502 567 9318
502 580 2617
502 611 5397
502 617 -5044
502 628 10497
502 639 6804
502 651 1597
502 694 8539
502 697 -2405
502 699 17540
502 703 15216
502 708 17541
502 710 -14312
502 711 -6518
502 760 11029
502 770 -7219
502 788 -4001
502 819 15002
502 828 7235
502 832 -3817
502 856 -13524
502 862 1344
502 867 -15652
502 870 8245
502 878 -9929
502 897 -18014
502 901 -11830
502 959 -15006
502 994 1505
502 1007 989
503 16 1450
503 37 3749
503 57 18467
503 79 8508
503 102 9434
503 138 -4588
503 188 16138
503 336 4180
503 338 1848
503 346 7413
503 352 10803
503 380 -5661
503 388 -4211
503 401 13538
503 409 6242
503 410 -11431
503 423 -8871
503 424 -2428
503 429 -6843
503 473 14758
503 474 -18141
503 486 -9608
503 545 -11070
503 551 7967
503 571 14264
503 593 2998
503 603 8006
503 618 15511
503 629 9574
503 635 14646
503 641 2041
503 667 -15367
503 681 9946
503 687 11574
503 698 3409
503 708 -8235
503 727 11001
503 756 -11171
503 788 -13856
503 868 8456
503 919 -33
503 921 12072
503 924 17220
503 926 -8288
503 943 -18672
503 947 -502
503 956 7208
503 961 18576
503 988 6194
503 991 -15402
503 1004 -10391
503 1021 -4679
504 27 -3824
504 33 7375
504 74 10720
504 85 -1643
504 98 -5059
504 123 1220
504 132 1719
504 139 14727
504 171 -10515
504 181 11712
504 187 -16087
504 213 15359
504 227 -27
504 284 -11522
504 318 10615
504 325 -4182
504 331 14141
504 362 -14050
504 369 -3641
504 381 -16022
504 414 14054
504 415 3914
504 419 -11527
504 450 -7427
504 478 -15658
504 482 11386
504 577 -16004
504 613 16381
504 616 2350
504 630 -10404
504 633 -14005
504 667 -13527
504 688 -15923
504 718 -2462
504 727 9846
504 763 -5079
504 768 6431
504 773 -5403
504 786 -15094
504 813 -1989
504 823 -3588
504 876 10296
504 880 363
504 899 -10969
504 939 8151
504 940 -12924
504 981 151
504 1002 17347
505 4 8080
505 37 -9023
505 44 -17438
505 56 18100
505 74 69
505 82 7127
505 156 6324
505 164 -13956
505 194 9631
505 216 16558
505 223 -13650
505 289 6343
505 297 15590
505 311 18562
505 349 -3578
505 356 5670
505 364 -16967
505 370 7539
505 376 -7780
505 379 -8849
505 392 9142
505 399 -16019
505 424 -7914
505 434 17280
505 443 -3395
505 462 1131
505 483 -2943
505 486 -9399
505 578 2145
505 597 -3142
505 610 -13581
505 624 5663
505 655 -13668
505 687 11907
505 714 13692
505 727 10606
505 731 -13030
505 750 -15006
505 751 12806
505 762 -2585
505 798 -11439
505 827 -2651
505 834 -2814
505 840 -5562
505 844 15366
505 848 -8353
505 858 12322
505 905 -12270
505 942 -9381
505 1011 13694
505 1014 -16767
506 18 -4351
506 28 -16953
506 85 -13417
506 129 -965
506 144 5945
506 146 -10906
506 187 10169
506 196 -11791
506 209 14759
506 243 -3409
506 248 -5809
506 260 9612
506 291 -2857
506 293 -4424
506 296 12611
506 326 -957
506 354 -2835
506 365 11743
506 377 -6395
506 384 -14107
506 416 12260
506 417 -9418
506 463 -2948
506 470 5045
506 493 -16472
506 530 3757
506 555 10459
506 556 -597
506 571 18253
506 594 -1121
506 619 -15474
506 621 -12323
506 624 -2441
506 634 8776
506 644 -2143
506 739 -7207
506 770 7548
506 803 1667
506 816 -3829
506 820 -10339
506 831 17706
506 854 7556
506 873 7280
506 894 -10710
506 904 -12965
506 906 17988
506 990 -7104
506 996 -2585
506 1023 -17496
507 12 -13807
507 28 9554
507 29 -3420
507 41 3953
507 96 6670
507 113 -3670
507 134 -16932
507 146 -8707
507 147 9266
507 169 737
507 201 8032
507 220 6490
507 224 18196
507 257 1820
507 289 -11464
507 295 -16030
507 332 4119
507 372 -18219
507 381 -17002
507 417 9295
507 429 -14394
507 448 6087
507 458 -11828
507 490 -15979
507 492 -14703
507 500 16437
507 510 4686
507 565 17543
507 572 -14492
507 575 14419
507 614 -709
507 619 2921
507 624 17884
507 637 -17432
507 639 12186
507 671 -15958
507 674 -16718
507 717 17453
507 726 9939
507 751 13488
507 753 -6276
507 791 8133
507 808 12365
507 828 7705
507 835 13524
507 873 -7298
507 875 -7083
507 877 -6648
507 960 -10422
507 993 -1417
508 51 -16768
508 53 5697
508 99 -9265
508 150 11423
508 188 11284
508 198 -5156
508 202 17178
508 247 9616
508 276 -5737
508 339 -6307
508 351 -4671
508 358 -16591
508 394 -10576
508 407 9323
508 432 -8326
508 478 1955
508 511 8177
508 528 -3458
508 536 -16532
508 550 -7215
508 555 -6531
508 606 16792
508 654 -5723
508 666 3418
508 670 15434
508 672 -724
508 673 -10922
508 675 17039
508 696 1873
508 704 -7827
508 741 11165
508 756 13132
508 765 13485
508 790 13713
508 793 -6445
508 809 2183
508 844 -12635
508 847 -6067
508 907 -11025
508 936 10741
508 938 18633
508 952 -14950
508 1020 -12230
509 9 6785
509 32 2814
509 68 -15019
509 111 7712
509 162 3737
509 198 -16213
509 211 -10856
509 214 17932
509 220 5608
509 230 -18578
509 238 -3192
509 288 -1465
509 331 -177
509 347 -6369
509 358 2634
509 387 -12563
509 409 18717
509 424 -16984
509 437 7297
509 449 -1852
509 499 -15687
509 502 -4397
509 559 8550
509 603 2225
509 624 -15871
509 661 -3062
509 677 -9911
509 695 4863
509 709 16114
509 758 -8876
509 774 13826
509 787 2373
509 793 16946
509 799 10918
509 846 -14131
509 860 15516
509 897 -17437
509 898 17998
509 909 4941
509 916 10276
509 944 -7023
509 954 8584
509 957 -9360
509 980 -12354
509 1002 11015
510 3 8248
510 14 8532
510 67 16556
510 72 -15349
510 82 12269
510 90 -13771
510 129 14781
510 150 18599
510 178 -12067
510 179 -7502
510 183 -4901
510 187 10407
510 200 -9669
510 282 18681
510 312 -10958
510 334 -13856
510 352 16553
510 378 -11722
510 405 8342
510 416 15569
510 440 12867
510 478 11574
510 495 -16268
510 526 -14446
510 531 639
510 592 -6772
510 606 -18572
510 675 -7387
510 680 12915
510 690 -9442
510 695 -1195
510 697 -4621
510 719 16122
510 721 410
510 731 -12470
510 734 2404
510 742 13806
510 781 -5378
510 792 6595
510 808 5777
510 809 -2179
510 828 9588
510 831 -880
510 847 -95
510 848 6896
510 855 2841
510 873 -12309
510 895 -16599
510 903 -2387
510 911 -18662
510 917 -14101
510 930 -1524
510 938 9558
510 979 11522
510 986 2815
510 993 4306
510 999 9391
510 1010 -11013
511 8 55
511 18 -14867
511 48 6156
511 55 10072
511 82 18745
511 139 4220
511 221 986
511 268 15710
511 284 -14941
511 287 -15808
511 305 -2150
511 307 -7207
511 338 -15019
511 373 8222
511 387 11450
511 388 3878
511 399 11296
511 401 -6842
511 453 8444
511 473 13169
511 487 -15698
511 490 -17652
511 491 16680
511 543 -10522
511 550 13286
511 562 2046
511 574 -2348
511 593 -6932
511 627 -12302
511 630 -14514
511 654 -16793
511 672 8599
511 686 12416
511 721 16680
511 737 -6048
511 758 -7463
511 769 -12110
511 771 -6785
511 772 9400
511 795 -2482
511 854 -5102
511 860 -4192
511 863 -5340
511 868 742
511 895 1390
511 898 5367
511 929 -12933
511 931 3335
511 970 -14486
511 982 4599
511 990 6758
511 1007 -9326
512 48 10201
512 64 -4342
512 87 2545
512 148 -4350
512 157 11624
512 167 -16542
512 179 2038
512 183 9631
512 185 -14033
512 221 3176
512 243 4175
512 270 929
512 271 12855
512 272 -11099
512 292 6092
512 294 2692
512 304 -9854
512 336 -8737
512 384 15751
512 390 -3773
512 395 2680
512 408 7627
512 427 -5033
512 445 14730
512 472 466
512 474 -9858
512 489 -13922
512 512 2350
512 522 12859
512 538 14282
512 564 -12576
512 572 6648
512 574 -17320
512 590 -3681
512 600 17302
512 601 1561
512 610 1979
512 612 11627
512 632 -438
512 647 -16346
512 667 -15853
512 680 -10702
512 725 -1609
512 761 -15737
512 802 -14634
512 820 9494
512 828 -5687
512 833 -10129
512 896 2936
512 921 -16968
512 996 4884
512 1003 17060
512 1004 16372
513 13 7608
513 65 4634
513 98 -10236
513 115 12942
513 143 -5960
513 151 -1895
513 167 -217
513 185 4813
513 204 11765
513 238 18428
513 287 9341
513 296 6990
513 333 17374
513 355 14841
513 363 -1342
513 364 -7026
513 378 -11704
513 393 7186
513 409 -6440
513 446 -17347
513 468 -9752
513 493 -10527
513 494 14224
513 499 -10335
513 515 18522
513 521 -17746
513 541 12951
513 543 -10416
513 558 6119
513 568 -10798
513 572 -7713
513 603 -11307
513 664 -2990
513 699 14779
513 725 5280
513 782 9333
513 815 -6617
513 822 -199
513 868 -3563
513 878 -9633
513 903 -8553
513 918 12808
513 953 11232
513 971 -18747
513 972 4927
513 1013 13255
514 60 8500
514 64 8127
514 74 17215
514 95 -3566
514 96 8766
514 104 773
514 113 -12018
514 125 -9225
514 134 -13762
514 138 542
514 140 14733
514 144 -6471
514 153 6509
514 160 -5678
514 210 -4585
514 303 -5238
514 305 -8347
514 318 -14831
514 323 -5931
514 340 6111
514 360 -12494
514 387 16347
514 415 -17820
514 422 3138
514 442 14154
514 455 -3719
514 485 5034
514 535 -13768
514 542 15698
514 637 -392
514 650 -7849
514 665 16717
514 747 5303
514 750 5337
514 820 6673
514 834 4614
514 895 16579
514 972 -11280
514 973 17971
514 997 7807
514 1013 -570
515 3 -16060
515 7 14531
515 44 -15686
515 45 -15507
515 51 2601
515 60 -7164
515 72 -9916
515 79 1287
515 132 10806
515 176 -4326
515 188 7650
515 229 -16587
515 252 -17884
515 305 17657
515 353 1203
515 359 8590
515 385 14345
515 413 10658
515 496 10315
515 523 11948
515 537 7082
515 545 6639
515 553 -3736
515 563 -13616
515 572 9193
515 616 12850
515 621 -1725
515 637 -12014
515 657 4654
515 675 -11675
515 689 -16089
515 707 53
515 713 -1407
515 729 11178
515 734 -11532
515 815 -307
515 886 14334
515 912 3091
515 954 -1342
515 981 -7366
515 1021 8756
516 21 -4350
516 36 -4642
516 37 2357
516 72 5220
516 82 2053
516 99 2065
516 103 -6621
516 140 -17552
516 143 -15479
516 217 18790
516 299 -18519
516 301 17285
516 314 3499
516 340 -15888
516 351 9483
516 363 -10766
516 384 11443
516 395 10727
516 420 6005
516 427 11204
516 477 15160
516 494 6511
516 498 -13640
516 513 -4590
516 531 5487
516 556 -18057
516 588 -14515
516 627 5882
516 646 115
516 661 -6505
516 701 -6277
516 707 9735
516 717 -5981
516 747 217
516 796 14840
516 798 -484
516 817 15262
516 845 -16908
516 872 -5428
516 895 1062
516 923 -1481
516 948 13660
516 970 -8683
516 976 2318
516 984 13922
516 992 -11844
516 1000 -12791
516 1022 -5869
517 121 16124
517 151 -3631
517 178 9672
517 206 8777
517 211 -12005
517 221 9034
517 226 16110
517 233 7045
517 246 3093
517 255 12606
517 256 -5987
517 260 9423
517 299 -6080
517 339 -4414
517 376 12685
517 398 5721
517 408 13024
517 421 6258
517 427 6295
517 460 -6538
517 494 -322
517 509 -11187
517 513 6847
517 521 13669
517 525 -13519
517 544 -18111
517 548 13112
517 564 -1558
517 583 11337
517 666 5898
517 685 -10694
517 701 -10406
517 714 1961
517 718 -16546
517 729 5319
517 791 1432
517 807 -565
517 808 -5415
517 840 -2954
517 895 -11926
517 952 7211
517 954 7586
517 955 -1344
517 961 11440
517 998 5039
518 16 -5849
518 20 -7209
518 28 -14529
518 30 4959
518 39 -6214
518 141 4353
518 144 -10406
518 150 9055
518 163 18131
518 208 -6952
518 232 10937
518 245 18706
518 289 15566
518 339 5223
518 341 -13227
518 370 16027
518 407 6432
518 425 -18481
518 440 12463
518 464 -5168
518 481 3656
518 488 -14059
518 503 10068
518 630 -7832
518 679 -15019
518 684 -17166
518 699 -2058
518 711 13356
518 720 -13981
518 740 8605
518 748 18134
518 753 -7429
518 787 -14221
518 793 3601
518 796 -9547
518 815 -9909
518 873 1348
518 874 -9364
518 886 -10968
518 919 -14734
518 924 1848
518 934 -12035
518 987 6152
518 1000 15400
518 1017 -16108
518 1019 -4138
519 31 -6037
519 38 -605
519 59 10012
519 64 11000
519 136 4661
519 137 11962
519 141 17492
519 145 -16764
519 197 11760
519 232 7754
519 271 -652
519 285 10062
519 336 -14445
519 349 8473
519 357 6463
519 360 17962
519 368 -16123
519 374 -14538
519 389 -10109
519 415 -4474
519 418 -10128
519 424 -8526
519 441 -11410
519 495 1213
519 503 -5684
519 526 8081
519 532 6810
519 539 4920
519 543 -5400
519 550 -8522
519 568 16254
519 575 -1625
519 603 15376
519 611 2932
519 650 -6795
519 687 5606
519 726 -7492
519 737 -18343
519 743 18580
519 745 145
519 767 -13910
519 789 -4413
519 840 -5938
519 846 -5080
519 857 -13013
519 877 11981
519 885 -9033
519 918 -9938
519 926 8450
519 932 6424
519 945 -17031
520 9 14049
520 14 1636
520 28 15945
520 47 6867
520 73 12077
520 78 7214
520 88 581
520 109 16745
520 141 330
520 194 -5767
520 196 16540
520 197 12593
520 220 10471
520 234 -17131
520 256 1205
520 262 -4900
520 274 -4568
520 299 16344
520 320 -9769
520 343 12936
520 344 -17835
520 387 414
520 399 -15122
520 409 8757
520 419 7033
520 431 43
520 437 -1376
520 462 8402
520 489 -9205
520 532 12021
520 534 12646
520 537 -4469
520 540 -7295
520 548 -1489
520 582 -4388
520 587 10681
520 608 2399
520 613 11084
520 638 -2841
520 682 -3031
520 697 12505
520 709 -11268
520 711 -5216
520 725 17448
520 813 -14293
520 828 -15717
520 834 8018
520 838 -16734
520 853 -7825
520 906 204
520 910 -13283
520 953 -2398
520 972 8449
520 980 11974
520 983 828
520 987 -4118
520 1006 -3929
521 28 -14450
521 60 -11124
521 74 17173
521 86 18633
521 129 -16293
521 153 9638
521 197 14360
521 212 -12929
521 215 -6897
521 263 6601
521 268 -4967
521 272 -15231
521 312 -11141
521 320 2145
521 326 14114
521 340 -16367
521 353 1964
521 428 1936
521 486 1535
521 510 -238
521 635 -15741
521 640 -41
521 769 15188
521 816 9731
521 894 -14745
521 904 425
521 932 7829
521 937 7224
521 949 -15096
521 952 -410
521 959 -13124
521 1013 4422
521 1015 7921
522 9 -7378
522 47 -1309
522 83 -2678
522 86 4053
522 105 -6156
522 114 -17699
522 165 5834
522 166 2294
522 168 7526
522 229 9857
522 231 -7619
522 250 15229
522 280 13729
522 330 -9513
522 355 -18325
522 381 -12615
522 412 -4958
522 419 11631
522 421 4035
522 451 9454
522 453 -8586
522 475 -8717
522 481 3809
522 503 14748
522 516 -3461
522 526 -472
522 527 691
522 532 214
522 554 -14514
522 570 -12793
522 641 10180
522 658 -4477
522 670 -3540
522 675 9802
522 704 -6643
522 705 10831
522 710 9806
522 727 14240
522 758 -4087
522 794 18151
522 799 6197
522 811 -7637
522 824 -10818
522 889 -10664
522 949 -9723
522 958 18763
522 965 -16081
522 978 -10788
522 979 4940
522 1011 14538
522 1012 -14079
523 33 15709
523 50 10499
523 61 14179
523 122 464
523 126 6712
523 135 9583
523 177 -13621
523 256 16167
523 281 6394
523 316 -2616
523 321 10723
523 399 8363
523 404 -9883
523 480 -4220
523 501 14466
523 525 -7389
523 660 17282
523 662 2667
523 669 -5282
523 699 -13870
523 711 -17754
523 784 18751
523 786 15194
523 792 -17882
523 856 -12196
523 869 -12353
523 914 -1272
523 924 16208
523 930 -794
523 953 2574
523 977 16219
524 2 -6347
524 28 9137
524 31 16781
524 65 -9133
524 205 4429
524 221 18245
524 247 7282
524 268 16699
524 276 -16483
524 287 -14300
524 303 -15583
524 312 1811
524 313 5508
524 335 -12212
524 350 -14396
524 368 12921
524 420 -11691
524 425 -11251
524 432 -9141
524 437 -2251
524 455 5381
524 472 -7630
524 483 -7556
524 485 -12821
524 491 -3228
524 522 -15619
524 538 -9723
524 559 16848
524 604 -14110
524 607 18198
524 632 18594
524 634 13108
524 675 5886
524 689 13492
524 717 4837
524 780 1536
524 800 7292
524 862 -6769
524 873 322
524 892 -1378
524 893 15936
524 894 359
524 908 7357
524 949 16440
524 968 -12342
524 971 -5001
524 981 252
524 999 -15125
525 26 -10212
525 42 4405
525 95 -16393
525 102 13510
525 170 -17630
525 179 -16602
525 195 -2948
525 253 -10493
525 317 -8253
525 333 -16559
525 336 -8792
525 349 3303
525 399 2092
525 401 18593
525 404 8832
525 451 11970
525 506 -2602
525 510 14659
525 515 -500
525 528 16039
525 543 12204
525 563 -18774
525 569 -8054
525 586 -16049
525 595 4226
525 600 -390
525 624 -9405
525 628 17612
525 651 15986
525 653 12676
525 663 12221
525 690 12078
525 701 7677
525 723 -17825
525 740 785
525 773 -23
525 882 16339
525 885 5710
525 889 17647
525 894 -16232
525 927 -6350
525 934 9036
525 935 4024
525 945 -10161
525 986 -3356
525 987 -11119
525 995 17422
525 998 -18581
525 1015 -8923
525 1018 -8542
525 1022 -11957
526 11 -6677
526 17 -2349
526 23 -3002
526 39 14634
526 57 4770
526 280 2048
526 283 -6619
526 298 6541
526 305 4766
526 323 -17318
526 353 16686
526 382 14761
526 408 -16685
526 409 -15225
526 438 6541
526 442 -2891
526 487 18127
526 497 -12726
526 507 14220
526 522 -5375
526 529 886
526 541 -5876
526 544 6598
526 547 17723
526 563 -2953
526 567 -16115
526 570 15969
526 599 -13496
526 629 -10740
526 645 -12670
526 646 -1559
526 647 1274
526 684 5101
526 716 -7697
526 770 5123
526 772 -18122
526 804 5067
526 824 -18061
526 851 -2316
526 870 -14677
526 884 -17830
526 936 -1393
526 952 -8858
526 956 11052
526 961 -38
526 969 -2717
526 1021 15182
527 15 -13382
527 36 12354
527 93 -10981
527 97 4264
527 115 -13192
527 123 440
527 167 8139
527 172 -2456
527 191 13293
527 197 -9320
527 250 1179
527 262 10551
527 270 4036
527 287 14478
527 293 -11400
527 299 10186
527 334 -2353
527 361 12931
527 380 260
527 395 4267
527 397 5011
527 398 -2654
527 401 10195
527 427 -6335
527 444 -7365
527 452 -17359
527 472 -12450
527 492 9971
527 495 -15251
527 503 -10978
527 511 -9864
527 516 10659
527 519 5324
527 524 -13877
527 539 14216
527 544 -13073
527 560 -6146
527 573 1207
527 593 8378
527 610 -8436
527 620 -15304
527 628 -4983
527 662 -15489
527 739 -17199
527 763 -4103
527 769 -468
527 773 10961
527 776 -12947
527 790 10959
527 823 11762
527 835 -18237
527 837 -15277
527 864 15153
527 882 -1392
527 905 14262
527 928 -13436
527 933 4257
527 938 -5618
527 981 -9565
527 990 -9237
528 60 4276
528 69 -7923
528 79 18376
528 95 17814
528 103 -18338
528 105 -14932
528 106 -2218
528 118 -13308
528 119 -9584
528 157 -6430
528 182 -9931
528 188 16558
528 243 13017
528 258 -6870
528 259 6206
528 276 3302
528 303 11190
528 349 -8649
528 368 5571
528 379 10531
528 410 -12632
528 424 -3567
528 434 -15186
528 456 11198
528 459 -9850
528 466 -16495
528 468 13205
528 480 10824
528 488 -3466
528 490 16992
528 504 -3871
528 528 11147
528 532 -6464
528 577 826
528 609 -3615
528 621 13157
528 675 6192
528 705 16929
528 707 631
528 730 -5777
528 751 1529
528 760 -7891
528 809 8068
528 811 -10734
528 813 6791
528 820 2475
528 860 8810
528 870 -367
528 879 -964
528 906 -17264
528 907 10098
528 919 -10640
528 942 9802
528 979 -18127
529 24 7497
529 28 -2054
529 34 -10025
529 36 -15750
529 110 -8196
529 127 1943
529 143 11451
529 184 -8900
529 186 -13378
529 226 -3229
529 229 -15731
529 244 8466
529 290 -18437
529 330 -13247
529 426 11669
529 570 -6445
529 576 8981
529 602 13150
529 603 -7211
529 617 -18760
529 672 -2567
529 679 -6947
529 702 2463
529 703 11286
529 717 6672
529 747 7208
529 753 -1128
529 761 10807
529 771 10994
529 797 -6220
529 802 16927
529 808 -11126
529 829 -14701
529 851 -2781
529 894 11960
529 895 -13907
529 962 -6605
529 968 18276
529 969 -15448
529 1008 -16925
530 3 5707
530 29 -10575
530 35 -17504
530 63 2646
530 74 10361
530 118 11935
530 120 -3570
530 133 17675
530 138 -1838
530 162 5791
530 166 -16134
530 169 13289
530 172 -2023
530 178 8847
530 195 11514
530 293 -1663
530 326 3869
530 337 -7080
530 351 7499
530 382 11789
530 395 829
530 405 2529
530 433 11465
530 450 -4281
530 508 -18329
530 546 131
530 573 -11725
530 574 -6165
530 576 14375
530 577 -7932
530 599 -8885
530 601 -15698
530 605 1595
530 613 -11250
530 642 -5863
530 677 -9121
530 692 -3745
530 708 7706
530 732 -6933
530 753 -3653
530 766 -12264
530 809 -4611
530 845 -16836
530 895 -4187
530 898 -4163
530 924 12419
530 954 -3850
530 987 15665
530 998 1182
531 15 -4405
531 18 17919
531 59 11137
531 62 15581
531 66 14195
531 72 -1893
531 78 -8763
531 122 -4733
531 147 3699
531 163 -9404
531 171 -15086
531 199 -14449
531 206 18271
531 218 -10913
531 234 -10740
531 258 9466
531 259 13544
531 273 -13326
531 279 17104
531 280 -3951
531 298 16481
531 304 800
531 305 -15597
531 392 -7701
531 393 15637
531 437 4602
531 446 -3410
531 482 18489
531 500 13541
531 501 -18646
531 535 5415
531 551 -4772
531 563 11543
531 568 -15337
531 578 17253
531 595 3745
531 626 -10820
531 677 15390
531 693 -12538
531 699 -13550
531 705 -641
531 712 4611
531 717 -2803
531 724 -8988
531 740 -2181
531 744 928
531 750 14423
531 769 -17273
531 820 -17970
531 833 1454
531 845 -17115
531 854 -15566
531 886 -704
531 949 9039
531 951 -6209
531 1009 3665
531 1015 9799
532 4 -10514
532 8 12527
532 51 18141
532 67 18223
532 69 10771
532 79 1115
532 84 16179
532 105 -5148
532 165 2367
532 176 14974
532 216 10768
532 235 9823
532 240 -11045
532 287 14918
532 301 2400
532 314 -8792
532 323 -9261
532 351 -5584
532 372 7851
532 377 -12751
532 396 17565
532 425 -17749
532 438 9951
532 451 -10457
532 452 10910
532 462 -15632
532 477 9973
532 508 13350
532 510 4163
532 516 -13817
532 526 15761
532 549 -6083
532 564 16033
532 609 -15686
532 642 -10465
532 665 11934
532 691 3408
532 726 -7834
532 753 13343
532 806 4435
532 815 5784
532 836 9526
532 837 -832
532 838 10581
532 847 16056
532 884 16223
532 887 -12391
532 921 -6354
532 934 1314
532 935 -18495
532 937 -11824
532 973 -3553
532 1012 -7512
532 1017 6741
532 1018 -9279
533 46 -3268
533 52 11530
533 77 2574
533 96 3830
533 125 -2286
533 132 11451
533 153 -5247
533 191 -1971
533 207 18060
533 226 4793
533 274 -4252
533 277 -13832
533 278 853
533 328 -14806
533 343 13212
533 358 12354
533 360 8028
533 370 7049
533 403 -12404
533 404 -11275
533 410 10965
533 485 -1389
533 526 14498
533 529 6406
533 539 17324
533 562 1195
533 568 6619
533 592 15771
533 595 10880
533 635 12667
533 654 255
533 664 -6843
533 665 4213
533 667 8922
533 668 -9735
533 722 -12070
533 725 -4476
533 785 11148
533 793 -10261
533 881 702
533 893 -2907
533 901 4773
533 906 -18230
533 919 6185
533 934 1088
533 935 14061
533 940 -7803
533 956 12768
533 957 2082
533 963 -10732
533 981 -6152
533 987 3410
533 994 4705
533 995 -8693
534 6 -6139
534 27 15553
534 32 9003
534 34 12288
534 41 8815
534 53 -16594
534 58 -16254
534 59 18247
534 132 -2906
534 133 3352
534 134 -2233
534 135 -12071
534 142 -16885
534 150 -7556
534 160 -17582
534 172 -3348
534 174 15242
534 234 -16418
534 245 16322
534 280 8252
534 298 -13332
534 304 -3944
534 307 8879
534 321 -12985
534 337 -3771
534 343 15712
534 359 15120
534 360 -7687
534 371 12252
534 377 -8552
534 397 1567
534 441 7300
534 463 11605
534 467 13364
534 504 -15845
534 535 -12635
534 544 -3266
534 550 -3013
534 557 -3236
534 571 14612
534 572 -11233
534 596 1178
534 677 15273
534 681 -10328
534 709 11984
534 792 18192
534 793 13259
534 816 2548
534 823 -6949
534 832 13733
534 838 -4009
534 859 13074
534 864 -10258
534 881 8061
534 890 -12138
534 891 14929
534 914 1507
534 919 -2813
534 938 18143
534 951 -13149
534 966 -769
534 974 -8673
534 990 18103
534 996 -9265
534 999 -2479
534 1005 9944
535 17 10041
535 31 -16461
535 47 -8691
535 84 11761
535 89 1294
535 92 10566
535 99 -11401
535 175 -5925
535 177 -9108
535 178 3033
535 200 -4364
535 206 -338
535 288 -11835
535 334 16480
535 336 15308
535 341 -14886
535 368 7419
535 378 2345
535 424 2320
535 429 10969
535 486 7075
535 487 -12527
535 517 10470
535 523 10077
535 524 4219
535 549 -13359
535 551 10462
535 573 -7491
535 577 -2933
535 592 10229
535 605 12772
535 607 -1150
535 622 10371
535 633 4369
535 660 12846
535 665 7227
535 682 18554
535 710 -2478
535 740 -16086
535 753 -17288
535 774 -10793
535 789 -16678
535 799 13175
535 809 889
535 816 -3706
535 834 7150
535 841 9241
535 861 -18694
535 885 10872
535 911 -13559
535 927 -17147
535 935 -9656
535 974 1300
535 1006 -1631
536 22 -13069
536 49 15581
536 52 -14385
536 98 17304
536 103 -1511
536 105 -17724
536 145 -2826
536 158 -9811
536 161 18136
536 223 2282
536 252 -5911
536 261 2399
536 325 12753
536 329 -6803
536 348 -7307
536 380 -12121
536 386 -15982
536 406 -7716
536 410 -3896
536 414 2748
536 443 -16372
536 447 -7414
536 451 -14367
536 460 16331
536 480 2178
536 502 -6073
536 517 17370
536 518 -11388
536 533 1667
536 599 2782
536 600 4110
536 604 -3561
536 611 5391
536 628 18279
536 637 -4092
536 649 -4442
536 658 -14755
536 670 -13985
536 673 3701
536 689 9673
536 703 -15055
536 719 -13823
536 721 8120
536 786 4541
536 807 -1494
536 809 1322
536 844 8570
536 862 -4987
536 875 -11096
536 908 789
536 918 10267
536 927 18198
536 956 614
536 959 -4980
536 963 988
536 982 -15439
536 987 4552
537 21 -2508
537 28 -12559
537 38 12896
537 46 -84
537 164 -16608
537 166 -2351
537 170 -2824
537 187 5461
537 205 6880
537 223 17934
537 226 -7469
537 241 6137
537 242 16061
537 258 -7578
537 272 5837
537 280 2470
537 300 -5543
537 301 5120
537 305 -14806
537 345 18418
537 351 -14341
537 352 5817
537 394 18038
537 420 15512
537 429 -10866
537 443 15694
537 455 -18672
537 456 7694
537 470 -2355
537 491 17199
537 547 -8919
537 553 13836
537 565 10519
537 569 -10213
537 578 -3802
537 661 8409
537 670 16362
537 703 -6566
537 707 -11194
537 787 -11359
537 813 -8617
537 814 -4000
537 819 -3757
537 850 18457
537 851 -11461
537 894 -5306
537 911 10272
537 917 6728
537 924 4561
537 925 -11507
537 942 -3965
537 945 11091
537 952 5354
537 979 -14378
537 980 259
537 1022 -8797
538 0 16786
538 6 -10801
538 16 17749
538 19 -1717
538 28 -2518
538 52 -16713
538 71 8793
538 82 -14893
538 100 -2603
538 105 2553
538 110 14977
538 130 8020
538 166 11917
538 283 13076
538 309 5869
538 335 -6305
538 360 4965
538 422 3971
538 426 -8621
538 443 10119
538 509 8003
538 519 218
538 599 6212
538 643 -16753
538 694 10162
538 715 -18661
538 719 11085
538 743 -8464
538 746 4084
538 759 11669
538 762 4467
538 794 -13383
538 803 -4630
538 823 -18468
538 851 16467
538 852 -13183
538 865 8373
538 917 -11750
539 20 11990
539 100 14924
539 133 -18157
539 164 -6731
539 211 -9972
539 221 14506
539 226 -17748
539 241 -3606
539 249 -5579
539 251 5414
539 258 11044
539 272 -7485
539 355 -3958
539 376 8197
539 382 -923
539 393 16445
539 397 -17627
539 399 -4196
539 439 7174
539 473 -2420
539 526 -5026
539 553 18630
539 586 -467
539 624 5482
539 628 -15570
539 631 -4058
539 675 12506
539 691 7178
539 700 -11942
539 704 -8148
539 718 -2853
539 734 12628
539 749 -13699
539 886 12639
539 899 9701
539 907 3712
539 916 3980
539 947 16289
539 1014 7328
540 33 11177
540 42 2394
540 57 -10221
540 98 -1761
540 115 10065
540 144 18663
540 157 -5340
540 167 -15884
540 210 -14056
540 225 16506
540 241 -11724
540 244 -11667
540 246 -13338
540 272 14963
540 305 15762
540 357 8346
540 387 -12782
540 401 -1301
540 403 10647
540 408 -8223
540 412 2751
540 468 -936
540 493 4828
540 511 8651
540 567 -9501
540 577 -13540
540 630 -7763
540 632 -18016
540 643 -5698
540 662 8570
540 671 -1810
540 696 -4295
540 739 -7400
540 755 12146
540 767 10440
540 777 6347
540 790 -8118
540 811 -436
540 820 -15474
540 848 -10101
540 850 -2572
540 933 14396
540 945 9169
540 951 997
540 973 10904
540 981 3408
540 1020 2922
541 11 -8167
541 43 -2302
541 44 10046
541 97 -9352
541 108 -18263
541 114 -15692
541 123 9209
541 139 -4622
541 154 -2776
541 157 -17006
541 162 9915
541 183 -14323
541 206 -11982
541 282 13038
541 325 15447
541 359 1945
541 367 10609
541 395 10506
541 404 -241
541 405 -11525
541 426 -14224
541 453 13231
541 512 -9089
541 522 -11735
541 526 6735
541 540 5799
541 564 15550
541 571 -10073
541 597 430
541 600 17334
541 644 -6047
541 656 9613
541 663 -10463
541 666 10235
541 671 4044
541 677 14687
541 690 2377
541 706 -13345
541 721 -11232
541 726 7119
541 772 -13332
541 778 11053
541 802 5870
541 804 2398
541 809 2658
541 829 -1697
541 833 -1451
541 835 -18268
541 838 -1888
541 844 -9004
541 851 -7370
541 868 9338
541 894 11123
541 895 6861
541 948 16283
541 980 -1348
541 995 -6900
541 1011 -69
541 1019 5937
541 1023 -8240
542 3 17770
542 9 16205
542 12 -197
542 20 -6817
542 117 10423
542 131 4610
542 149 -8477
542 154 18548
542 177 6100
542 199 17557
542 224 18261
542 258 11843
542 285 2586
542 313 -5008
542 327 15422
542 347 -1723
542 352 -15513
542 399 -13970
542 400 -2948
542 414 10888
542 439 -13294
542 468 -8303
542 473 2646
542 546 -2344
542 557 2378
542 565 -384
542 579 -16236
542 657 17099
542 696 -10067
542 697 -83
542 701 17768
542 733 14044
542 736 -232
542 771 -12554
542 784 -15489
542 841 -5307
542 846 4598
542 852 -6541
542 885 -4444
542 899 -18473
542 902 5311
542 912 17648
542 925 3954
542 949 -40
542 960 2210
542 979 5814
542 993 15576
542 1004 8509
542 1013 -17383
543 22 16342
543 32 -14135
543 44 5122
543 58 17657
543 94 -3485
543 123 -10996
543 147 -12286
543 170 -12171
543 188 -16076
543 217 2845
543 289 -16362
543 299 11396
543 327 -12434
543 345 -3317
543 347 4803
543 382 -13491
543 402 -13225
543 416 18207
543 421 -18629
543 516 2445
543 523 7239
543 541 -15278
543 575 11694
543 577 11683
543 598 -1655
543 600 -17587
543 607 1268
543 617 -3823
543 685 -3325
543 698 -11195
543 749 14493
543 774 -14009
543 846 268
543 847 -6395
543 852 12312
543 869 16598
543 875 9475
543 885 -11551
543 917 -1760
543 927 13268
543 953 -15243
543 980 -7427
543 1000 3322
543 1010 4755
544 10 9561
544 27 -14399
544 70 5687
544 84 18209
544 97 2351
544 106 -4794
544 122 -4531
544 125 -2151
544 160 -6881
544 168 -748
544 171 -4563
544 174 -4860
544 175 -7073
544 178 12700
544 203 4494
544 206 16602
544 246 -13409
544 252 16998
544 272 18383
544 334 -3547
544 336 -13708
544 338 -14975
544 443 -13149
544 475 -2249
544 489 1738
544 500 14246
544 502 1533
544 523 -9738
544 548 9778
544 558 -14658
544 634 952
544 646 15152
544 664 11337
544 667 6787
544 677 18207
544 701 -639
544 715 -11663
544 723 7478
544 766 8703
544 767 18141
544 771 -18740
544 773 -5668
544 775 17487
544 827 -14297
544 833 -8951
544 878 -7747
544 879 11878
544 890 -14283
544 894 11723
544 908 3236
544 920 16241
544 926 13320
544 934 -9713
544 936 2363
544 954 -7348
544 978 -539
545 29 16088
545 53 -11303
545 73 460
545 81 -5677
545 104 8650
545 146 -3421
545 157 -17568
545 168 16693
545 178 -1073
545 224 -10910
545 225 -13122
545 251 5630
545 258 -6057
545 280 -16236
545 290 8598
545 302 -57
545 307 17384
545 356 -1487
545 363 17491
545 395 16513
545 398 -13923
545 406 -10337
545 434 16472
545 436 2934
545 480 -6631
545 541 -3009
545 542 -4727
545 543 -3485
545 545 -3500
545 572 -15674
545 598 740
545 663 17156
545 673 -12986
545 686 -10382
545 731 -10528
545 741 -7776
545 814 18443
545 880 -15041
545 916 5350
545 958 6465
545 995 -3773
545 1004 -11704
546 28 4925
546 73 2050
546 75 -13494
546 124 9559
546 150 -5339
546 162 -10331
546 210 6413
546 222 -11589
546 295 -16863
546 320 11303
546 330 -14488
546 337 -2571
546 358 15125
546 369 4128
546 372 -16995
546 419 1263
546 424 -770
546 431 16301
546 476 -2779
546 479 11883
546 522 -5890
546 589 1776
546 620 18599
546 648 -10927
546 685 10855
546 688 -18245
546 694 13035
546 730 -8531
546 734 4568
546 746 15094
546 772 11764
546 778 7458
546 850 9585
546 858 -3852
546 873 4202
546 899 -7631
546 921 -2511
546 928 -7315
546 976 11818
546 979 -3431
546 991 14302
546 998 13479
546 1005 -12128
547 25 -122
547 51 12949
547 63 17272
547 64 1821
547 67 15496
547 73 -1991
547 75 -8775
547 241 -5808
547 263 -16817
547 273 1550
547 292 -16888
547 321 1207
547 350 -3947
547 365 9027
547 430 306
547 451 -605
547 456 9992
547 472 -1775
547 479 -18351
547 518 13764
547 527 -3214
547 536 -3384
547 548 12545
547 551 -112
547 590 1894
547 635 6879
547 652 10280
547 657 8357
547 660 -11495
547 676 5161
547 677 -3328
547 736 12832
547 737 -4990
547 742 -17940
547 748 -10368
547 774 -1883
547 783 -4252
547 805 -12047
547 806 -10604
547 816 16078
547 821 -16488
547 874 6059
547 921 -4636
547 922 10864
547 946 -11556
547 950 17687
547 953 -18279
547 961 -16570
547 966 -10463
547 967 18550
547 977 -4509
547 991 3897
547 995 -5471
548 68 368
548 73 -11629
548 95 14733
548 99 10812
548 155 -15042
548 194 -2611
548 214 7779
548 216 1556
548 231 -17809
548 238 13707
548 240 -3496
548 260 6518
548 294 -516
548 339 -13713
548 385 -14610
548 405 6361
548 415 18392
548 426 2685
548 428 -5579
548 456 11593
548 458 1123
548 483 1998
548 633 -2578
548 731 3021
548 759 -9717
548 769 -561
548 792 -3011
548 832 8214
548 851 -7938
548 880 16037
548 887 15420
548 892 4978
548 899 9027
548 920 -237
548 937 17881
548 956 3426
548 974 3186
548 978 -4227
549 0 1019
549 1 10212
549 8 -18457
549 20 -9851
549 28 6604
549 30 1584
549 53 -13391
549 72 -18477
549 106 12521
549 113 16145
549 117 12644
549 123 -7887
549 127 -4862
549 162 -12463
549 188 -10609
549 208 5784
549 213 -15247
549 221 16596
549 229 -4204
549 234 5389
549 270 8696
549 299 -2324
549 302 -7604
549 310 7099
549 319 -8607
549 339 17227
549 348 -14261
549 349 14317
549 404 8980
549 433 -5482
549 437 -16613
549 441 8908
549 462 15016
549 493 -4754
549 501 -3214
549 515 -6760
549 519 17303
549 580 499
549 594 4052
549 595 15791
549 599 -1530
549 608 15459
549 610 -7153
549 632 8274
549 634 11473
549 640 14059
549 666 16817
549 667 -6008
549 678 5131
549 738 2323
549 767 11549
549 832 12758
549 839 8031
549 850 -3104
549 866 10802
549 930 -10746
549 939 12984
549 978 17670
549 985 7255
549 1000 -18296
550 10 -9207
550 18 16394
550 30 -18352
550 90 -11151
550 128 2225
550 148 -13613
550 153 -15178
550 156 12135
550 165 10109
550 167 -7263
550 199 -3294
550 224 17835
550 316 -7776
550 368 -18435
550 418 -7717
550 434 278
550 475 8436
550 477 -7821
550 484 -11721
550 498 -5915
550 505 11593
550 526 -15334
550 533 11251
550 540 -1580
550 550 10975
550 559 -8985
550 561 -2336
550 562 -9601
550 577 6792
550 582 12028
550 596 -7023
550 639 -5626
550 658 17810
550 688 -1377
550 724 -15327
550 745 -11585
550 772 2569
550 786 -15527
550 791 7806
550 799 6015
550 800 7728
550 806 -1202
550 820 -3977
550 835 -16243
550 852 -2797
550 893 -6725
550 921 14907
550 942 94
550 968 -14438
550 969 -2914
550 1007 11684
551 2 4260
551 48 -12861
551 52 -14621
551 73 -7226
551 78 -10807
551 80 -10882
551 91 -16116
551 136 2914
551 143 -17645
551 148 -13444
551 175 -2144
551 197 -9750
551 201 -8294
551 228 -6587
551 243 17704
551 251 4978
551 266 -861
551 282 -5397
551 301 -3713
551 306 8844
551 317 6837
551 322 -16377
551 382 -4395
551 386 17678
551 387 -15829
551 396 3571
551 408 -10750
551 415 5823
551 452 -17763
551 478 -15972
551 481 -9267
551 493 15064
551 504 -13465
551 509 16100
551 542 6618
551 561 9801
551 562 529
551 586 5176
551 589 -527
551 595 -9557
551 598 4153
551 676 5054
551 685 -9302
551 708 -9924
551 718 -11108
551 760 -6979
551 785 10562
551 803 18297
551 807 11846
551 852 9103
551 917 -8942
551 958 17016
551 972 11474
551 989 -17783
551 1010 -18387
552 3 6127
552 17 14114
552 32 -14277
552 33 -12533
552 89 2487
552 93 15906
552 112 10368
552 156 3884
552 206 5732
552 217 -13024
552 218 15821
552 292 3946
552 351 5783
552 366 7489
552 372 -12318
552 387 -5157
552 431 16122
552 442 -6956
552 449 3511
552 455 17162
552 468 2021
552 543 9254
552 591 3805
552 601 16338
552 602 -12812
552 604 -13789
552 605 -7598
552 632 1733
552 671 7504
552 673 6988
552 675 -15160
552 695 -1737
552 706 10193
552 733 -8177
552 735 -2720
552 740 650
552 747 10906
552 768 5557
552 784 -6842
552 792 11475
552 826 -14294
552 835 -3925
552 839 7907
552 847 10357
552 897 -6588
552 938 14722
552 953 770
552 965 14596
552 1002 -2050
552 1008 14241
552 1014 3596
553 16 -3894
553 23 -3797
553 61 15458
553 95 -12401
553 120 10938
553 129 3675
553 153 10906
553 163 -16903
553 205 -1026
553 211 4540
553 218 8726
553 243 9896
553 247 -4577
553 248 -2258
553 254 -10230
553 265 -1363
553 290 -11815
553 303 -6524
553 319 13227
553 337 5826
553 350 -12489
553 383 2486
553 386 -2014
553 394 -14353
553 399 11652
553 401 -6828
553 442 1341
553 475 -11128
553 488 6109
553 520 17588
553 524 -15374
553 539 4677
553 552 -10458
553 589 4175
553 601 5694
553 648 -8171
553 658 1783
553 681 1303
553 703 16541
553 726 -12240
553 787 -2660
553 790 -12962
553 792 -2169
553 823 8587
553 839 -16669
553 842 -7952
553 850 15511
553 862 -784
553 875 15107
553 891 11950
553 894 476
553 898 -8527
553 914 13523
553 925 3102
553 958 1812
553 964 6159
553 985 8488
553 987 3614
553 1003 -14479
554 0 -6493
554 16 -3010
554 44 7819
554 109 7068
554 133 16243
554 167 8356
554 169 -4963
554 193 -13482
554 206 6262
554 217 15204
554 225 -4010
554 231 -4038
554 232 -4665
554 246 -8729
554 248 16731
554 262 -14385
554 269 -9731
554 289 10875
554 299 -3713
554 346 -2649
554 358 13869
554 365 2720
554 455 15547
554 460 -4471
554 475 -556
554 480 -4759
554 487 -7726
554 529 13985
554 545 -12384
554 559 12025
554 621 16738
554 627 -6203
554 629 1267
554 639 -1405
554 650 16090
554 653 -12427
554 657 8476
554 673 -13404
554 688 6240
554 709 14824
554 719 12350
554 734 5085
554 754 4036
554 768 -7644
554 770 -3897
554 782 -11806
554 791 4395
554 807 14969
554 820 12861
554 821 18093
554 835 18581
554 841 10627
554 866 -2649
554 874 -17903
554 884 1920
554 886 -13607
554 899 -9913
554 903 9830
554 910 -12096
554 953 12694
554 972 -13865
554 979 -14861
555 34 -4986
555 35 10129
555 40 17505
555 58 -12157
555 81 13196
555 88 -11257
555 142 2227
555 178 13599
555 190 1177
555 219 -6693
555 244 13249
555 271 -18312
555 297 -940
555 316 -9043
555 345 1244
555 369 -16390
555 375 10463
555 399 -10500
555 404 -16087
555 429 -9481
555 432 -14993
555 500 16698
555 508 11924
555 525 7158
555 532 16502
555 536 8889
555 577 -16109
555 580 -12598
555 587 -18337
555 592 15218
555 631 4033
555 648 -6497
555 658 -9240
555 691 6274
555 717 -8872
555 732 -12663
555 734 -2394
555 762 15480
555 768 10847
555 788 6867
555 796 -14083
555 797 1250
555 809 15873
555 820 -6207
555 843 2865
555 862 -1527
555 878 -207
555 885 -2975
555 890 -5638
555 892 -2750
555 918 4994
555 944 9907
555 948 10110
555 963 -11270
555 993 15077
555 1019 -1052
556 9 9907
556 68 7149
556 79 -5830
556 83 -3166
556 97 -9229
556 121 -5710
556 136 5226
556 160 -9392
556 187 3202
556 194 -901
556 201 -10166
556 215 8765
556 230 11657
556 234 -11503
556 236 -2229
556 240 -3179
556 259 7576
556 261 -6768
556 270 -1888
556 281 -13522
556 293 -7547
556 313 18053
556 358 -14008
556 362 -3008
556 370 9259
556 401 -18452
556 443 -16750
556 453 2837
556 460 313
556 467 -2112
556 480 -7439
556 486 -5892
556 500 -3342
556 508 -7462
556 511 -16701
556 551 -3474
556 557 5382
556 564 4912
556 627 -17617
556 639 -2227
556 658 -1808
556 664 -5963
556 674 7399
556 727 8246
556 743 13990
556 771 -18398
556 777 -8478
556 785 -15384
556 798 -18607
556 844 9268
556 869 -15219
556 872 3975
556 882 -7909
556 888 6418
556 889 -3947
556 892 2932
556 919 4287
556 1008 -6847
557 19 18074
557 32 11023
557 42 591
557 52 -5300
557 86 -3099
557 109 -1638
557 119 2955
557 128 3464
557 135 -15230
557 180 17727
557 211 -3668
557 225 18674
557 229 -14476
557 254 13549
557 274 -4867
557 281 12175
557 297 10300
557 298 5514
557 304 3851
557 307 1569
557 358 -3911
557 395 439
557 458 6158
557 460 4336
557 492 4569
557 501 -683
557 520 1809
557 600 -1041
557 612 -7343
557 681 9148
557 709 -2053
557 719 17282
557 724 -7541
557 813 -6761
557 822 -3295
557 875 -3824
557 916 1839
557 951 1833
557 961 12828
557 980 -11303
557 989 15352
557 997 16853
557 1008 -14637
558 7 -7134
558 42 3445
558 51 -394
558 105 7361
558 111 8409
558 116 -16159
558 129 -2979
558 160 11336
558 180 -3062
558 187 -6723
558 197 18622
558 239 17293
558 252 -2180
558 260 16080
558 270 -4026
558 281 -720
558 317 11139
558 337 13348
558 374 18000
558 410 13699
558 416 4147
558 422 5091
558 446 7340
558 474 -13552
558 492 12618
558 526 7203
558 537 -1371
558 598 7440
558 607 2589
558 613 -11200
558 649 -17852
558 651 3806
558 715 -16084
558 751 -8845
558 763 10345
558 769 -11618
558 846 20
558 876 10105
558 877 7879
558 901 -8226
558 910 -2083
558 925 5799
558 926 -4724
558 938 10546
558 954 -2020
558 965 9416
558 1009 1986
559 8 -9763
559 14 -2462
559 19 -17053
559 41 -11746
559 65 14148
559 134 10196
559 208 -9953
559 214 -5868
559 227 -13329
559 267 1593
559 269 -5856
559 290 -18036
559 315 -433
559 322 7463
559 335 10280
559 355 -17460
559 366 -13023
559 453 -8452
559 456 -7976
559 466 -2509
559 492 -9087
559 515 -13807
559 567 -16093
559 625 1227
559 640 3768
559 669 4393
559 702 2712
559 704 -801
559 720 -17228
559 722 -17959
559 728 11380
559 729 15773
559 787 16782
559 790 -3623
559 795 10155
559 801 -4357
559 816 16605
559 828 5332
559 831 32
559 839 13149
559 841 14535
559 849 16224
559 902 -10523
559 921 -16472
559 945 8579
559 992 8566
559 1013 -10674
560 75 1706
560 76 17737
560 83 -18435
560 133 -8717
560 143 4869
560 201 4466
560 223 -1252
560 233 -11292
560 286 7362
560 318 -18717
560 354 -3394
560 355 -3683
560 377 -12607
560 405 14807
560 444 -13706
560 450 -18520
560 482 11140
560 502 9855
560 507 -5614
560 534 -10431
560 540 4653
560 542 5188
560 564 -18473
560 603 11234
560 638 -4454
560 642 -10025
560 662 18436
560 664 4638
560 673 8776
560 681 -9644
560 685 -4780
560 790 8311
560 820 -2811
560 835 7296
560 843 17385
560 864 -11069
560 886 -6844
560 911 -6936
560 922 -1749
560 926 -1750
560 949 13022
560 967 9847
560 991 16746
560 993 -3850
560 997 17014
560 1007 2718
561 22 -10940
561 46 13192
561 90 13943
561 98 -1716
561 133 13012
561 171 11353
561 175 9063
561 182 11994
561 199 10913
561 201 -9541
561 231 -4232
561 252 12661
561 256 14185
561 265 2623
561 285 17159
561 310 -8242
561 333 -10906
561 348 -13535
561 399 11013
561 414 -8952
561 428 7822
561 440 16156
561 473 -16107
561 482 7270
561 486 -1034
561 520 -13094
561 539 17002
561 548 -2549
561 573 -6220
561 579 -6401
561 598 -2617
561 601 17703
561 606 -2334
561 633 -10050
561 644 -6339
561 658 4454
561 679 5770
561 694 5240
561 697 5800
561 724 11020
561 762 16736
561 766 10314
561 799 64
561 812 14886
561 833 11932
561 835 -12543
561 860 16670
561 906 7397
561 949 1651
561 965 -1928
561 1010 4718
562 7 6588
562 12 -6375
562 38 -7521
562 40 -12645
562 57 4536
562 64 3126
562 79 5483
562 96 2055
562 101 2730
562 116 3291
562 119 17396
562 128 1836
562 143 -2377
562 151 12655
562 179 -14068
562 203 -5523
562 230 10768
562 292 -1942
562 294 14781
562 312 16079
562 366 -14500
562 367 11007
562 387 -1250
562 409 -9616
562 460 11073
562 468 13256
562 531 -13655
562 585 -11045
562 587 11924
562 646 6262
562 667 -2326
562 681 -16803
562 722 -17406
562 738 -13849
562 747 2712
562 784 -5294
562 793 3768
562 800 9003
562 845 8181
562 855 -12095
562 862 11835
562 877 17554
562 878 -2057
562 921 -8091
562 924 290
562 976 -11571
562 1015 -15379
563 4 17276
563 27 -14625
563 62 -13746
563 63 -4835
563 89 -253
563 98 -6068
563 110 10143
563 116 -183
563 129 -15063
563 130 -8912
563 144 3401
563 145 -16799
563 146 -9070
563 218 118
563 224 1337
563 272 -4491
563 319 3791
563 320 -13949
563 370 -3757
563 386 -17339
563 412 -13658
563 455 12418
563 458 13250
563 474 -3853
563 499 160
563 517 15618
563 545 15576
563 596 9276
563 602 1642
563 605 -933
563 617 -1935
563 619 8733
563 644 -11799
563 667 -3456
563 723 -15694
563 739 -2420
563 772 -109
563 782 -550
563 802 18332
563 819 -6107
563 829 -3640
563 920 2877
563 926 2432
563 930 9423
563 931 4701
563 944 13191
563 954 16590
563 976 3369
563 990 14394
563 1001 7608
563 1013 -2590
564 18 4623
564 20 -12148
564 34 -1789
564 36 18695
564 47 -15606
564 50 13515
564 60 -4000
564 87 1976
564 91 -8612
564 115 -6416
564 191 -499
564 238 15502
564 261 11500
564 285 -5997
564 287 2573
564 300 6375
564 301 11944
564 362 -15510
564 394 -11936
564 401 4267
564 419 18754
564 423 -12266
564 428 -1872
564 460 -11412
564 466 -2347
564 484 15206
564 519 5516
564 532 -1041
564 542 9933
564 581 -18224
564 589 716
564 608 8078
564 617 11159
564 620 750
564 653 2422
564 667 -9959
564 679 6310
564 689 16219
564 691 83
564 717 8725
564 727 540
564 755 -1690
564 757 -15157
564 760 -1778
564 771 -4730
564 793 -5104
564 817 12294
564 873 7546
564 906 -12439
564 951 -1287
564 962 8447
564 994 11610
565 30 -5009
565 33 -4717
565 80 16677
565 82 -10635
565 102 9220
565 168 12341
565 177 -4276
565 179 2997
565 183 -12546
565 188 6657
565 212 -10244
565 214 11033
565 239 13300
565 248 6948
565 251 12726
565 291 17081
565 351 -11292
565 363 2513
565 398 -5549
565 413 -6733
565 441 8633
565 442 2349
565 445 -13282
565 516 2299
565 531 -8009
565 579 -2263
565 626 7140
565 632 -16115
565 651 -12537
565 661 1454
565 665 -1209
565 756 17806
565 757 16611
565 800 17693
565 813 -16693
565 816 -13187
565 889 -9356
565 905 -17745
565 908 -10541
565 937 13378
565 939 -9182
565 943 11015
565 982 2991
565 989 -7810
565 1001 8164
565 1015 -15885
566 17 8636
566 35 -16368
566 61 -4892
566 66 -6488
566 95 -18777
566 163 -3453
566 189 2
566 200 -4053
566 265 5448
566 277 -4831
566 312 -17494
566 329 17422
566 333 -208
566 352 12699
566 353 8753
566 376 -261
566 383 12472
566 429 -8649
566 435 -8314
566 471 -5374
566 516 2355
566 529 -8102
566 532 -11340
566 544 4649
566 551 -1189
566 575 -1453
566 621 1720
566 628 4951
566 629 6531
566 650 -10401
566 651 4150
566 681 -2327
566 695 11931
566 748 -14516
566 757 11618
566 783 -4583
566 797 8203
566 820 10583
566 821 4179
566 847 -1065
566 865 -10915
566 866 4298
566 892 2350
566 946 -3031
566 971 -14657
566 972 5730
566 975 1955
566 981 -113
566 999 15233
566 1003 1350
566 1014 17201
566 1016 -17066
566 1023 7134
567 18 16857
567 30 3682
567 55 -13004
567 72 -17087
567 146 -47
567 175 4563
567 202 -4817
567 238 -6352
567 254 -601
567 258 -7388
567 274 6169
567 278 -1442
567 281 -12548
567 285 6850
567 298 18019
567 305 14569
567 307 -13061
567 318 13320
567 319 1729
567 326 -15626
567 339 10303
567 369 -4091
567 370 -18739
567 383 -4719
567 393 16823
567 406 2771
567 428 289
567 463 -13457
567 477 -6698
567 491 -12041
567 499 2909
567 533 12200
567 562 -10108
567 570 -6782
567 584 -12081
567 600 -1119
567 607 18628
567 629 7238
567 631 -15956
567 663 -4600
567 683 4481
567 689 14596
567 801 18357
567 808 -2423
567 875 -12250
567 896 -7607
567 949 3442
567 955 17287
567 978 15821
567 998 8294
567 1006 -17611
567 1008 -1876
568 21 11372
568 39 18512
568 64 15260
568 71 8201
568 84 -139
568 93 -11879
568 112 5170
568 113 -9810
568 126 4270
568 177 11095
568 211 9290
568 218 -12073
568 237 9059
568 242 127
568 255 -14677
568 271 -8422
568 282 -7498
568 290 -11768
568 291 4892
568 302 -16597
568 308 1589
568 316 16996
568 333 13569
568 397 16935
568 400 15047
568 415 1963
568 446 -11854
568 471 8286
568 481 -10590
568 483 4093
568 487 -13202
568 491 -10075
568 499 -4415
568 547 2018
568 570 10769
568 607 15396
568 625 -1730
568 626 -6506
568 630 16340
568 700 15246
568 719 14311
568 738 5447
568 746 3849
568 752 11147
568 756 -14792
568 766 -5123
568 777 424
568 787 17658
568 798 -9194
568 804 -17982
568 811 8229
568 832 -1167
568 841 8757
568 969 2761
569 5 7307
569 17 -8896
569 22 -12350
569 43 6759
569 99 -3516
569 116 9954
569 126 -18776
569 150 -2562
569 161 8627
569 176 4646
569 212 7392
569 260 14943
569 304 15840
569 311 12741
569 339 -3090
569 344 -2938
569 358 9976
569 369 17294
569 432 2683
569 433 17421
569 486 -18496
569 501 7381
569 506 9731
569 514 -5068
569 516 6373
569 521 4454
569 526 -17850
569 534 -6883
569 543 2694
569 584 12764
569 639 8431
569 722 -13362
569 791 -10166
569 853 9641
569 870 -12623
569 932 892
569 933 12968
569 938 -9116
569 948 -13895
569 993 -10437
569 1022 -15784
570 9 -10433
570 18 -2904
570 27 14480
570 36 -15818
570 83 16851
570 93 -6985
570 137 15100
570 145 6608
570 147 -12075
570 151 10200
570 159 -18748
570 231 12215
570 247 5667
570 272 5726
570 346 13064
570 347 6674
570 352 7116
570 371 -9118
570 409 3841
570 424 17650
570 470 -3279
570 471 12410
570 479 -1996
570 487 213
570 539 10032
570 544 18356
570 555 -13210
570 570 9799
570 604 -17991
570 608 -3965
570 622 -10778
570 628 9059
570 633 14949
570 634 12845
570 726 6868
570 738 -17932
570 800 16024
570 841 -17707
570 862 -15732
570 881 -16939
570 923 12499
570 936 9312
570 987 729
570 991 3561
570 1020 -2383
570 1022 -18561
571 55 -2761
571 68 -3696
571 84 9468
571 87 10551
571 98 11585
571 111 -16094
571 134 -4891
571 180 -6385
571 183 -2309
571 188 1730
571 202 4874
571 206 -2874
571 212 -15219
571 226 5497
571 254 -12819
571 255 -1762
571 295 -13074
571 339 7768
571 362 -14692
571 368 -18068
571 398 -10056
571 410 1473
571 417 -4898
571 430 -8608
571 456 -3133
571 487 -17059
571 516 -10212
571 517 17274
571 529 9193
571 534 10834
571 546 6910
571 551 -925
571 562 -8374
571 574 -10541
571 601 -3870
571 651 8261
571 681 -8799
571 713 6898
571 714 -17243
571 715 -7338
571 719 -14833
571 738 13201
571 749 -17168
571 774 5539
571 835 1281
571 868 17450
571 887 -10939
571 890 -17774
571 942 10050
571 973 7050
571 974 14725
571 1008 -1080
572 13 1552
572 41 -2427
572 65 16124
572 66 17644
572 72 -4447
572 78 -4803
572 98 -8536
572 111 14058
572 112 2470
572 127 -18043
572 196 -13201
572 207 11145
572 215 16130
572 217 -4138
572 266 14253
572 292 -9528
572 341 -60
572 351 4384
572 371 -2344
572 372 12126
572 391 3711
572 404 -252
572 423 -1880
572 428 16836
572 458 -793
572 479 14617
572 481 2401
572 511 -1576
572 543 -16526
572 553 -15368
572 584 -8338
572 613 -15541
572 668 -8993
572 686 13803
572 694 5899
572 730 14798
572 731 13144
572 750 -3558
572 760 -7504
572 831 6152
572 840 4486
572 842 -8632
572 852 -8885
572 856 -17024
572 859 -7941
572 865 251
572 870 18449
572 890 6220
572 952 -14836
572 977 -17414
572 990 10722
572 997 -1809
572 1000 15062
573 0 2950
573 45 17730
573 120 9746
573 129 -16030
573 135 11012
573 156 -14791
573 166 17919
573 180 -1413
573 186 -17498
573 188 -169
573 189 11891
573 203 5722
573 205 9048
573 210 17596
573 238 -5441
573 265 18267
573 272 -17419
573 321 8320
573 337 9848
573 346 13522
573 364 861
573 411 4714
573 434 -15219
573 439 14769
573 441 5490
573 444 6255
573 450 -14387
573 455 -14795
573 470 -14347
573 506 -9149
573 514 9374
573 516 12738
573 527 -8291
573 529 5782
573 546 -7391
573 554 -4888
573 567 15307
573 606 -3888
573 607 14546
573 635 13030
573 664 9803
573 685 -2493
573 691 -479
573 694 12412
573 695 16355
573 724 -2674
573 736 518
573 740 -5111
573 750 -16143
573 789 12828
573 813 -5363
573 873 -10372
573 874 -14826
573 877 -16777
573 926 6479
573 968 5257
573 1011 2334
573 1022 5741
574 14 -8340
574 16 1686
574 39 -5864
574 49 -15535
574 102 -5039
574 110 5895
574 143 -14196
574 200 -5055
574 245 -16271
574 250 -13266
574 261 4642
574 270 -13541
574 278 1520
574 296 -15600
574 328 -4448
574 343 -15000
574 346 -6937
574 351 -8766
574 359 4574
574 384 -8932
574 396 -10956
574 445 -750
574 478 -12424
574 490 2093
574 569 -15477
574 589 -12031
574 642 13158
574 655 15754
574 676 10300
574 688 7757
574 707 -13628
574 718 1119
574 725 -1193
574 750 -15712
574 799 6527
574 871 8422
574 876 -1024
574 900 -5267
574 966 -1111
574 1012 -5578
575 26 -5496
575 36 5659
575 46 -7078
575 66 14840
575 130 16208
575 131 3919
575 180 -4587
575 200 -14172
575 219 9852
575 279 -2423
575 285 -13697
575 286 9091
575 294 13758
575 298 -9371
575 321 15702
575 331 347
575 344 12705
575 391 -2875
575 393 6294
575 459 -13987
575 491 -6781
575 509 5026
575 517 -14247
575 563 11545
575 582 -17585
575 611 -15588
575 641 11223
575 670 17896
575 688 -2819
575 701 1907
575 720 -16187
575 727 17966
575 781 15410
575 785 18562
575 817 14918
575 835 17169
575 852 -6747
575 892 16153
575 900 -13625
575 907 -9746
575 917 15958
575 1000 -10013
576 11 14206
576 31 -15995
576 33 14287
576 42 -12453
576 51 -18209
576 68 18278
576 71 -13347
576 80 -12582
576 91 3003
576 97 -2265
576 119 -386
576 122 1886
576 141 3535
576 167 16874
576 180 -17691
576 187 -13725
576 191 -5091
576 201 3783
576 202 -10790
576 225 17129
576 245 3071
576 253 18098
576 259 18641
576 260 6153
576 277 9377
576 298 -9340
576 342 -7876
576 358 13724
576 410 2296
576 512 -7548
576 562 -18478
576 582 -6830
576 602 -15354
576 608 11305
576 663 6784
576 687 6273
576 693 -9800
576 715 228
576 756 -5126
576 757 15596
576 778 13483
576 788 -7406
576 794 -8044
576 820 -11379
576 826 -594
576 851 -12425
576 888 -8599
576 900 6530
576 957 4452
576 959 -18220
576 962 2181
576 971 16558
576 1005 -14869
576 1006 -16383
576 1023 -7577
577 25 11805
577 30 -5495
577 39 -7163
577 49 -10464
577 103 -9705
577 125 4841
577 129 -17301
577 134 18507
577 161 11274
577 165 -15399
577 193 12454
577 197 -11741
577 253 -1223
577 317 14398
577 401 13200
577 439 10843
577 476 12159
577 488 -8137
577 495 13924
577 508 12549
577 522 15586
577 523 11537
577 556 -2854
577 561 1443
577 568 13058
577 631 15926
577 643 12308
577 676 -6748
577 756 -5746
577 761 11844
577 777 3943
577 787 7412
577 794 -6878
577 863 -11477
577 953 6738
577 984 -9596
577 989 -5004
577 992 10850
577 997 3452
578 3 -2984
578 37 18516
578 51 -10068
578 56 -13458
578 58 -6513
578 126 12973
578 162 6548
578 195 -13550
578 196 14094
578 225 -71
578 239 -12567
578 318 -9402
578 319 12073
578 331 -4587
578 355 4109
578 357 5119
578 376 4048
578 385 -4303
578 411 -9642
578 430 -9331
578 454 12357
578 466 -11817
578 542 -6049
578 545 12693
578 575 4746
578 576 18676
578 597 -7721
578 662 -370
578 672 3516
578 685 -9547
578 692 -2529
578 703 7534
578 707 5498
578 735 -10311
578 743 -8420
578 752 13554
578 762 8169
578 777 -15479
578 821 -5630
578 879 8334
578 885 -16636
578 909 -18442
578 961 -9187
578 999 -7077
578 1006 6461
578 1012 -1516
578 1019 12387
579 0 10334
579 6 -9126
579 10 15780
579 15 -14647
579 42 13990
579 43 1376
579 45 -8302
579 84 11405
579 101 -15775
579 107 -555
579 128 -1444
579 142 14549
579 148 -14879
579 153 -10122
579 154 -4572
579 179 -2799
579 182 11661
579 187 -2054
579 200 6870
579 206 -10216
579 265 5777
579 277 -2567
579 282 10873
579 288 -13752
579 314 12152
579 320 -3277
579 326 -16245
579 330 2580
579 353 14716
579 392 -17579
579 394 916
579 405 -17399
579 411 5081
579 413 -1787
579 460 -665
579 461 -2826
579 475 11273
579 485 -17169
579 504 334
579 531 8291
579 540 -4152
579 566 -4024
579 582 16284
579 587 12087
579 592 14497
579 595 -8175
579 646 -3931
579 650 571
579 661 12341
579 663 -13691
579 686 1369
579 703 -10437
579 713 11094
579 723 -18440
579 725 5024
579 729 12073
579 746 -13560
579 762 7060
579 780 1809
579 792 8893
579 801 18337
579 868 -12377
579 889 6432
579 915 17833
579 952 -4179
579 967 1640
579 1009 3806
580 6 14173
580 44 1941
580 65 -4980
580 67 -9971
580 86 -11965
580 109 3840
580 110 -14520
580 114 10229
580 117 -8264
580 225 5151
580 230 16293
580 236 970
580 253 -14404
580 262 16877
580 265 16689
580 295 -2252
580 316 13594
580 369 18366
580 381 -13039
580 383 -6394
580 431 -11522
580 468 17665
580 477 10936
580 499 -10111
580 503 3031
580 536 11330
580 537 4562
580 548 -10384
580 552 -8483
580 585 -4718
580 592 18391
580 616 10329
580 633 -15006
580 639 -8658
580 648 13115
580 653 18620
580 657 16692
580 658 -8786
580 660 -12133
580 723 -2169
580 724 -9543
580 726 893
580 785 -4975
580 857 18002
580 885 -10168
580 943 -14003
580 944 -16155
580 972 9574
581 30 -5263
581 36 16578
581 68 -11181
581 70 -4925
581 232 -3828
581 250 431
581 259 -7390
581 323 -18182
581 330 -119
581 341 9837
581 357 594
581 379 13198
581 383 948
581 389 7270
581 397 14663
581 407 6340
581 415 -3701
581 426 -17920
581 436 13922
581 445 5929
581 447 15978
581 456 10989
581 479 5537
581 480 -4520
581 499 635
581 529 11759
581 540 -8190
581 564 12523
581 583 -11665
581 590 -786
581 591 1322
581 609 -3753
581 621 -5988
581 640 -17420
581 666 11577
581 668 -15201
581 691 -6099
581 710 14776
581 713 9884
581 724 10700
581 738 -2882
581 745 -5872
581 775 5717
581 805 5859
581 807 1566
581 820 1101
581 843 -12400
581 919 17592
581 944 12093
581 974 15202
581 985 1021
582 43 15479
582 67 17247
582 93 8766
582 108 -6833
582 141 9367
582 148 -11982
582 155 10181
582 185 8789
582 187 12769
582 227 -11673
582 253 -6274
582 257 -16154
582 268 -8565
582 269 -13104
582 276 6465
582 285 9941
582 286 -6496
582 351 14306
582 380 6002
582 391 3227
582 396 -4995
582 399 -16278
582 405 -8438
582 409 8609
582 430 13274
582 448 -6954
582 459 8570
582 460 7921
582 466 -12484
582 468 2265
582 504 -1082
582 521 -1298
582 525 15590
582 526 -12946
582 538 13584
582 547 13816
582 549 -9170
582 628 -9339
582 652 -5692
582 673 4865
582 687 -10074
582 694 -974
582 727 -7980
582 752 18782
582 786 -6175
582 811 12909
582 821 -10828
582 835 3673
582 845 -7339
582 906 13234
582 915 -5885
582 917 15013
582 946 -4482
582 967 17108
582 975 9900
583 21 -6414
583 28 4212
583 34 5696
583 36 17038
583 75 1678
583 94 5728
583 105 7068
583 113 14357
583 114 1623
583 115 6158
583 119 -16915
583 120 -7475
583 147 -16617
583 152 -8951
583 154 -18379
583 177 -18413
583 217 -14625
583 231 -9632
583 240 2677
583 255 9500
583 271 -5330
583 272 17913
583 280 -13470
583 301 3681
583 317 8708
583 318 1791
583 325 2364
583 339 -12800
583 372 10144
583 393 -18306
583 402 -825
583 405 -16239
583 454 -18267
583 462 -2124
583 478 -8136
583 487 17219
583 527 11151
583 536 -16832
583 629 -2796
583 642 -17249
583 652 9442
583 668 15641
583 699 -12340
583 714 11032
583 739 -4348
583 759 17699
583 784 11328
583 817 7086
583 826 16596
583 842 -8933
583 925 -5041
583 933 -7803
583 949 -4255
583 965 -9135
583 970 12569
583 980 13360
583 994 13116
583 999 -9773
584 53 -5817
584 86 9658
584 124 4656
584 141 9050
584 168 8311
584 170 69
584 176 -3742
584 178 3092
584 213 16157
584 229 -17227
584 281 768
584 298 -5780
584 309 -1462
584 313 5327
584 314 1336
584 349 -2209
584 360 -10161
584 384 -6895
584 442 -17800
584 445 2626
584 457 -7038
584 473 -5282
584 475 -14789
584 483 -9127
584 505 -16822
584 518 15119
584 558 10375
584 577 -2390
584 595 3967
584 617 8225
584 619 -17700
584 679 -4295
584 682 -9271
584 689 6704
584 695 -2630
584 722 4324
584 745 9025
584 764 15204
584 778 -3818
584 793 -10429
584 832 4245
584 874 2615
584 907 1401
584 908 -8169
584 954 -7442
584 959 6619
584 976 9311
585 6 -16117
585 31 9382
585 41 -2592
585 61 -4817
585 62 -2133
585 103 -5253
585 107 -12716
585 130 14875
585 131 -7869
585 207 -11494
585 212 9956
585 224 -12434
585 230 2496
585 237 -11190
585 247 -14182
585 250 -8112
585 273 -3386
585 279 -14754
585 290 -2070
585 293 -11150
585 295 -16535
585 329 17629
585 335 15289
585 340 -13980
585 380 -6953
585 416 -11355
585 436 -2207
585 438 7895
585 461 14987
585 471 12778
585 480 10401
585 481 -10895
585 482 -10424
585 483 -398
585 491 5888
585 495 17815
585 516 15592
585 549 7989
585 553 -4781
585 557 5677
585 584 11753
585 677 10499
585 712 1926
585 714 -371
585 715 -15920
585 746 -3217
585 765 850
585 769 7729
585 820 5053
585 823 13551
585 845 -4226
585 849 8811
585 852 -14410
585 916 -13853
585 930 16349
585 934 -11668
585 936 -2002
585 973 7026
585 988 -18395
585 1021 -1339
586 6 -6987
586 7 1708
586 10 -18127
586 39 -8910
586 82 13029
586 83 8755
586 93 -1394
586 147 10504
586 159 -1541
586 245 -4651
586 250 -16470
586 264 -7981
586 275 -18267
586 293 5942
586 302 -7654
586 352 -8712
586 357 8587
586 359 14723
586 369 12301
586 393 11873
586 404 226
586 417 -6240
586 428 12775
586 430 -6495
586 448 -6795
586 496 -11582
586 525 -3532
586 553 -9095
586 554 -4264
586 575 -6539
586 614 -3253
586 624 -12655
586 625 4478
586 655 16842
586 671 18304
586 688 -377
586 746 824
586 769 -14129
586 806 12674
586 816 5859
586 943 -4874
586 970 11178
586 1012 -9384
586 1016 -18216
586 1019 -9709
587 5 16166
587 10 12974
587 54 7301
587 70 -7315
587 74 13514
587 84 14868
587 100 -17800
587 143 -2098
587 154 4125
587 177 -1080
587 217 -15235
587 241 4197
587 249 -2198
587 257 14226
587 263 -16860
587 264 10363
587 270 -5780
587 282 -13874
587 303 -16368
587 308 -13426
587 324 -7589
587 352 -1592
587 354 -4573
587 384 -7294
587 399 12482
587 410 5604
587 416 -18102
587 425 -11424
587 473 -5326
587 479 -17276
587 507 669
587 517 -2627
587 544 13772
587 555 14893
587 568 18568
587 579 -821
587 596 12900
587 651 17864
587 655 17507
587 674 4512
587 681 -8783
587 683 16517
587 691 15657
587 695 -6551
587 730 8047
587 790 -14178
587 819 -16954
587 847 11452
587 862 16301
587 870 -11161
587 884 13329
587 886 12239
587 970 -8359
587 972 1147
587 978 -12820
587 995 -4049
587 1003 13971
587 1020 8718
588 12 8535
588 47 -12074
588 51 -2003
588 97 -15223
588 100 4953
588 108 -9176
588 111 13286
588 119 -2866
588 160 -3389
588 291 -9082
588 308 -8908
588 315 -8905
588 321 -2563
588 332 17483
588 340 7434
588 341 9343
588 395 9954
588 419 4190
588 421 8857
588 437 -14961
588 442 -17138
588 459 -8832
588 466 -1375
588 467 1849
588 488 17452
588 503 18457
588 512 17684
588 523 -3938
588 531 10959
588 561 7097
588 608 6179
588 619 -10411
588 629 14039
588 638 -9702
588 737 10380
588 747 -15751
588 756 -189
588 760 8056
588 781 13873
588 827 8120
588 866 -3705
588 897 8803
588 909 5342
588 913 -6820
588 933 11835
588 936 7992
588 939 -15012
588 957 -9364
588 968 -5115
588 991 -14013
589 11 15785
589 18 -7482
589 38 -8944
589 55 -9675
589 78 -6053
589 117 -15028
589 123 -12628
589 158 -13885
589 161 -15044
589 166 16626
589 237 -16414
589 245 2580
589 265 -6398
589 285 -18665
589 288 1166
589 294 7740
589 301 -8091
589 310 18440
589 317 -7856
589 352 -16433
589 383 -18154
589 393 -6381
589 398 -9232
589 410 -131
589 430 11276
589 470 12820
589 473 8888
589 494 -17167
589 496 -11955
589 498 -17714
589 531 -2396
589 534 709
589 545 966
589 562 -15759
589 568 -7042
589 595 13111
589 604 1476
589 605 5690
589 640 7703
589 664 13629
589 680 -12172
589 758 -1211
589 760 5170
589 777 -17638
589 784 1792
589 794 18689
589 905 11048
589 941 -5718
589 952 -18176
589 994 231
589 1011 -80
589 1022 -2707
590 18 -8354
590 25 -3442
590 26 12602
590 46 -5012
590 67 -5433
590 80 13137
590 88 -6258
590 102 -8823
590 104 1435
590 115 11215
590 122 -17768
590 128 -2941
590 148 10665
590 150 -7232
590 174 -10781
590 194 4003
590 200 -8245
590 251 12707
590 258 16643
590 313 2522
590 333 -14001
590 339 -15665
590 345 -1884
590 365 2835
590 385 16359
590 389 -11633
590 390 5892
590 403 10023
590 404 -14903
590 424 2755
590 437 -12156
590 476 16809
590 512 -7370
590 517 -16635
590 536 13613
590 553 -17799
590 571 13306
590 643 255
590 645 -17491
590 659 4038
590 672 -17677
590 685 1647
590 720 15214
590 765 9674
590 777 13533
590 783 -3919
590 817 -3059
590 850 -4025
590 872 -344
590 896 -9904
590 929 7631
590 951 -792
590 998 15770
590 1002 -14242
590 1003 8124
590 1009 -15232
591 32 3264
591 87 11338
591 110 12853
591 111 -14596
591 121 11894
591 129 6076
591 130 14388
591 140 -18178
591 183 -11095
591 206 15197
591 213 -7675
591 216 12348
591 258 -8941
591 268 -13853
591 308 -14719
591 325 -11072
591 327 6727
591 338 7166
591 372 -5143
591 375 15416
591 383 14341
591 420 -5319
591 472 -589
591 475 6911
591 478 12751
591 523 3658
591 550 -297
591 577 1776
591 579 9012
591 636 -4594
591 647 -7174
591 671 5739
591 687 -11241
591 702 9199
591 705 -9954
591 714 11287
591 721 -113
591 739 -10737
591 748 -5166
591 773 3580
591 788 16316
591 814 -9234
591 826 -7411
591 837 8373
591 857 -15402
591 892 -12345
591 915 -96
591 945 17388
591 977 10094
591 982 -7555
591 1004 10676
591 1008 950
591 1010 2478
592 7 -17387
592 30 -11803
592 37 -11782
592 55 -16708
592 67 9239
592 88 -11359
592 116 2597
592 156 6731
592 169 -8046
592 173 14761
592 177 -16492
592 189 10816
592 195 -1579
592 219 -13976
592 247 -5348
592 272 16569
592 291 12891
592 308 13063
592 315 -3752
592 341 -7277
592 349 14534
592 407 10107
592 553 13300
592 571 -15612
592 574 -12703
592 591 -10749
592 630 13155
592 631 8391
592 681 -15166
592 760 11987
592 787 -7657
592 799 -17822
592 839 8891
592 878 -14910
592 926 3303
592 929 8848
592 988 -12364
592 990 -18765
592 1002 6113
592 1008 4310
592 1014 -18709
593 13 -17336
593 14 -11703
593 20 11746
593 77 -9569
593 138 -12876
593 139 -14860
593 171 17464
593 172 -3692
593 173 12054
593 223 -16121
593 224 -5441
593 231 10519
593 237 5378
593 261 -10537
593 275 15853
593 279 -1621
593 291 796
593 309 15422
593 310 3932
593 319 1379
593 358 -9095
593 394 -16279
593 448 -15636
593 472 16252
593 493 -12168
593 519 10739
593 565 18410
593 585 -11211
593 644 6580
593 649 14005
593 661 11817
593 662 6335
593 716 6306
593 722 -12510
593 777 -2362
593 789 3044
593 846 5967
593 853 -13432
593 866 8330
593 874 12404
593 877 -18321
593 958 -865
593 977 5435
593 978 -2042
593 1015 -10279
593 1021 1729
594 18 10912
594 28 4260
594 29 -10860
594 32 16981
594 41 5245
594 90 2931
594 110 5559
594 113 8311
594 116 13714
594 119 -7196
594 170 17228
594 186 9244
594 187 13663
594 199 -8267
594 206 17993
594 237 -17027
594 240 -5436
594 243 16763
594 251 -17255
594 260 13163
594 280 -14194
594 282 -1195
594 284 4748
594 298 1364
594 340 5889
594 372 -13648
594 374 -11807
594 382 18464
594 415 4353
594 444 7141
594 474 12195
594 480 5117
594 521 -35
594 571 -5459
594 662 7191
594 673 -2415
594 705 -5081
594 710 13412
594 761 11847
594 773 13541
594 816 -4227
594 839 -4623
594 880 -17995
594 887 -2486
594 921 -13554
594 925 -13793
594 930 -10294
594 936 -5066
594 953 2939
594 985 -9655
594 996 -1354
594 998 -16805
594 1012 99
595 3 9937
595 14 11729
595 30 -9664
595 64 -7808
595 127 7085
595 164 -18523
595 175 18469
595 228 317
595 276 -3164
595 288 -9042
595 294 -15512
595 312 -7566
595 353 -11184
595 354 -11914
595 362 15313
595 375 65
595 403 -4878
595 412 -11258
595 417 8633
595 423 -3369
595 455 4592
595 457 -7821
595 503 -1343
595 587 7454
595 598 10137
595 622 -13530
595 623 12515
595 636 -14791
595 660 13906
595 673 -8704
595 678 8334
595 718 14893
595 719 7886
595 728 1691
595 730 9166
595 734 -10052
595 745 -17977
595 752 17926
595 759 11724
595 762 -13217
595 788 13161
595 792 -2331
595 804 6373
595 822 3096
595 838 -18381
595 926 17355
595 945 -10051
595 946 -18285
595 964 15993
595 973 10129
595 1003 -7922
595 1005 -17309
596 48 -7532
596 54 17901
596 64 -774
596 72 12673
596 81 9511
596 83 -13246
596 88 -2672
596 95 5785
596 114 -5603
596 143 -10215
596 147 -11959
596 197 6520
596 200 -17375
596 213 127
596 217 -7793
596 222 -6463
596 233 4449
596 248 -5623
596 271 -2242
596 273 -291
596 287 17188
596 298 -3080
596 300 1339
596 302 -2799
596 319 -1943
596 406 -4571
596 418 -2303
596 437 -15221
596 443 8170
596 454 16129
596 480 -15224
596 501 -3655
596 553 -6532
596 569 -14961
596 579 9035
596 621 4866
596 635 -14940
596 645 13681
596 698 4297
596 717 -2746
596 723 -1249
596 779 9200
596 786 -4704
596 791 13116
596 795 13661
596 820 -14814
596 834 958
596 837 8964
596 867 -10779
596 898 9274
596 901 -11559
596 932 167
596 933 -17219
596 960 12925
596 996 441
596 998 -1131
597 19 9291
597 23 3028
597 43 -8249
597 73 -6326
597 89 -7050
597 90 -9450
597 119 -13352
597 140 -8493
597 162 4606
597 163 -10215
597 164 -11685
597 182 -13729
597 188 -4951
597 212 -9848
597 231 3331
597 239 -6287
597 268 -6505
597 292 -8444
597 354 4923
597 365 -809
597 389 -5278
597 427 -15650
597 436 -17281
597 445 15624
597 474 -13174
597 495 -3617
597 515 -5713
597 576 -5888
597 583 6596
597 613 3190
597 614 -12034
597 629 -14237
597 643 -14851
597 648 12614
597 653 9728
597 660 18714
597 662 -69
597 666 -14724
597 680 -12472
597 710 16707
597 747 -13301
597 788 -11295
597 816 15170
597 835 -15575
597 876 6265
597 883 -3847
597 894 4050
597 904 -6742
597 935 -10653
597 936 -5556
597 950 -15858
597 1017 -3221
597 1019 1936
598 11 -17044
598 53 -2589
598 58 6435
598 87 12197
598 88 475
598 97 -6980
598 105 -5714
598 114 8577
598 115 -6102
598 120 15250
598 134 -18492
598 163 678
598 194 3601
598 208 9979
598 228 -4304
598 232 -3713
598 271 6009
598 275 -4985
598 276 955
598 307 -7370
598 345 13832
598 349 7501
598 351 13137
598 363 4482
598 387 -16401
598 391 1176
598 435 -13915
598 442 -825
598 467 -11607
598 585 17525
598 623 -5305
598 637 -1128
598 676 -12398
598 705 -313
598 706 13748
598 708 3579
598 723 -554
598 735 -11239
598 761 -8304
598 772 -4391
598 804 1645
598 811 -17485
598 815 -2177
598 821 18157
598 885 12293
598 886 4588
598 893 -5950
598 894 -2206
598 904 12558
598 922 13499
598 953 -1275
598 961 14670
598 980 12635
598 1018 16436
598 1020 11292
599 4 12665
599 6 1324
599 18 -5668
599 40 -6028
599 54 -11597
599 69 12684
599 82 8840
599 99 -15214
599 123 -16616
599 126 -18624
599 156 -1510
599 167 -2320
599 179 -905
599 208 -6345
599 212 -18441
599 247 16944
599 260 -2680
599 307 -18256
599 313 4389
599 328 13783
599 329 -13777
599 351 -17735
599 357 -246
599 406 6185
599 420 -6941
599 421 -16231
599 423 5936
599 459 -5507
599 463 7885
599 484 4374
599 490 -13658
599 506 -6023
599 547 -11681
599 561 3238
599 578 -7239
599 601 -5882
599 621 1639
599 629 -8513
599 653 15642
599 658 -7069
599 667 -9069
599 697 -14307
599 701 13293
599 783 -9976
599 820 -1104
599 861 10222
599 881 -10543
599 928 4863
599 933 10871
599 936 -3722
599 940 -1683
599 951 12873
599 982 -12797
600 4 11708
600 14 -9041
600 25 13668
600 35 -10600
600 39 -704
600 43 -97
600 51 14669
600 87 4639
600 88 -1181
600 104 5687
600 110 5517
600 116 8063
600 118 4347
600 125 14763
600 139 7772
600 153 14056
600 160 10351
600 185 18737
600 198 -4120
600 222 7707
600 244 -1932
600 269 -7336
600 280 14668
600 284 4084
600 304 733
600 320 15388
600 369 3621
600 398 4409
600 400 15973
600 406 1976
600 408 -14563
600 416 -7042
600 439 9499
600 466 10591
600 505 -14898
600 542 18145
600 543 9378
600 565 -15659
600 580 6917
600 586 -16719
600 589 16734
600 593 -5369
600 597 7195
600 602 4556
600 610 -12628
600 621 1475
600 647 12155
600 694 5252
600 743 -3743
600 750 -5821
600 784 17344
600 791 18532
600 854 -11999
600 898 16640
600 905 17122
600 933 15454
600 937 6707
600 966 11545
600 973 -18172
600 1016 -16016
601 45 -8943
601 78 -15126
601 98 -1876
601 102 3579
601 158 9940
601 169 -7883
601 175 4192
601 222 7447
601 239 -8135
601 258 -16100
601 271 -18757
601 296 9627
601 314 16196
601 317 133
601 326 -18546
601 351 -5787
601 355 -10450
601 364 -7571
601 378 13672
601 397 -8683
601 400 12560
601 414 -5162
601 420 -12811
601 469 13244
601 512 7503
601 515 5474
601 529 -13407
601 530 12601
601 550 7650
601 559 4350
601 576 -16937
601 596 4803
601 602 5750
601 625 3596
601 686 11454
601 711 -9058
601 731 -1266
601 770 8646
601 772 9627
601 802 10234
601 821 16263
601 822 5246
601 842 13851
601 858 -12078
601 875 14450
601 877 16870
601 919 1807
601 920 1311
601 927 -3896
601 938 499
601 943 18221
601 951 -8591
601 958 -9711
601 982 -2839
601 997 4920
601 1001 -5146
601 1008 9149
601 1018 3111
602 23 -6618
602 66 17286
602 76 -8532
602 78 -15499
602 80 -17247
602 97 5607
602 101 12528
602 108 -2049
602 131 -11992
602 132 -11512
602 134 13651
602 176 3268
602 177 5732
602 207 -998
602 211 -7823
602 222 2153
602 234 -1174
602 241 13746
602 260 -12257
602 262 -17340
602 272 13184
602 281 -16714
602 405 8367
602 430 12359
602 446 2651
602 484 14356
602 506 -18371
602 516 1482
602 585 16530
602 637 -7814
602 673 18620
602 693 -5899
602 704 -4485
602 723 17715
602 738 14926
602 760 -3561
602 806 -11210
602 825 -16504
602 850 -9454
602 887 6927
602 898 -17646
602 899 13067
602 916 -470
602 951 9865
602 954 -4511
602 978 -3120
602 986 -18149
602 994 -8800
602 1007 -964
603 23 13578
603 78 1341
603 79 6301
603 88 -1345
603 157 12154
603 174 1953
603 176 7387
603 191 -9387
603 203 -8677
603 234 18093
603 285 -16380
603 314 729
603 347 -18602
603 361 2339
603 376 -5755
603 378 9265
603 400 -2334
603 475 -17041
603 489 17203
603 506 -10228
603 513 -4010
603 519 15272
603 554 512
603 621 3931
603 640 7245
603 667 -15974
603 672 10187
603 686 15321
603 704 -14673
603 711 5427
603 713 -13459
603 742 -9351
603 751 5248
603 760 -2321
603 843 8939
603 844 -10727
603 878 -258
603 903 2777
603 912 -3994
603 917 -10385
603 925 15894
603 964 2985
603 977 18599
603 986 -6877
603 998 8174
604 5 -8360
604 18 8637
604 63 7851
604 70 12386
604 93 4229
604 98 12333
604 219 14444
604 272 12593
604 286 -11857
604 294 -8386
604 306 -1468
604 372 6322
604 387 -8074
604 402 -14929
604 407 7807
604 413 3398
604 426 3953
604 432 -17277
604 445 -15079
604 455 1143
604 461 6649
604 498 -13739
604 559 -5742
604 618 -16131
604 656 -5359
604 702 14304
604 711 -13191
604 732 18564
604 764 -1619
604 777 10751
604 817 8011
604 840 14078
604 880 748
604 914 15413
604 928 -18387
604 963 -3397
604 987 -8128
604 1003 9172
604 1021 -11528
605 78 -14989
605 81 -12989
605 82 17035
605 84 10066
605 114 6569
605 153 -16219
605 174 -16808
605 193 8046
605 207 -16870
605 216 -6806
605 223 18193
605 232 -3638
605 242 -15787
605 251 -11013
605 278 -260
605 283 -65
605 286 -10044
605 303 9841
605 312 5619
605 316 1248
605 383 15778
605 386 -8506
605 398 17355
605 404 -8192
605 409 8493
605 410 15043
605 452 17915
605 469 10644
605 476 -5091
605 505 11861
605 539 -14585
605 566 -1444
605 577 14666
605 600 4317
605 602 6222
605 603 -13368
605 624 11068
605 625 4416
605 663 -7926
605 669 -14355
605 683 2378
605 696 9230
605 706 7001
605 729 8364
605 774 -14590
605 785 -17836
605 837 -6456
605 894 17317
605 947 -13609
605 965 -760
605 968 -18540
605 991 -8109
605 1009 -7826
606 19 8389
606 22 -3099
606 56 161
606 120 15839
606 144 8413
606 149 -4555
606 169 -800
606 176 865
606 196 -7904
606 251 -17099
606 270 11164
606 290 -3957
606 308 11770
606 317 -18659
606 349 6390
606 351 -1378
606 359 8141
606 382 -13944
606 404 16091
606 410 14339
606 416 15364
606 432 18359
606 461 2494
606 466 10067
606 478 15813
606 483 -17476
606 489 2941
606 507 -4385
606 529 16046
606 618 -16398
606 679 3035
606 698 -1482
606 726 -15474
606 771 12409
606 774 -15228
606 791 -11376
606 802 5382
606 808 -15676
606 872 -17471
606 892 -7891
606 929 18763
606 947 15527
606 948 15725
606 969 -7295
606 985 -3611
606 993 -158
607 2 -12028
607 4 5104
607 40 11642
607 45 -15268
607 48 14205
607 99 -16485
607 105 -717
607 145 13508
607 162 9105
607 180 -3099
607 187 9423
607 191 14476
607 211 8526
607 218 11770
607 219 1904
607 242 8217
607 254 7982
607 294 6728
607 311 -5399
607 325 -14465
607 368 5301
607 385 -7468
607 401 1444
607 450 -10841
607 491 -5653
607 503 7507
607 505 -6666
607 520 6468
607 524 -16990
607 533 15648
607 544 -15669
607 604 8801
607 628 5210
607 696 3088
607 697 -14432
607 755 -7799
607 779 14089
607 823 10121
607 824 -4079
607 828 3640
607 850 10435
607 866 -15487
607 894 4737
607 943 -318
607 965 4233
607 971 -12501
607 1000 2479
607 1022 -5810
608 3 16142
608 50 116
608 87 -11638
608 96 -3079
608 98 13563
608 121 14060
608 159 14236
608 171 12068
608 202 7645
608 234 7931
608 247 -13761
608 350 -10031
608 362 -3760
608 369 -15748
608 380 -6068
608 382 18321
608 406 2195
608 410 -9628
608 438 -10570
608 465 -1833
608 526 -1824
608 535 -617
608 551 5209
608 561 7427
608 625 -3592
608 637 16133
608 638 8633
608 645 4301
608 658 -8150
608 667 -12725
608 672 2859
608 704 254
608 706 -14660
608 716 -3516
608 733 -5295
608 749 2877
608 819 3115
608 843 14257
608 847 -8835
608 925 13796
608 934 16116
608 948 15107
608 962 1846
608 981 13516
608 998 15204
608 1000 -8430
608 1004 1094
608 1014 8049
608 1020 7188
608 1023 5845
609 2 -12096
609 43 15558
609 52 -11075
609 63 -15180
609 104 3183
609 134 -14449
609 150 392
609 152 17119
609 163 -7897
609 172 -9235
609 232 11853
609 242 -13181
609 255 -11878
609 264 -7449
609 267 -9381
609 271 -7317
609 279 -4446
609 285 18662
609 292 92
609 308 -14592
609 330 -12767
609 332 -13790
609 357 7654
609 378 13744
609 394 -8674
609 400 -13874
609 426 -1497
609 431 3696
609 465 -4770
609 484 -5099
609 494 -1930
609 555 -689
609 576 4660
609 613 -16635
609 614 14542
609 621 11797
609 658 -13744
609 670 -15167
609 681 17035
609 704 -13149
609 705 14281
609 728 -9105
609 741 -12156
609 785 -12633
609 794 8336
609 799 -17529
609 834 1168
609 860 -13677
609 874 11254
609 892 18498
609 928 3914
609 979 15816
609 982 -12882
609 985 10188
609 995 6254
609 1009 2687
610 19 -6488
610 48 -15940
610 54 7026
610 62 -8134
610 77 191
610 97 12091
610 102 8881
610 113 -8299
610 131 8462
610 171 3072
610 218 -13540
610 227 14673
610 252 16231
610 259 18595
610 260 1450
610 283 7051
610 348 1231
610 367 -4428
610 409 -12935
610 454 -9225
610 482 -16709
610 485 13275
610 495 -14882
610 496 18154
610 499 17086
610 501 1990
610 503 -3350
610 504 14420
610 543 16556
610 546 8035
610 564 -1126
610 579 12049
610 587 -14684
610 618 -6426
610 638 2215
610 640 6343
610 654 -1282
610 705 -18255
610 710 8675
610 737 10946
610 754 -5023
610 759 -3149
610 763 -11177
610 775 -18724
610 776 -4554
610 847 -15326
610 859 9899
610 908 -14103
610 922 782
610 971 -10882
610 973 -7086
610 986 2881
610 993 3876
610 1004 10131
610 1023 12634
611 5 -13979
611 10 -8465
611 35 -16974
611 48 13435
611 55 9551
611 91 -5563
611 107 -5243
611 146 1031
611 164 15237
611 170 -3995
611 171 -5890
611 193 16046
611 194 -3482
611 206 -13231
611 248 7932
611 262 -16472
611 288 11179
611 386 15488
611 401 -13593
611 413 162
611 469 -14629
611 502 -4253
611 507 -7276
611 517 5383
611 524 5070
611 527 1121
611 529 17310
611 550 -3418
611 573 -726
611 605 3344
611 606 5685
611 616 1300
611 654 3391
611 670 -10302
611 689 -10670
611 691 13229
611 749 -5839
611 758 16895
611 759 -6061
611 778 -8042
611 793 -18487
611 796 17457
611 837 -13351
611 847 -12131
611 864 17250
611 874 -8026
611 899 -15238
611 915 16403
611 934 2725
611 965 1278
611 996 -17483
612 2 8755
612 38 12070
612 56 -16191
612 67 1384
612 90 5742
612 109 15865
612 117 -3636
612 126 22
612 140 -8164
612 148 1008
612 152 -17190
612 176 -1999
612 182 13109
612 188 13764
612 262 6378
612 270 -3958
612 276 18637
612 305 10371
612 340 11923
612 413 -7497
612 415 -14546
612 424 -2919
612 440 -8982
612 483 -15283
612 508 11553
612 510 -2710
612 513 11248
612 528 1653
612 616 9130
612 620 -6014
612 644 2501
612 655 2718
612 704 6547
612 716 -7845
612 732 -15846
612 740 18343
612 743 -13337
612 756 -8322
612 759 -8319
612 769 11063
612 779 -12373
612 782 -6361
612 795 12524
612 898 -15568
612 950 861
612 967 -11163
612 978 6881
612 983 -18052
612 1022 16121
613 35 10330
613 95 -16758
613 103 10916
613 142 11471
613 155 3605
613 204 -16761
613 218 14196
613 257 3019
613 301 14760
613 325 2970
613 333 -16479
613 348 14027
613 361 4475
613 375 10407
613 385 3407
613 392 -10245
613 394 7479
613 409 -10877
613 411 3865
613 428 -1748
613 434 3116
613 487 -10708
613 514 9950
613 531 13583
613 556 -4074
613 562 3922
613 571 12832
613 595 3880
613 609 8406
613 625 4502
613 635 10342
613 640 10521
613 658 10692
613 660 -13048
613 674 7905
613 697 -8713
613 740 -18726
613 753 975
613 786 -5767
613 811 -4705
613 828 2942
613 833 2771
613 841 2869
613 848 13085
613 875 15582
613 897 -1658
613 941 -6412
613 995 -18254
613 1016 -9556
614 3 -45
614 13 1468
614 26 934
614 29 9353
614 33 9873
614 69 -12197
614 95 -14505
614 100 -16984
614 112 8473
614 130 -11138
614 137 15826
614 151 2627
614 155 -3642
614 170 14648
614 181 9175
614 187 -7383
614 189 2190
614 219 12195
614 250 -15708
614 276 -5028
614 279 -16967
614 294 -16412
614 298 9520
614 331 -5973
614 349 18451
614 366 -8003
614 370 -2227
614 389 10464
614 396 2704
614 402 -3739
614 422 13978
614 423 -17868
614 428 -1090
614 442 -5863
614 451 6866
614 463 -4060
614 469 -18012
614 519 -12280
614 529 -2393
614 536 6343
614 613 -17416
614 672 18588
614 680 -7860
614 690 8457
614 707 -13397
614 729 -126
614 737 9071
614 748 1161
614 883 -18249
614 947 -5231
614 971 -7127
614 990 6387
614 1001 -18147
614 1022 -3358
615 47 11404
615 50 -16673
615 65 8863
615 90 -12484
615 215 970
615 224 -15236
615 232 1691
615 302 -5787
615 360 429
615 363 -11992
615 471 -2082
615 521 -3989
615 529 -4756
615 555 -7824
615 557 -3648
615 561 17700
615 562 9460
615 563 11632
615 575 -15917
615 651 -7525
615 658 13693
615 694 12635
615 742 6177
615 780 -16774
615 795 -11746
615 860 -2571
615 861 -9592
615 865 6314
615 899 -12668
615 923 -7144
615 930 -16968
615 931 -10880
615 951 3321
615 954 4146
615 1001 -5952
615 1006 -9551
616 5 -2318
616 13 -13790
616 14 -8757
616 33 15866
616 47 -4022
616 57 6609
616 112 17683
616 151 976
616 152 9814
616 178 -10157
616 180 4384
616 182 9904
616 189 10269
616 206 13150
616 209 438
616 212 -6145
616 216 7441
616 284 11528
616 289 -6479
616 309 -10889
616 312 890
616 400 4272
616 421 -7329
616 424 6380
616 446 14545
616 458 17841
616 467 10477
616 482 12100
616 502 5991
616 559 721
616 596 -10279
616 690 -4864
616 719 6166
616 722 -7643
616 731 3699
616 767 4518
616 781 11863
616 796 3244
616 814 8792
616 826 -11981
616 834 -6767
616 852 -18792
616 857 -14813
616 919 -17099
616 1013 -6037
617 2 7047
617 5 -5637
617 27 4973
617 45 10649
617 52 9282
617 53 7475
617 65 -3520
617 74 -18103
617 94 -7612
617 110 16601
617 137 -2460
617 150 -11570
617 165 11738
617 193 14660
617 213 11073
617 214 13849
617 232 2746
617 233 1727
617 243 -11980
617 246 -3072
617 277 -14148
617 291 17855
617 309 7958
617 312 -7920
617 313 6833
617 402 3999
617 544 7789
617 564 -14027
617 572 -15726
617 574 -7470
617 582 -12667
617 595 -5465
617 636 11475
617 655 -15786
617 693 14743
617 781 -14026
617 808 -11630
617 814 2129
617 823 5881
617 833 -16772
617 860 -14477
617 861 3570
617 866 -18545
617 888 12059
617 892 -8346
617 899 3165
617 908 -13240
617 938 3562
617 941 -717
617 942 13857
617 949 7828
617 962 18349
618 13 -10486
618 20 9242
618 43 -89
618 47 -10668
618 69 -16528
618 149 -9337
618 158 2711
618 168 -18530
618 186 8242
618 212 12865
618 215 18611
618 220 -18030
618 227 -4390
618 246 16194
618 271 15904
618 295 3010
618 324 16949
618 340 -9677
618 351 -15813
618 376 -9500
618 392 -874
618 394 -13372
618 412 5337
618 432 939
618 467 197
618 469 5173
618 484 -8050
618 500 16551
618 505 -14260
618 547 -190
618 568 14056
618 575 -2337
618 586 -4008
618 589 14602
618 594 5587
618 600 -4024
618 635 11375
618 654 5286
618 667 13925
618 677 -9078
618 689 -6670
618 690 2839
618 709 -14849
618 723 5263
618 741 3593
618 749 11392
618 789 9660
618 801 11585
618 826 12025
618 827 -386
618 836 13513
618 838 13092
618 844 2181
618 859 11933
618 860 5792
618 861 -12147
618 916 -9069
618 921 -17099
618 952 -5665
618 978 4760
618 980 -9741
618 982 -15783
618 983 9253
618 1002 14882
618 1011 13148
618 1019 15912
619 1 -4387
619 22 -8594
619 61 -11172
619 98 -5034
619 109 13817
619 111 5541
619 159 -14767
619 163 7427
619 197 -7791
619 202 -15313
619 204 12552
619 215 -4640
619 251 -17251
619 254 1494
619 257 10320
619 276 14915
619 288 -12795
619 305 -10722
619 313 17239
619 339 -10104
619 354 12163
619 385 13318
619 392 -3562
619 416 17182
619 427 -1137
619 428 -13071
619 466 2284
619 500 11272
619 519 -365
619 520 -8401
619 534 4697
619 560 -1753
619 574 -2747
619 586 -13266
619 588 4187
619 603 -13299
619 614 -7713
619 621 2300
619 630 -5445
619 698 8231
619 731 8756
619 733 13429
619 771 6880
619 831 7646
619 836 687
619 895 5804
619 898 -17465
619 932 -12596
619 940 -12665
619 945 -5478
619 981 17706
619 990 -3966
619 995 11020
619 1023 3920
620 37 -32
620 58 10164
620 65 3697
620 80 -58
620 82 4482
620 87 162
620 89 -16089
620 102 3931
620 112 -5503
620 130 12224
620 147 3448
620 164 -7091
620 165 -10290
620 188 -8730
620 214 -18612
620 224 -12443
620 276 -3283
620 283 -6423
620 307 10005
620 319 7259
620 332 1930
620 360 -18336
620 389 -13775
620 402 -4188
620 455 -1613
620 460 -6930
620 463 -7741
620 486 -2647
620 498 11477
620 512 14696
620 523 -17354
620 539 16620
620 543 5710
620 552 -5824
620 559 -193
620 621 13922
620 652 -2090
620 681 1391
620 686 6460
620 703 9623
620 733 -62
620 789 8502
620 803 17500
620 814 5971
620 822 -13232
620 852 -16753
620 859 11781
620 860 -533
620 894 11381
620 910 -16851
620 919 15113
620 945 -18789
620 954 1709
621 31 16742
621 48 -17608
621 81 6067
621 123 1871
621 132 -8214
621 150 -9376
621 197 -4066
621 198 12603
621 230 -12477
621 257 15989
621 296 14145
621 319 -2408
621 336 -4855
621 346 1724
621 385 6733
621 411 4744
621 419 -9118
621 424 -6012
621 436 -14796
621 445 18197
621 496 12165
621 510 -10604
621 525 10922
621 531 6397
621 540 -8664
621 573 8331
621 597 -17885
621 599 276
621 622 11751
621 655 12983
621 670 -209
621 688 7641
621 703 9653
621 716 8266
621 745 -11092
621 776 15096
621 802 8200
621 810 -5607
621 838 -12383
621 864 11518
621 865 3837
621 904 6527
621 930 18596
621 932 10453
621 962 17862
621 1001 2952
621 1008 15588
622 9 -10133
622 17 -4956
622 33 -12647
622 76 -15295
622 80 18750
622 90 -4053
622 113 -5077
622 139 -12232
622 146 -13408
622 152 -7500
622 156 -13700
622 163 11571
622 176 4808
622 177 8986
622 202 15810
622 208 4464
622 269 4043
622 286 12073
622 409 -13573
622 421 -13180
622 426 -1460
622 437 15684
622 467 -5118
622 473 14388
622 479 12568
622 503 -17617
622 510 -9329
622 512 -6768
622 528 -18020
622 564 -12533
622 573 -1050
622 576 -12058
622 619 9781
622 623 13289
622 629 -18107
622 646 -10935
622 651 -8056
622 653 -12487
622 668 16513
622 670 5357
622 706 14635
622 711 15141
622 715 8792
622 716 -1777
622 724 5050
622 744 -4102
622 754 2904
622 760 -2847
622 766 -5537
622 782 3239
622 793 -11380
622 816 -13911
622 818 2512
622 833 -4246
622 850 -11327
622 854 5237
622 855 5011
622 875 -10658
622 877 -4407
622 878 -10117
622 905 125
622 922 13964
622 934 17672
622 960 -4912
622 972 -3245
622 974 -8796
622 979 11082
622 983 -4511
622 1017 -11171
623 9 16919
623 11 14777
623 29 18170
623 31 -2837
623 40 11188
623 68 10413
623 78 -8168
623 158 -15076
623 160 3638
623 166 1925
623 198 -4327
623 228 1112
623 248 -6894
623 258 8377
623 269 10466
623 285 12475
623 304 -4728
623 330 11947
623 387 -3097
623 394 -10663
623 395 -909
623 405 -6563
623 414 385
623 445 -3049
623 504 17178
623 507 2873
623 563 1883
623 582 4682
623 586 -4912
623 625 2317
623 631 1663
623 664 12076
623 669 4242
623 676 16846
623 699 -3350
623 731 -8280
623 755 -12105
623 782 18596
623 792 14363
623 832 14645
623 839 18669
623 877 -4334
623 889 -10566
623 894 -11287
623 913 -206
623 921 -11289
623 978 17991
624 7 10681
624 22 2051
624 31 -17991
624 49 -2753
624 84 2768
624 106 -2275
624 126 -17629
624 139 -1839
624 147 16593
624 148 15222
624 153 666
624 198 6168
624 227 15696
624 235 12779
624 243 -11704
624 249 -11800
624 296 9693
624 400 -9420
624 417 6695
624 432 12237
624 452 -12354
624 455 4422
624 462 -14009
624 467 12028
624 480 9079
624 533 -8017
624 554 7737
624 555 -4182
624 558 -747
624 573 11163
624 593 17121
624 597 -4042
624 608 -152
624 611 6494
624 681 -16581
624 683 3203
624 715 11821
624 747 -6109
624 764 8477
624 775 1827
624 791 -2751
624 812 1780
624 856 9536
624 857 12109
624 871 10617
624 882 14373
624 893 -16583
624 909 14758
624 912 -5130
624 948 -16605
624 1004 16506
625 48 -15801
625 49 10887
625 68 -9606
625 109 7023
625 120 8096
625 130 2478
625 143 -2996
625 183 -1656
625 219 -9960
625 230 -10319
625 270 4222
625 279 -5793
625 296 -6286
625 313 10141
625 322 -8244
625 337 8979
625 354 -18253
625 377 2128
625 394 5204
625 406 6102
625 437 -16923
625 498 -9237
625 510 17153
625 524 1190
625 536 -3193
625 545 13516
625 546 -7868
625 555 -5733
625 581 7060
625 597 -15596
625 682 -17163
625 691 -14592
625 700 3103
625 738 782
625 758 -18150
625 769 -5797
625 772 -335
625 774 3506
625 781 10410
625 792 -15191
625 841 -1447
625 919 -10942
625 937 -3324
625 958 15345
625 961 9448
625 966 5176
625 982 -18782
625 1020 -7869
625 1021 -3081
625 1023 -14790
626 1 2064
626 10 -245
626 14 1904
626 38 8090
626 44 -16302
626 58 10898
626 75 -18088
626 77 2988
626 79 1822
626 90 17039
626 101 -9774
626 103 8558
626 117 -5830
626 180 1575
626 218 -1539
626 221 17707
626 234 11334
626 240 -14319
626 268 -8605
626 289 14929
626 415 7152
626 417 -12170
626 436 1156
626 442 5206
626 446 8086
626 494 -13783
626 499 18390
626 523 -12101
626 553 10688
626 588 17177
626 639 3426
626 644 17163
626 668 -2272
626 683 -10275
626 690 4517
626 713 -11899
626 725 -14517
626 750 -2746
626 766 1971
626 767 17951
626 790 18098
626 800 -3162
626 835 -15161
626 842 15720
626 853 -18572
626 869 -12919
626 877 -13282
626 976 13758
626 981 12710
626 1014 -2396
626 1018 14429
627 25 11528
627 55 18754
627 58 -3877
627 65 16822
627 76 -9400
627 83 9126
627 100 -11514
627 110 12648
627 114 -6736
627 123 -260
627 170 -14440
627 172 -3202
627 193 -5546
627 229 3060
627 242 -1632
627 276 -7491
627 343 -7826
627 368 -12877
627 495 -9954
627 510 -15884
627 516 -1053
627 521 -1760
627 528 6725
627 546 13888
627 552 6821
627 558 -14479
627 559 -9436
627 565 5278
627 585 18472
627 652 -5832
627 672 -2547
627 682 -5266
627 707 18103
627 708 7116
627 796 325
627 798 10679
627 800 12059
627 805 -17977
627 833 -14441
627 882 -13220
627 900 -7871
627 908 11273
627 917 1850
627 958 -5587
627 961 -18169
627 967 13940
627 982 -914
627 997 -8234
627 1008 -15686
627 1013 11311
628 27 -9888
628 31 12879
628 49 -18231
628 57 -7285
628 83 -391
628 104 -3842
628 162 2940
628 176 8993
628 196 52
628 206 -7101
628 248 -6104
628 295 16577
628 302 -7635
628 362 -10310
628 383 -17154
628 386 -1029
628 389 17199
628 391 17798
628 409 -7642
628 487 4461
628 488 16312
628 494 6998
628 521 -13915
628 526 -1030
628 568 11808
628 650 -16741
628 684 -1710
628 696 18238
628 706 -17230
628 713 5687
628 718 -11081
628 722 15186
628 727 -10042
628 745 -4818
628 747 -15168
628 766 8936
628 770 12970
628 799 -3837
628 806 -6175
628 816 -7593
628 817 -10110
628 821 -13033
628 833 -17139
628 835 -15299
628 841 10007
628 849 11405
628 854 2382
628 878 -16009
628 885 8993
628 904 6869
628 909 1278
628 912 3776
628 927 -12008
628 947 -5463
628 966 -5052
628 967 5922
628 988 18381
628 989 -7705
628 1017 11012
629 6 3287
629 11 5725
629 14 -6380
629 62 18417
629 93 17884
629 116 10491
629 181 5372
629 212 1052
629 222 -8801
629 267 -16922
629 319 367
629 329 -592
629 358 -10206
629 382 -17317
629 385 9711
629 397 9056
629 436 -12667
629 443 -8569
629 464 2095
629 465 -16139
629 504 9674
629 509 -12795
629 519 2214
629 532 -7796
629 537 -114
629 554 -18709
629 558 -18541
629 595 4638
629 632 -8037
629 653 11278
629 659 -1964
629 660 -11409
629 669 5592
629 685 -3020
629 693 92
629 708 -18421
629 753 5401
629 762 13478
629 813 -9351
629 859 15992
629 870 10044
629 882 -1852
629 918 16240
629 934 -8727
629 980 -198
629 1001 13220
630 7 2400
630 28 -8688
630 54 13808
630 77 -11657
630 83 -18614
630 103 1724
630 116 -13034
630 132 10957
630 149 4403
630 151 -644
630 156 14350
630 164 17098
630 201 1826
630 235 8142
630 251 5194
630 254 4343
630 269 -3367
630 281 17567
630 317 -13840
630 329 -9111
630 335 14188
630 337 4069
630 368 4560
630 369 14673
630 389 11795
630 416 15569
630 424 578
630 445 4495
630 475 -3479
630 478 17698
630 481 14534
630 497 -232
630 521 2426
630 529 -14023
630 544 14570
630 549 12075
630 563 -12641
630 660 11519
630 670 17511
630 673 7491
630 689 -17307
630 702 -314
630 766 11851
630 775 7833
630 786 -1880
630 788 17648
630 811 -774
630 861 -4686
630 872 -6030
630 897 14626
630 1002 -13240
630 1016 6809
631 51 8518
631 53 10920
631 71 3124
631 73 12675
631 85 15140
631 105 -9136
631 140 -9415
631 188 12164
631 203 -6086
631 227 8815
631 228 9896
631 235 5554
631 252 18523
631 276 3591
631 282 -8240
631 288 1446
631 305 5698
631 318 -4736
631 341 11355
631 342 -16870
631 378 4880
631 410 -3847
631 428 -14692
631 485 -18627
631 521 4376
631 532 5086
631 554 2092
631 569 636
631 579 1113
631 602 7229
631 636 -1466
631 643 -3318
631 668 17908
631 670 13456
631 694 6980
631 702 -13994
631 715 -15477
631 739 -4222
631 745 7441
631 768 15967
631 772 -17350
631 793 9302
631 794 1053
631 807 8504
631 809 6614
631 812 11928
631 827 7433
631 841 -2067
631 883 -10290
631 928 11963
631 943 12508
631 971 15537
631 987 7509
632 70 -2072
632 85 9844
632 103 -7388
632 104 13305
632 108 17745
632 118 15974
632 137 17368
632 172 -13344
632 173 -8698
632 194 15674
632 204 12997
632 207 9491
632 234 -17957
632 256 -13128
632 263 -7969
632 269 -2335
632 274 17511
632 302 9509
632 309 17990
632 325 -11573
632 334 9423
632 336 7143
632 362 -7314
632 391 16664
632 411 1182
632 426 3870
632 442 -17892
632 455 17840
632 460 11035
632 479 -9016
632 480 -17043
632 507 18578
632 538 -17392
632 552 -1463
632 553 -5520
632 568 1483
632 592 5445
632 608 -14383
632 609 67
632 630 6210
632 631 -17612
632 652 16639
632 663 -6516
632 676 -18053
632 679 -1508
632 704 16886
632 713 900
632 738 12528
632 746 997
632 751 -8298
632 760 -4709
632 768 7135
632 806 7031
632 820 -12595
632 822 11180
632 857 16584
632 875 10310
632 881 5703
632 914 14369
632 966 15113
632 1018 9665
633 3 -735
633 97 -8814
633 101 -15613
633 157 -1554
633 159 -4619
633 162 -5350
633 179 -15477
633 195 -15015
633 204 -6177
633 225 2809
633 273 3287
633 291 16870
633 298 5550
633 299 -2946
633 302 -6443
633 322 10522
633 330 15329
633 387 -16003
633 390 -2919
633 391 12076
633 421 -15564
633 425 17874
633 452 17150
633 455 1466
633 460 -13151
633 473 12271
633 483 -673
633 492 15135
633 567 -10613
633 609 -17407
633 634 2946
633 639 12616
633 695 -2727
633 760 -10309
633 764 -15160
633 766 4543
633 801 -3615
633 803 -11101
633 804 -16610
633 809 17333
633 854 6352
633 871 -2506
633 915 3055
633 953 6109
633 954 17068
633 1019 10298
634 8 1964
634 27 5305
634 62 -12719
634 63 13864
634 91 -180
634 105 14681
634 143 -6985
634 272 905
634 283 16477
634 288 -5620
634 299 -14503
634 325 18503
634 339 -6815
634 367 -14148
634 380 -14468
634 393 -11742
634 396 -3864
634 405 8672
634 440 -11662
634 458 471
634 475 514
634 479 -12108
634 489 3198
634 502 -61
634 518 7230
634 545 4813
634 567 -7617
634 607 9006
634 641 -15588
634 694 11892
634 717 -4647
634 750 15796
634 798 -4427
634 808 2366
634 850 -11955
634 866 -5212
634 867 17187
634 870 -16503
634 926 14858
634 941 9959
634 951 15868
634 981 -18772
635 17 -11144
635 23 500
635 40 1093
635 42 4815
635 74 2534
635 95 -9583
635 102 7269
635 140 12736
635 154 -18072
635 170 -7732
635 187 2499
635 188 6439
635 204 17813
635 205 -13007
635 210 15989
635 231 -1861
635 241 14972
635 269 -4709
635 300 -18393
635 328 1840
635 333 -10256
635 384 5446
635 408 14232
635 433 4335
635 457 12238
635 487 18072
635 496 17218
635 502 -14767
635 532 11755
635 567 8179
635 590 -17062
635 631 -10342
635 667 470
635 684 -13983
635 759 -14046
635 779 -5554
635 780 5373
635 781 2804
635 806 579
635 847 -4293
635 869 6520
635 871 6532
635 886 -5901
635 891 16569
635 895 -4781
635 934 -11953
635 945 -8471
635 948 -16023
635 958 5266
635 969 11744
635 983 17290
636 11 -9478
636 48 13770
636 58 11173
636 68 18400
636 92 -7190
636 98 -16366
636 115 -6998
636 118 13211
636 132 17272
636 133 -13647
636 140 -7451
636 146 11855
636 160 -12884
636 171 -16235
636 269 5120
636 270 18183
636 305 11903
636 346 -13820
636 361 14647
636 369 -3601
636 376 -14641
636 388 -15345
636 424 -12815
636 430 4185
636 450 11263
636 505 -9948
636 509 -1370
636 516 -5159
636 526 -15396
636 551 14151
636 570 9284
636 583 -10612
636 594 2048
636 612 10037
636 622 -3220
636 625 -16470
636 637 -1050
636 658 -6120
636 667 1281
636 683 10511
636 687 -1832
636 728 16405
636 737 -13321
636 764 10191
636 787 3470
636 803 -7160
636 836 -938
636 840 5641
636 849 -4942
636 853 7995
636 854 4318
636 871 11381
636 881 1590
636 928 11171
637 20 9633
637 28 5229
637 56 515
637 62 15927
637 71 9634
637 92 -9500
637 96 1161
637 118 17993
637 126 -14617
637 176 8632
637 183 15953
637 191 13838
637 197 982
637 202 -10828
637 215 -16700
637 216 -11138
637 230 18171
637 241 13851
637 244 -624
637 273 13128
637 280 8348
637 297 8235
637 300 4678
637 301 -1561
637 319 -18512
637 349 9499
637 359 668
637 436 17570
637 440 -6105
637 444 -7403
637 459 -14890
637 478 10667
637 481 3251
637 511 -9717
637 560 1797
637 591 -12854
637 608 -12710
637 628 14922
637 655 13369
637 675 -8954
637 715 2561
637 765 -7064
637 837 -13025
637 849 -14685
637 855 8597
637 882 6398
637 883 -11307
637 900 8837
637 915 -2649
637 935 -12473
637 958 15433
637 968 -14960
637 1004 15299
637 1018 2108
637 1023 8747
638 8 -1873
638 33 -4945
638 44 -11532
638 52 -1263
638 75 -6070
638 80 -15134
638 115 -14934
638 144 10087
638 166 -1571
638 189 14179
638 196 -12594
638 213 -1658
638 226 8930
638 309 -15807
638 351 -6411
638 352 12961
638 403 6320
638 407 -18790
638 412 -5184
638 423 765
638 457 13933
638 459 1674
638 469 -16417
638 532 7374
638 567 -9793
638 568 3354
638 579 -14424
638 592 -17877
638 654 -16079
638 672 17984
638 685 9952
638 696 14762
638 707 -6431
638 760 4355
638 762 10173
638 807 5596
638 853 5767
638 870 2512
638 891 4282
638 897 -15159
638 923 -13814
638 924 6759
638 931 12383
638 971 12204
638 992 -5834
638 998 6434
638 1020 15802
639 63 -5855
639 86 -63
639 94 5987
639 107 -13027
639 110 -12260
639 115 -7861
639 128 -18657
639 192 4641
639 197 4210
639 213 -3153
639 235 4037
639 242 475
639 273 5909
639 289 8307
639 300 3212
639 303 8572
639 319 -10609
639 333 -2964
639 348 -18094
639 350 15358
639 362 4137
639 399 16729
639 419 -10115
639 455 8045
639 465 -14947
639 479 -15863
639 505 17018
639 522 14961
639 531 8893
639 562 8901
639 569 18134
639 595 14255
639 597 -2545
639 614 9047
639 620 -1812
639 643 -11653
639 670 15291
639 694 17482
639 696 3484
639 713 1381
639 728 15484
639 739 4829
639 740 2986
639 750 -106
639 803 4230
639 845 10069
639 854 -11551
639 859 8350
639 917 15200
639 949 -4817
639 968 2052
639 981 10544
639 986 -2955
639 1005 2098
639 1016 3028
640 4 -8787
640 9 1814
640 18 15091
640 36 -14098
640 60 6355
640 77 824
640 79 3466
640 88 2970
640 92 -15981
640 95 7659
640 111 13659
640 134 -11701
640 145 2491
640 152 -9989
640 190 -14903
640 194 12340
640 218 15240
640 239 6385
640 240 -5473
640 261 9494
640 283 14902
640 412 3193
640 413 9691
640 422 15056
640 428 952
640 442 -18504
640 466 15512
640 468 15589
640 472 -1331
640 476 4557
640 502 11568
640 511 -10030
640 528 -8281
640 543 -13313
640 544 5535
640 550 2063
640 556 -5568
640 612 -3751
640 614 6731
640 677 4133
640 683 16086
640 699 -7752
640 717 -8409
640 721 4078
640 748 -16541
640 751 17239
640 768 9443
640 821 2525
640 822 -10770
640 826 -586
640 836 -8692
640 852 -14019
640 873 9437
640 882 5399
640 889 -18400
640 905 12357
640 911 3671
640 914 -6382
640 943 -364
640 960 -8018
640 972 10866
640 989 -14562
640 1008 1464
641 36 13603
641 76 7666
641 110 -5534
641 118 -6272
641 147 12164
641 152 -5558
641 197 -12962
641 223 -7051
641 231 17000
641 248 -703
641 259 1116
641 298 -15898
641 318 11166
641 327 17097
641 354 8108
641 360 -6163
641 369 14755
641 408 1860
641 414 -14052
641 416 4767
641 428 10939
641 442 -5136
641 444 14658
641 453 11972
641 471 -10989
641 472 -1159
641 531 -10812
641 548 -9517
641 573 10990
641 594 13776
641 652 3240
641 654 -10131
641 670 17571
641 671 5630
641 685 10605
641 720 11347
641 758 -11660
641 798 8396
641 806 18047
641 809 13130
641 872 -14056
641 878 2738
641 891 14589
641 901 -1790
641 923 -12144
641 958 -17631
641 971 14761
641 977 -13411
641 1009 945
642 32 11693
642 173 13662
642 210 11432
642 250 -16536
642 274 14701
642 276 -12087
642 285 2860
642 306 7234
642 358 3470
642 382 12790
642 390 -2115
642 393 14706
642 398 -7772
642 421 10863
642 491 -3809
642 515 -11749
642 553 -10879
642 567 11677
642 605 -9823
642 644 -2426
642 667 13475
642 700 14085
642 718 10483
642 727 -2897
642 729 -15175
642 738 9583
642 754 12097
642 757 -14087
642 758 -13617
642 780 3407
642 794 -12497
642 799 13581
642 812 -10705
642 830 -2589
642 867 9213
642 879 14212
642 889 -16168
642 918 -16453
642 939 12555
642 942 4517
642 958 -503
642 972 18539
642 998 2421
643 48 12467
643 71 4319
643 79 -18196
643 108 10768
643 110 15544
643 126 16211
643 154 -16442
643 161 7240
643 166 -3907
643 223 -13113
643 227 8633
643 228 -284
643 266 -6643
643 321 -6793
643 353 -10380
643 354 4217
643 374 1585
643 389 6453
643 411 -6761
643 425 17461
643 438 661
643 458 13989
643 467 3556
643 480 -3829
643 527 5462
643 528 1566
643 537 6206
643 550 -16100
643 575 -6235
643 600 -11936
643 637 4995
643 651 17580
643 669 -306
643 688 3667
643 742 -8604
643 773 11225
643 777 -17307
643 798 -3591
643 804 -9307
643 817 15504
643 869 -136
643 880 11605
643 908 -2974
643 918 -10960
643 932 14188
643 955 -3638
643 965 -3370
643 967 17570
643 984 -13636
643 1010 7626
643 1022 15813
644 12 -12817
644 31 -5144
644 41 -10501
644 66 -12015
644 85 -18251
644 147 -1854
644 149 -9829
644 157 14505
644 176 -13114
644 191 8714
644 228 -3824
644 254 -1382
644 255 -14420
644 257 11125
644 259 -4426
644 263 -18731
644 300 -12426
644 305 -3494
644 326 -1690
644 434 2910
644 437 -2112
644 477 -9343
644 479 -2449
644 487 -1497
644 512 -9180
644 523 -13243
644 530 10112
644 536 579
644 554 12557
644 573 15052
644 575 -3169
644 581 -5806
644 617 -505
644 638 -16966
644 648 -2248
644 657 -4724
644 662 -9389
644 805 -16762
644 810 22
644 827 -298
644 887 862
644 895 -6670
644 899 8244
644 927 14096
644 931 8416
644 932 14344
644 950 2408
644 971 -10314
644 1002 -6301
644 1012 -3308
645 9 12724
645 15 -1787
645 55 -13563
645 79 736
645 84 -3626
645 127 -298
645 294 -12356
645 348 8822
645 370 -15255
645 374 -9723
645 386 16192
645 387 -9023
645 390 -9585
645 399 17173
645 410 -9453
645 445 2571
645 451 15360
645 458 -4805
645 460 6960
645 466 -6398
645 467 -14683
645 476 2634
645 485 -16499
645 497 3471
645 498 8244
645 522 -44
645 534 10575
645 543 -10829
645 564 7092
645 639 12534
645 708 -8239
645 716 17458
645 719 1821
645 740 17216
645 741 3127
645 751 -8037
645 770 -999
645 823 1717
645 838 15000
645 840 1231
645 857 -5174
645 878 12240
645 909 8242
645 912 -15532
645 916 6673
645 927 2601
645 934 -4224
645 937 -14329
646 25 17817
646 88 13561
646 149 16243
646 157 13036
646 184 -13789
646 195 4596
646 224 -14849
646 225 9087
646 229 -14113
646 253 14436
646 271 17808
646 279 8534
646 281 1467
646 329 10052
646 377 5524
646 429 -12862
646 447 18191
646 448 4765
646 501 -18256
646 593 10631
646 598 -6347
646 611 17090
646 616 13906
646 686 3916
646 695 -2482
646 725 5194
646 754 9272
646 785 -13427
646 799 -1660
646 807 2472
646 841 -5060
646 862 -2715
646 872 -17496
646 877 16493
646 899 -4585
646 912 -17609
646 984 13033
646 985 2042
646 988 -17937
646 1023 11404
647 8 -16710
647 40 9269
647 81 -15998
647 173 12705
647 182 -4432
647 192 4725
647 195 -12894
647 230 4506
647 231 9125
647 235 -18351
647 277 -1895
647 278 17257
647 287 -17466
647 298 15675
647 302 -4353
647 307 -8499
647 314 -11338
647 321 -10794
647 336 -3767
647 368 9013
647 372 -11159
647 383 14867
647 410 -17451
647 429 -5516
647 442 4473
647 468 17018
647 469 12609
647 508 -11899
647 523 -1899
647 527 -360
647 534 -2832
647 561 -7707
647 566 -6572
647 587 -11523
647 601 14414
647 618 -692
647 651 12556
647 690 12366
647 712 8681
647 763 -15767
647 766 -4135
647 840 -16557
647 842 -18368
647 882 -7555
647 911 -4029
647 916 -3709
647 957 1369
647 958 5253
647 978 -10333
647 983 -14518
648 32 -4818
648 45 5577
648 115 8342
648 122 -12672
648 133 13961
648 136 10649
648 198 -7900
648 211 -9915
648 282 -11821
648 289 7714
648 294 -2736
648 313 -12519
648 319 10402
648 344 -13433
648 388 -14169
648 391 1534
648 411 16498
648 431 -13029
648 442 13985
648 446 14202
648 468 -7890
648 488 -11148
648 491 -17463
648 504 -2041
648 520 14312
648 531 -9176
648 565 15248
648 586 7154
648 590 -17936
648 608 17262
648 616 -13782
648 626 849
648 630 -3915
648 637 10495
648 651 6872
648 655 11585
648 702 12008
648 737 12089
648 740 -15760
648 752 -6700
648 769 -17012
648 798 -17681
648 815 7045
648 842 -8234
648 844 -12018
648 872 -18110
648 879 16137
648 976 530
648 1001 -14778
648 1007 -2829
648 1009 3360
648 1013 -7453
648 1016 13977
648 1019 14737
649 12 -15431
649 19 12686
649 28 -14884
649 35 -10971
649 57 4893
649 91 -6252
649 93 201
649 137 -1140
649 142 3347
649 154 -8835
649 166 13786
649 203 -92
649 205 7767
649 234 -12112
649 247 2427
649 251 5154
649 263 14921
649 286 855
649 308 -10613
649 317 8082
649 325 -4807
649 349 -14340
649 387 13798
649 437 -11136
649 481 1584
649 490 13404
649 503 6446
649 505 8426
649 517 -5308
649 529 10432
649 550 14919
649 601 -14234
649 604 5623
649 617 -5167
649 622 -3111
649 642 -11444
649 650 -18585
649 657 -9542
649 717 -15938
649 740 10332
649 753 -9181
649 767 14341
649 799 17770
649 826 -18301
649 843 -18173
649 872 -7091
649 892 875
649 895 -8583
649 909 -2495
649 914 -8970
649 920 18623
649 933 5194
649 942 199
649 972 -3160
649 993 9378
649 998 4950
649 1004 -14021
649 1011 -12934
649 1012 -9073
650 5 -8952
650 8 7501
650 13 15710
650 27 6972
650 38 13850
650 56 11609
650 82 -6989
650 83 -2284
650 103 -15182
650 115 -15025
650 127 -3209
650 221 -11663
650 222 -4812
650 256 3322
650 282 -18766
650 308 255
650 309 -9124
650 312 18409
650 381 -3423
650 404 7618
650 426 -18563
650 442 14296
650 447 7279
650 500 6186
650 521 -5516
650 524 12280
650 571 10210
650 575 3446
650 579 831
650 583 -2477
650 593 5880
650 615 12777
650 626 -17620
650 639 -12471
650 643 -2371
650 652 -1968
650 671 -14231
650 744 -14072
650 779 4492
650 784 -11820
650 800 1994
650 834 17398
650 847 5406
650 860 -1729
650 880 17221
650 885 15821
650 892 -9712
650 921 9861
650 947 -18336
650 959 14635
650 962 16277
650 1005 -3060
651 4 -7402
651 18 11197
651 39 -12172
651 47 12522
651 48 -9830
651 70 1049
651 132 -10448
651 133 13258
651 136 -2219
651 141 -6915
651 150 13030
651 163 113
651 165 -3401
651 181 4185
651 193 -9260
651 205 -4315
651 207 -12535
651 214 -11904
651 230 -7222
651 240 -9009
651 246 -9414
651 271 -13069
651 274 2184
651 297 18036
651 315 12550
651 320 4382
651 384 -830
651 395 2896
651 402 -15952
651 404 7897
651 412 -3992
651 436 -6147
651 460 -100
651 465 3137
651 497 -7735
651 499 1612
651 551 17887
651 552 16157
651 559 -13802
651 580 8940
651 605 9928
651 614 -14666
651 644 -15028
651 688 17508
651 707 -9902
651 708 13631
651 725 -17726
651 752 -17176
651 774 -13474
651 788 -11458
651 799 15316
651 814 -12934
651 854 3996
651 862 16619
651 882 10414
651 903 -8371
651 906 7364
651 952 11157
651 961 -1283
651 975 -12608
651 976 -6459
651 1006 18653
652 15 10845
652 22 -1960
652 39 -15420
652 46 14973
652 59 -18633
652 98 1331
652 100 -14095
652 117 -4893
652 136 15570
652 145 -5237
652 177 -9687
652 181 4966
652 216 13952
652 222 11236
652 236 17876
652 239 -17811
652 255 10982
652 256 -2896
652 266 -13983
652 282 15591
652 333 -4346
652 350 9971
652 360 -12199
652 374 -6327
652 380 4183
652 387 -2531
652 393 -15908
652 402 16574
652 436 12865
652 457 -2769
652 467 -16735
652 541 12008
652 557 -6779
652 564 -12786
652 568 18629
652 575 11864
652 621 2844
652 630 12807
652 634 18769
652 658 -9857
652 659 -2966
652 662 2130
652 665 -3239
652 685 -5070
652 705 7164
652 773 17012
652 784 -16517
652 811 -5113
652 816 10618
652 823 1800
652 824 9321
652 856 1806
652 865 -8980
652 872 -11693
652 883 4101
652 891 18757
652 895 10
652 926 -9850
652 972 1484
653 32 3540
653 45 8130
653 69 5907
653 84 -12175
653 92 -10465
653 173 -6367
653 195 15668
653 201 -17529
653 213 5250
653 235 -1800
653 284 -6541
653 346 -17163
653 355 -10499
653 363 13879
653 384 -17422
653 468 18072
653 473 13605
653 509 -1473
653 527 3616
653 534 -11713
653 535 11660
653 557 5669
653 578 2265
653 589 99
653 596 -5717
653 639 -17083
653 645 15396
653 651 4446
653 673 -5366
653 684 -16649
653 709 -5696
653 716 17796
653 719 -6091
653 728 -77
653 737 -10557
653 744 3232
653 756 -9294
653 782 -4069
653 786 -6156
653 832 3161
653 836 -17838
653 845 18606
653 972 -3875
653 996 -7611
653 1018 13566
654 6 16587
654 52 -14141
654 63 14135
654 66 -11173
654 82 6251
654 84 14724
654 140 -10520
654 168 -18654
654 206 7153
654 211 17231
654 249 6111
654 253 3463
654 268 5110
654 270 8548
654 286 16933
654 333 5620
654 337 -13624
654 366 6707
654 387 12132
654 398 -9867
654 401 6430
654 431 -6494
654 473 9187
654 475 5706
654 479 -1438
654 542 -613
654 556 15787
654 574 5271
654 581 -15131
654 607 -13570
654 617 -7901
654 636 17159
654 684 -8035
654 694 -8914
654 695 -7102
654 713 -10466
654 717 -8657
654 773 -17276
654 781 -9544
654 825 -11196
654 832 -16109
654 850 -13691
654 878 3486
654 930 -9976
654 963 -2634
654 999 -653
654 1006 15232
654 1020 12393
655 8 -15133
655 36 5410
655 40 8694
655 50 -11531
655 54 -2171
655 73 12197
655 93 3894
655 123 -18527
655 130 -16698
655 143 7426
655 201 -12949
655 221 5467
655 233 -3131
655 238 10793
655 244 6712
655 250 11104
655 252 13752
655 263 15472
655 290 -14811
655 306 -18653
655 315 -6457
655 327 -18488
655 336 8602
655 339 -18056
655 363 -6101
655 366 -16139
655 367 -868
655 434 -3207
655 446 -13654
655 468 -11069
655 488 11047
655 492 6808
655 515 14851
655 548 13001
655 549 8826
655 601 12541
655 627 -5754
655 629 11057
655 681 14227
655 687 14387
655 691 -11385
655 692 16
655 721 11416
655 739 -17838
655 753 13595
655 757 -3862
655 784 -5347
655 803 -5905
655 812 -12228
655 826 14344
655 853 6714
655 863 579
655 890 -4254
655 894 18581
655 901 -5400
655 940 16665
655 944 5580
655 954 -9272
655 961 -3110
655 965 -12293
655 1013 18512
656 13 6934
656 18 -4745
656 45 385
656 51 -10536
656 54 6108
656 71 -13044
656 73 3548
656 101 -2656
656 114 3162
656 116 14657
656 149 -5182
656 193 3974
656 199 -860
656 215 10650
656 237 12676
656 242 8305
656 257 -736
656 276 11200
656 315 -3391
656 341 8652
656 451 4345
656 480 -8953
656 516 -7403
656 527 -2680
656 560 3321
656 594 16033
656 601 -995
656 613 -17302
656 614 -479
656 622 -11620
656 624 11267
656 626 -14564
656 629 -2028
656 641 -10216
656 652 15140
656 664 7425
656 684 -3810
656 697 -10731
656 699 -10603
656 706 -8571
656 761 18317
656 804 16745
656 820 2237
656 841 4633
656 859 17707
656 872 11300
656 876 -11817
656 895 -9937
656 898 -3568
656 919 8777
656 925 2253
656 999 -7788
656 1001 -1945
656 1004 12156
656 1006 15081
657 19 -16997
657 51 -7908
657 82 -5396
657 85 -54
657 105 13649
657 114 1026
657 118 16451
657 154 9910
657 191 1925
657 211 -14922
657 214 -11608
657 217 7556
657 218 3983
657 222 1792
657 223 12223
657 252 -8807
657 304 417
657 318 -10399
657 351 3612
657 364 10479
657 383 8687
657 403 -14920
657 421 8175
657 430 5707
657 443 -11093
657 466 4766
657 486 -10593
657 492 -2156
657 505 -920
657 533 -6320
657 549 -16548
657 569 12085
657 570 3986
657 582 -15249
657 595 -17478
657 602 -1972
657 614 9450
657 615 8457
657 629 7902
657 663 -13173
657 695 806
657 707 -7108
657 711 1160
657 729 -13195
657 778 10462
657 799 -12530
657 827 -16235
657 833 -5366
657 852 -17661
657 860 2532
657 868 5131
657 879 1566
657 952 -7521
657 963 -16525
657 979 4539
657 1012 -15340
658 21 -14364
658 26 -10189
658 32 -17067
658 44 14668
658 48 -18761
658 49 -9120
658 98 15382
658 103 14389
658 114 -8955
658 122 18276
658 155 15618
658 164 -130
658 170 16715
658 175 14404
658 179 12117
658 184 5657
658 205 -7615
658 213 16882
658 214 14170
658 245 -10429
658 264 6807
658 266 4002
658 295 18749
658 303 -15961
658 329 -13395
658 365 6832
658 385 1023
658 398 7301
658 400 3632
658 408 3044
658 519 10927
658 560 4941
658 580 -6411
658 582 -3635
658 584 -6066
658 586 -16639
658 606 -15397
658 624 -16071
658 649 -3682
658 687 -3298
658 699 -1088
658 722 7295
658 797 -10798
658 800 -11925
658 829 -1425
658 839 11872
658 841 467
658 846 9260
658 854 -10288
658 859 -18779
658 869 -12071
658 891 12256
658 913 11039
658 930 -3789
658 966 950
658 992 2322
658 993 13720
658 1009 11888
658 1010 537
659 22 -3708
659 70 -14283
659 80 -9812
659 86 -18023
659 89 -5662
659 120 -16500
659 164 -4499
659 214 -143
659 229 -16078
659 235 -5762
659 243 -2199
659 286 1548
659 293 8459
659 296 13362
659 297 16936
659 314 -6738
659 355 -3943
659 384 237
659 392 -8789
659 408 13
659 426 7816
659 471 -8634
659 496 -17646
659 538 14994
659 551 6451
659 555 -10976
659 585 15432
659 587 -13245
659 640 17226
659 642 2307
659 644 -1324
659 648 14067
659 688 3927
659 706 12916
659 729 -16257
659 732 -11028
659 741 17096
659 755 -15208
659 758 -17830
659 766 1113
659 771 -17698
659 793 -18117
659 794 16734
659 797 18735
659 810 -7033
659 836 12061
659 837 -13714
659 861 8572
659 912 15930
659 957 -15910
659 983 -12290
659 988 -10348
659 1016 2234
660 34 16874
660 52 -1239
660 62 -14885
660 99 2598
660 114 -506
660 132 5636
660 148 -15830
660 204 -13395
660 223 -12396
660 226 3415
660 229 8612
660 262 12249
660 272 2674
660 287 -8968
660 299 -2371
660 310 -6048
660 322 -16171
660 382 -1811
660 411 17562
660 449 -14577
660 454 6740
660 470 548
660 489 -9938
660 527 -17953
660 528 -14610
660 537 -568
660 565 -6305
660 574 17337
660 653 -1756
660 666 -5880
660 671 10928
660 685 16617
660 688 10651
660 691 -13199
660 720 -18475
660 723 -14070
660 830 14020
660 842 575
660 849 -18770
660 853 -6994
660 897 -10655
660 905 -12226
660 935 6601
660 961 -8976
660 1005 -13141
660 1006 18077
660 1021 -12226
661 23 -18428
661 50 15875
661 96 -18597
661 106 5367
661 133 -14739
661 138 9120
661 144 -7378
661 162 12
661 208 1740
661 217 575
661 230 7211
661 234 13263
661 235 12886
661 348 -17209
661 391 -12578
661 414 526
661 461 11399
661 465 -17029
661 466 16707
661 487 -13626
661 494 7169
661 564 4096
661 641 -16336
661 664 1810
661 668 4560
661 671 -860
661 709 14928
661 730 4343
661 742 -14357
661 773 -3003
661 794 7923
661 802 -5738
661 813 3270
661 841 -15945
661 858 863
661 926 11479
661 958 -6689
661 992 11269
661 1005 -9329
662 2 -13841
662 28 8220
662 112 1629
662 115 17992
662 118 -16392
662 128 5939
662 133 -14206
662 137 14662
662 170 -18011
662 175 17970
662 179 -4992
662 257 14519
662 259 2366
662 280 -17644
662 294 14218
662 299 6981
662 345 590
662 365 -11403
662 379 -14838
662 383 7919
662 385 -1155
662 453 15937
662 471 5730
662 520 9444
662 533 -10305
662 535 3631
662 553 -1254
662 582 -7605
662 624 -7926
662 629 13774
662 636 -16937
662 671 -1437
662 682 -15109
662 714 13515
662 728 -2520
662 759 1121
662 760 -513
662 807 -13216
662 821 10185
662 832 8059
662 843 -13814
662 897 14303
662 934 -17610
663 17 1076
663 42 -660
663 47 10641
663 98 18378
663 124 3538
663 160 -16621
663 163 -618
663 169 4636
663 183 8312
663 189 3401
663 198 281
663 239 -15939
663 300 -16508
663 332 10049
663 348 -14473
663 352 6696
663 398 -2098
663 417 -13031
663 437 1348
663 440 -7506
663 457 -14221
663 468 -14172
663 508 -17799
663 527 -2091
663 571 16205
663 593 7239
663 594 6055
663 609 -1617
663 613 -7956
663 632 -14260
663 647 17514
663 696 -2429
663 703 2955
663 728 -18234
663 730 15445
663 736 12954
663 737 -9247
663 740 13125
663 758 15043
663 792 -12299
663 803 11836
663 815 -12304
663 858 10336
663 872 2895
663 881 16608
663 887 -5500
663 920 6394
663 921 -17777
663 980 -7538
663 981 -14806
663 985 -13904
663 997 10572
663 1018 4168
664 0 4228
664 5 -7433
664 27 15586
664 60 -18048
664 80 -6505
664 87 -1556
664 91 16803
664 99 15173
664 115 10604
664 135 -1141
664 163 13906
664 170 -8175
664 182 -13210
664 238 525
664 239 -18616
664 251 1409
664 254 14948
664 278 7955
664 284 7620
664 312 -13791
664 314 -8549
664 333 -4188
664 345 -11049
664 405 -10206
664 428 2225
664 447 18048
664 448 -11610
664 507 -17376
664 523 9718
664 556 9815
664 557 -17348
664 558 1690
664 560 1974
664 589 10527
664 596 685
664 602 12900
664 620 5516
664 627 5434
664 661 -10906
664 692 10387
664 705 11653
664 761 -6798
664 830 10631
664 868 -6748
664 894 -3510
664 915 -10146
664 928 -17756
664 984 6407
664 988 9954
665 51 -217
665 56 -13706
665 78 7782
665 92 10079
665 123 -5147
665 138 9792
665 196 -16454
665 253 9290
665 256 14044
665 265 -10937
665 287 -15575
665 350 4731
665 373 -3367
665 440 10979
665 473 -12516
665 496 -6218
665 500 11882
665 509 -11463
665 538 4193
665 547 -15271
665 553 14244
665 560 8251
665 569 -9022
665 619 6351
665 625 3162
665 665 12489
665 700 9564
665 713 -79
665 723 -2476
665 748 -4651
665 766 1275
665 773 11318
665 776 13297
665 787 2178
665 799 -18587
665 820 -18220
665 849 -747
665 874 -18544
665 875 -14571
665 888 -6584
665 890 5817
665 891 13157
665 899 8696
665 960 -4628
665 965 836
665 980 2988
665 988 10134
665 993 -3565
665 1002 -4193
665 1010 2384
665 1014 -3625
665 1020 11535
666 7 -4031
666 17 132
666 53 -7568
666 61 6968
666 67 15081
666 82 12268
666 103 -9835
666 122 18084
666 133 10234
666 134 -4025
666 167 6118
666 282 13852
666 301 13419
666 308 -12515
666 320 14229
666 367 8082
666 375 -618
666 397 10821
666 408 -3645
666 414 -5763
666 424 -14280
666 428 214
666 429 18582
666 477 -5231
666 481 14562
666 485 -11095
666 497 1407
666 498 16599
666 601 -17246
666 603 -3489
666 604 8479
666 656 -13953
666 658 14791
666 669 -4966
666 672 -10433
666 685 -18108
666 687 -15203
666 693 -15224
666 697 -7621
666 700 12226
666 760 14990
666 778 7863
666 801 -592
666 804 -3750
666 820 -2530
666 894 -7843
666 917 -15485
666 938 -11725
666 961 10796
666 983 3030
667 26 -13648
667 32 17155
667 37 -13130
667 47 -1572
667 54 18630
667 66 9366
667 86 -16814
667 111 -1819
667 114 -10427
667 130 6515
667 139 -3774
667 150 -7523
667 151 9016
667 168 -13654
667 172 -11751
667 209 15526
667 215 9642
667 222 7930
667 241 -8678
667 251 7854
667 328 -7438
667 335 -9572
667 349 9301
667 363 -3583
667 420 12502
667 462 -12630
667 463 -829
667 478 -16197
667 516 4628
667 560 6055
667 581 -18746
667 582 -11642
667 597 9748
667 639 16323
667 640 -14368
667 646 1272
667 681 -7127
667 703 9620
667 712 17735
667 715 -3061
667 765 -10891
667 869 -5500
667 893 17205
667 896 -7089
667 915 15474
667 927 9967
667 934 -18514
667 954 13735
667 956 15851
667 990 -2124
667 994 -354
667 995 9537
668 21 5117
668 38 -7980
668 66 -8556
668 89 12312
668 120 11219
668 135 18516
668 173 -3736
668 187 1596
668 195 -3168
668 214 -5302
668 234 2936
668 236 5286
668 266 -5833
668 284 -7635
668 306 -7607
668 317 -6909
668 337 -14762
668 378 16110
668 397 -7803
668 466 -17457
668 480 -16559
668 504 -7322
668 556 -14898
668 577 -7690
668 590 17720
668 594 10685
668 614 -15345
668 661 15298
668 674 2293
668 676 -10463
668 686 2947
668 696 -7888
668 719 506
668 721 -6373
668 775 12812
668 787 8300
668 829 14865
668 853 11372
668 883 -5954
668 900 4549
668 991 4524
668 1011 8498
669 13 7599
669 35 12715
669 77 4272
669 84 -14979
669 93 2647
669 95 -3008
669 96 -1146
669 109 -3176
669 126 799
669 139 2075
669 174 12269
669 199 -8889
669 202 -16395
669 210 5184
669 232 11997
669 243 9796
669 253 16842
669 271 -4466
669 305 10995
669 321 -8647
669 335 15974
669 397 -12734
669 419 11761
669 430 -12134
669 434 -16527
669 438 5313
669 442 1654
669 475 -17854
669 495 1205
669 511 -4871
669 520 13330
669 522 -4848
669 537 11871
669 564 14068
669 571 -11192
669 580 -16716
669 601 -1326
669 618 -13762
669 621 15300
669 644 -5952
669 664 -12287
669 668 -13848
669 711 -11329
669 713 -501
669 720 -16395
669 729 -1718
669 752 15923
669 800 -7830
669 809 -822
669 823 13868
669 828 -5716
669 845 -12423
669 862 9202
669 868 158
669 903 1977
669 912 -13275
669 929 14669
669 930 -10008
669 938 9322
669 959 9493
669 978 15758
669 1011 -8897
669 1022 -4370
670 16 -9270
670 55 13783
670 77 -2526
670 78 7088
670 118 2835
670 187 6845
670 211 -4855
670 217 6468
670 223 881
670 251 -248
670 255 10164
670 263 -1087
670 266 -3063
670 267 17438
670 285 13492
670 295 5270
670 303 -10442
670 330 16174
670 349 11098
670 388 -7064
670 391 -16963
670 401 9117
670 413 3759
670 416 5947
670 433 9003
670 456 -8206
670 463 -1819
670 552 13127
670 584 -6612
670 600 -1702
670 662 -8082
670 695 -15617
670 727 13542
670 738 -9676
670 755 -5593
670 807 -6669
670 832 -9637
670 847 -640
670 884 -4544
670 901 -194
670 906 10627
670 921 18102
670 935 2350
670 943 -8634
670 972 9364
670 1000 -4525
670 1013 -6007
670 1019 -16592
671 37 -5425
671 41 9080
671 54 -6000
671 110 -13474
671 141 10613
671 234 6267
671 247 -18039
671 266 -7379
671 286 17347
671 329 15547
671 330 4113
671 350 -8204
671 360 1714
671 361 4085
671 384 -18052
671 392 -2726
671 395 2430
671 396 -3826
671 398 5209
671 426 2347
671 450 6028
671 460 13047
671 500 -4135
671 522 7179
671 526 16704
671 550 -4171
671 597 -12038
671 603 -9779
671 605 -6119
671 624 -10064
671 640 6423
671 662 9700
671 674 677
671 710 -17040
671 714 16720
671 730 14790
671 745 9747
671 749 8353
671 758 2075
671 780 -3756
671 850 10837
671 866 -8667
671 940 4208
671 1023 -15775
672 3 -3865
672 15 -5002
672 44 -7701
672 62 -15824
672 99 -15665
672 105 9138
672 106 13419
672 123 -18561
672 156 985
672 194 10242
672 200 12933
672 227 -3653
672 243 -11626
672 260 7423
672 265 -14993
672 275 -3329
672 276 -13169
672 366 -1012
672 371 16942
672 377 16153
672 409 9916
672 477 -6118
672 491 -3442
672 513 1324
672 603 -17762
672 631 13536
672 634 -8397
672 654 -12075
672 659 2758
672 660 17882
672 679 10608
672 695 8557
672 713 17134
672 722 13779
672 740 16568
672 772 18568
672 799 -16307
672 800 12148
672 825 -8243
672 828 4032
672 835 8794
672 851 12217
672 906 3492
672 930 14893
672 973 -12280
673 16 -7000
673 53 12930
673 76 -15419
673 90 -7043
673 101 6606
673 169 -1905
673 173 -12133
673 179 4813
673 184 -13617
673 229 8464
673 251 14383
673 288 18578
673 352 13570
673 357 -11975
673 363 -18694
673 380 -14976
673 414 4008
673 423 13711
673 526 7166
673 538 -11711
673 563 3027
673 580 6183
673 590 -9825
673 599 11474
673 624 -6062
673 633 -9456
673 667 9833
673 673 -792
673 679 9632
673 681 8471
673 810 -12392
673 825 -15145
673 862 4499
673 869 -7085
673 907 -13074
673 913 -2672
673 921 16634
673 943 -1463
673 964 -12614
673 1008 -1755
673 1017 -1482
674 1 -8489
674 12 7666
674 33 15427
674 42 11220
674 43 13021
674 61 -3922
674 85 -15500
674 113 -15880
674 116 -4142
674 117 -15951
674 153 14059
674 159 6252
674 161 18377
674 189 -12235
674 219 -5420
674 238 2134
674 262 10560
674 286 -7319
674 298 7955
674 343 17925
674 363 13814
674 364 -18274
674 366 -11644
674 406 -3285
674 450 -9265
674 463 -1118
674 496 5590
674 530 18344
674 581 -16586
674 586 9368
674 588 -15510
674 604 -14793
674 623 -10374
674 651 -16161
674 664 -13204
674 670 -7261
674 694 17042
674 705 -5512
674 721 -11196
674 727 5459
674 737 2074
674 739 7009
674 753 -5050
674 787 -10026
674 797 13154
674 799 -8784
674 879 -130
674 886 -13637
674 890 -10132
674 900 14980
674 912 -5826
674 924 11378
674 958 -15702
675 48 5370
675 64 -11983
675 88 14756
675 92 9174
675 100 -14355
675 128 -7315
675 131 -1916
675 162 -4816
675 197 5803
675 220 -14771
675 236 8128
675 286 8023
675 290 13103
675 325 -10516
675 333 -8856
675 352 6902
675 355 -6542
675 357 15775
675 367 -6169
675 428 1304
675 450 -7711
675 474 -13777
675 494 -8551
675 523 5003
675 573 -10944
675 576 -18623
675 579 15704
675 593 14632
675 604 -1277
675 616 2686
675 618 -12171
675 629 11586
675 665 7837
675 672 15700
675 675 -8067
675 702 -12726
675 714 -9616
675 721 -7693
675 731 6657
675 752 10212
675 766 17364
675 855 -16044
675 864 -11417
675 895 -6282
675 899 -3096
675 913 16566
675 940 -5137
675 941 -8765
675 954 -14322
675 963 12312
675 981 11897
675 1023 -1483
676 2 -4414
676 15 -13593
676 19 -14448
676 56 12883
676 69 -13187
676 87 12464
676 102 6649
676 118 3610
676 129 16918
676 139 -4862
676 154 -4139
676 213 -16388
676 241 2723
676 271 222
676 278 9339
676 348 -2008
676 374 -6256
676 399 -9481
676 404 -16646
676 405 -4789
676 418 11816
676 449 18031
676 458 -13840
676 495 16927
676 496 1472
676 503 4587
676 541 -18607
676 561 -6219
676 572 5236
676 581 -17547
676 586 15700
676 660 1712
676 663 16895
676 687 12408
676 691 11366
676 702 4679
676 720 10115
676 723 6970
676 724 16963
676 743 17297
676 778 11271
676 796 9187
676 812 7951
676 890 -11876
676 912 3477
676 979 11718
676 1007 -12086
676 1013 8424
677 17 13361
677 18 -14036
677 25 15691
677 27 -4617
677 94 -7201
677 104 14491
677 118 13277
677 143 -6543
677 144 -2595
677 158 16831
677 180 -17019
677 181 -4015
677 193 -6854
677 206 17689
677 231 -740
677 259 12871
677 290 -7298
677 307 -18011
677 329 3234
677 342 1931
677 352 4802
677 381 4102
677 390 -5016
677 393 -13941
677 397 10556
677 401 -502
677 410 5832
677 490 -13394
677 493 13687
677 494 -15971
677 503 -18429
677 517 -7160
677 522 746
677 540 -15668
677 560 -5961
677 622 -10806
677 680 -16337
677 686 -289
677 722 8819
677 732 -10608
677 778 17642
677 796 -5306
677 800 -5279
677 812 8202
677 830 636
677 846 -14109
677 849 -2412
677 899 -3130
677 910 -3642
677 919 -4112
677 920 -4999
677 927 -8086
677 959 3677
677 972 -11544
677 991 1311
678 27 -19
678 30 8456
678 37 8541
678 63 4401
678 64 -3798
678 74 -14554
678 165 4079
678 169 9266
678 195 34
678 228 -9439
678 251 8580
678 253 -11652
678 255 9171
678 256 18730
678 282 1521
678 284 -16699
678 285 13399
678 289 13469
678 304 -17591
678 308 8088
678 325 -11541
678 341 -7766
678 401 -17541
678 432 5444
678 480 12061
678 489 -16514
678 495 1272
678 497 -6698
678 506 -2546
678 522 8001
678 532 -585
678 547 12260
678 552 2903
678 576 -8589
678 607 218
678 637 -3337
678 640 4321
678 668 17172
678 671 9539
678 682 7806
678 698 16505
678 704 8407
678 707 -13886
678 718 -14852
678 722 -8590
678 724 2578
678 741 10501
678 747 13167
678 773 -9522
678 783 -3367
678 818 3690
678 829 -556
678 830 1563
678 844 843
678 845 -17343
678 874 17378
678 915 -14273
678 923 681
678 925 -7839
678 930 -1479
678 960 5037
678 978 -6846
678 1012 17976
679 25 2108
679 30 -1877
679 68 -11192
679 69 -369
679 106 17813
679 143 -13298
679 159 17757
679 200 -9015
679 207 -4921
679 209 -3491
679 218 13970
679 244 -15376
679 249 8277
679 257 -7206
679 262 -17101
679 268 8547
679 271 1088
679 302 -2307
679 303 5017
679 321 12790
679 342 15592
679 345 13927
679 377 1743
679 387 4172
679 397 13683
679 398 10640
679 418 15130
679 449 4137
679 450 15077
679 491 -13046
679 525 -14896
679 536 -4794
679 542 10994
679 546 -3447
679 557 10572
679 603 -9737
679 611 -6767
679 640 11954
679 642 12782
679 650 7325
679 707 14343
679 724 5326
679 785 -14663
679 806 -6590
679 861 17106
679 887 854
679 917 10053
679 946 -17407
679 965 -14946
680 21 -8153
680 52 15894
680 83 13019
680 106 3931
680 125 5768
680 126 12770
680 138 15604
680 146 -28
680 163 5460
680 173 1248
680 174 8867
680 196 18775
680 213 -2988
680 267 5503
680 289 -4339
680 294 5744
680 300 17573
680 321 9631
680 334 -17763
680 335 -3042
680 414 -1872
680 423 6422
680 500 -16749
680 523 -1758
680 534 2882
680 555 10193
680 557 -6524
680 592 12885
680 608 -4218
680 623 17542
680 628 -3494
680 646 13758
680 650 3733
680 655 7851
680 661 -7874
680 682 -11897
680 708 2575
680 744 14267
680 745 4767
680 755 10870
680 757 13156
680 758 9187
680 771 2237
680 803 -1758
680 808 3849
680 821 17355
680 828 -17093
680 832 18709
680 856 -14084
680 865 -4623
680 882 -8765
680 904 -5528
680 905 -14120
680 907 -11191
680 915 -15690
680 972 12548
680 982 -17508
680 983 -14466
680 990 18648
681 11 12913
681 16 9288
681 19 2323
681 109 -17851
681 120 1254
681 143 7556
681 153 12863
681 158 4909
681 184 195
681 205 6839
681 219 7559
681 270 8616
681 294 -11308
681 316 10343
681 328 16896
681 337 4899
681 339 1696
681 369 -9895
681 374 11513
681 376 -13968
681 377 -9642
681 388 12751
681 408 -16961
681 421 1153
681 441 -15615
681 496 12245
681 501 7027
681 559 16973
681 654 9750
681 662 5197
681 708 13091
681 709 9646
681 735 -919
681 740 -5277
681 749 10194
681 760 -5488
681 767 8425
681 769 11439
681 771 -5229
681 772 18553
681 790 14613
681 798 16768
681 852 341
681 858 4448
681 884 3180
681 899 18245
681 919 10818
681 958 -16135
681 964 -377
681 991 15147
681 1013 -9567
681 1019 3482
682 2 15305
682 9 3819
682 15 13377
682 45 10103
682 79 -15856
682 101 -17208
682 114 -8040
682 118 8344
682 143 6337
682 189 -2587
682 241 17025
682 262 -1700
682 269 -16256
682 287 1826
682 289 -15417
682 352 -4866
682 361 4760
682 364 16926
682 366 9372
682 375 11515
682 403 -16213
682 408 9645
682 436 -9102
682 452 -8911
682 488 16599
682 496 10538
682 513 1198
682 578 16591
682 593 -15357
682 597 -11517
682 602 -5014
682 611 12418
682 633 7763
682 655 3943
682 693 -3911
682 715 -4254
682 730 -11897
682 735 10112
682 742 2323
682 746 14338
682 758 -7624
682 770 -11477
682 796 13443
682 820 -1070
682 821 -2943
682 837 -3957
682 840 12359
682 863 5941
682 870 14897
682 878 -9526
682 897 7894
682 904 16816
682 905 -14874
682 909 -13871
682 914 15715
682 922 12495
682 949 11585
682 961 -17171
682 964 18022
682 976 -178
683 8 7062
683 15 -12819
683 39 12890
683 55 -5042
683 58 -16644
683 85 9057
683 103 11733
683 116 -8175
683 128 3823
683 142 -9180
683 167 5233
683 178 -18651
683 186 -7682
683 214 -8784
683 219 8068
683 226 -6035
683 251 -6260
683 254 -11771
683 275 -6938
683 340 -5885
683 377 -11935
683 380 5307
683 409 18358
683 426 -1006
683 431 18496
683 532 15994
683 602 15557
683 612 13635
683 624 -13446
683 626 -3009
683 674 -11867
683 709 4906
683 746 -14747
683 762 -10912
683 769 15286
683 832 -15049
683 866 7712
683 874 -11475
683 877 -382
683 907 11848
683 910 7364
683 920 -1186
683 927 9403
683 938 6566
683 972 -11613
683 979 9427
683 998 -11912
684 21 -1142
684 43 9573
684 48 -1229
684 65 -16471
684 80 -17600
684 106 1485
684 107 -12724
684 146 -14738
684 162 -3039
684 193 11126
684 262 -3930
684 325 -12612
684 335 15828
684 341 15505
684 371 -2451
684 389 17744
684 393 -14816
684 419 11607
684 429 -11177
684 456 8458
684 461 -11439
684 488 14278
684 495 6914
684 515 -10135
684 550 2974
684 589 -15997
684 718 6224
684 741 -8535
684 759 -12281
684 774 18324
684 820 3501
684 831 -7024
684 865 17789
684 869 -16169
684 898 -4891
684 956 -18625
684 963 9774
684 997 538
684 1018 10399
685 17 5991
685 34 -8334
685 59 5357
685 78 15467
685 84 15430
685 129 5893
685 135 -13934
685 145 -2016
685 146 8941
685 160 11814
685 169 10994
685 197 14874
685 224 -6430
685 227 -9319
685 244 -18156
685 293 5166
685 356 -12810
685 366 7381
685 379 16883
685 454 5734
685 464 11499
685 469 -7576
685 477 957
685 481 -7557
685 483 -10850
685 553 -14728
685 594 -15511
685 596 12517
685 597 4035
685 628 751
685 636 6410
685 702 -4425
685 704 -7692
685 769 -18267
685 771 2630
685 787 -6673
685 791 -6147
685 792 -10181
685 800 -4883
685 843 -8064
685 955 -11559
685 973 -3736
685 974 -9620
685 979 -17590
685 1015 -16152
685 1020 -16758
686 1 -13577
686 23 -5437
686 42 -48
686 55 -15893
686 58 15258
686 117 -8176
686 120 -5100
686 122 -2730
686 176 5241
686 189 -13746
686 190 8438
686 224 -18596
686 225 14920
686 252 14415
686 287 -7563
686 288 18729
686 310 10256
686 317 2786
686 343 -15436
686 359 17367
686 368 -14563
686 371 10834
686 378 17881
686 409 -12859
686 413 -13612
686 415 -9986
686 422 9773
686 467 -10827
686 494 -5831
686 505 8260
686 516 9191
686 541 8394
686 547 -3187
686 549 -3787
686 564 15681
686 672 -5317
686 673 -15950
686 695 -3558
686 712 10012
686 737 -9729
686 747 10925
686 760 15327
686 775 -17021
686 891 -5220
686 946 -12634
686 975 2953
686 979 10298
686 985 -9722
687 25 13085
687 42 16779
687 49 11996
687 54 4598
687 62 -3913
687 72 16719
687 93 -9502
687 124 12789
687 145 -3910
687 177 -9948
687 186 -9858
687 210 -8523
687 236 11181
687 256 1400
687 264 6862
687 280 940
687 294 -2673
687 319 11622
687 326 -12822
687 339 -11762
687 361 -12105
687 366 6320
687 396 -10095
687 397 -4345
687 411 -14071
687 425 8339
687 437 13473
687 457 -6475
687 459 -598
687 483 -3926
687 485 -13617
687 502 -18290
687 505 1299
687 531 -4410
687 578 -11410
687 584 -8199
687 586 -4225
687 587 -13772
687 593 -9001
687 614 13580
687 635 3120
687 675 9611
687 683 18392
687 689 1705
687 698 4975
687 705 -5061
687 716 10610
687 723 6716
687 745 9944
687 756 -5135
687 768 -17510
687 772 9272
687 790 -9238
687 830 -13928
687 833 1086
687 842 1135
687 860 15826
687 879 -625
687 902 9948
687 906 16715
687 920 17616
687 922 -141
687 925 -13914
688 5 -2466
688 25 -9943
688 37 -290
688 44 10438
688 47 10780
688 54 12988
688 60 13637
688 112 -2624
688 123 -17259
688 151 14611
688 171 16409
688 217 -4701
688 223 -13808
688 254 6033
688 259 9010
688 290 1486
688 302 -10748
688 305 -14731
688 307 -1434
688 316 -3827
688 318 14223
688 334 3757
688 351 -14790
688 365 -13209
688 384 13416
688 410 3823
688 437 9084
688 440 -6885
688 469 -6351
688 472 9736
688 477 7350
688 480 15182
688 495 -6187
688 539 5064
688 541 239
688 558 -17040
688 560 4483
688 572 14095
688 604 2424
688 606 -18663
688 610 -4581
688 624 -1342
688 654 6648
688 655 -7439
688 657 -7599
688 706 -14170
688 741 2557
688 753 15834
688 778 -11728
688 798 -7028
688 838 2319
688 843 -10437
688 848 17014
688 857 -10965
688 866 -1618
688 871 15864
688 916 4533
688 921 4591
688 924 -11734
688 998 15571
688 1023 18433
689 1 7779
689 12 -15584
689 58 -18324
689 80 -1720
689 100 11148
689 120 -9907
689 126 -9213
689 143 16815
689 179 12696
689 187 -9644
689 194 18769
689 206 11725
689 208 17716
689 219 -3460
689 226 9393
689 232 -16830
689 246 -3479
689 281 6112
689 296 1438
689 311 -6972
689 334 7877
689 337 -3704
689 341 4794
689 352 -8656
689 358 -12903
689 366 -2135
689 368 -8943
689 396 -379
689 425 -16372
689 428 -15741
689 450 -8474
689 472 11622
689 489 10874
689 513 -14174
689 521 -8001
689 535 -8682
689 559 12545
689 650 17701
689 655 18373
689 707 10937
689 727 -678
689 782 -16354
689 789 16874
689 807 16317
689 816 -5861
689 822 -2288
689 851 -6021
689 881 -7045
689 894 9899
689 904 -9453
689 913 -578
690 51 5738
690 91 18688
690 116 2303
690 138 -17207
690 145 3474
690 186 -1741
690 221 5667
690 237 18741
690 270 -18442
690 283 -18606
690 310 -18086
690 321 18100
690 326 -13971
690 333 7966
690 339 -18360
690 340 17132
690 343 4956
690 364 814
690 369 -10400
690 388 9487
690 401 -6828
690 407 18250
690 419 5767
690 443 6147
690 455 834
690 488 -10508
690 496 17299
690 532 -990
690 544 9107
690 555 -6676
690 564 -15876
690 604 -1054
690 639 3708
690 645 8873
690 648 -7520
690 650 -11022
690 675 6095
690 702 -3397
690 732 -17990
690 739 -8328
690 747 2807
690 751 16926
690 758 -16084
690 801 -10326
690 809 -13320
690 831 -8514
690 848 -8195
690 870 -5816
690 907 5623
690 944 -16506
690 977 11737
690 979 -11291
690 1014 -7056
691 21 17377
691 115 12034
691 154 16355
691 157 3553
691 169 -10049
691 217 -13004
691 289 16015
691 300 -7585
691 306 -5344
691 373 -7203
691 377 -2213
691 386 -1903
691 404 -10680
691 422 17389
691 444 9180
691 456 -10571
691 462 11344
691 482 -17460
691 525 -5467
691 532 8903
691 535 -18342
691 542 -10076
691 554 -16762
691 560 16719
691 570 -12132
691 578 -2969
691 579 6990
691 580 7959
691 585 -10344
691 622 -7450
691 659 13824
691 701 59
691 742 -6915
691 743 -12621
691 813 7140
691 828 -16030
691 855 -9430
691 862 -2673
691 897 -5093
691 907 12151
691 935 -17715
691 943 -7994
691 949 -2374
691 985 151
691 989 8773
691 1015 14842
692 27 273
692 108 16590
692 120 -1847
692 214 -3485
692 249 2226
692 251 -15778
692 267 -8122
692 271 14383
692 273 15327
692 275 -9998
692 290 16840
692 326 -5889
692 335 10897
692 363 -11682
692 374 -12908
692 384 -2182
692 403 15148
692 420 -423
692 421 -5814
692 452 7176
692 515 10643
692 588 12039
692 591 14102
692 630 -12651
692 640 15809
692 662 -11726
692 663 12261
692 686 14039
692 707 -13976
692 730 -11824
692 744 2246
692 748 7176
692 781 -17112
692 803 2081
692 818 3742
692 822 -9999
692 901 -4025
692 903 12439
692 918 14629
692 934 -4749
692 951 6272
692 992 -4438
692 996 -4971
692 1003 -16874
693 5 -2631
693 14 -8764
693 38 17336
693 44 -16460
693 100 4259
693 108 -2450
693 117 -14158
693 147 -7411
693 154 16632
693 178 6147
693 237 12762
693 247 9481
693 260 16542
693 263 324
693 280 -4164
693 282 -12872
693 301 12477
693 329 -10323
693 332 -4373
693 364 -7700
693 391 5242
693 403 -14865
693 417 -252
693 460 -4283
693 481 -1047
693 503 -14695
693 535 7299
693 539 6539
693 543 -7126
693 562 7226
693 570 18148
693 682 18118
693 707 11062
693 735 5335
693 736 -18772
693 738 -9498
693 740 15571
693 761 11818
693 810 -425
693 876 17682
693 879 11031
693 885 -4900
693 901 -11065
693 909 -2362
693 969 -2933
693 987 10178
693 992 17202
693 993 15505
693 1004 3979
693 1008 2797
693 1016 -9034
694 6 5539
694 59 11587
694 85 -11236
694 102 -5943
694 138 -12131
694 148 598
694 198 14112
694 222 12644
694 240 8020
694 279 7978
694 295 -13885
694 297 2934
694 318 -17387
694 334 9756
694 338 8733
694 362 -18330
694 364 -5240
694 370 -680
694 385 -17402
694 412 -2405
694 418 3046
694 428 2319
694 480 -914
694 506 2961
694 525 3689
694 532 11870
694 570 -8510
694 582 -749
694 586 -18428
694 587 -1361
694 592 1139
694 601 -12213
694 616 17080
694 617 7247
694 619 -9694
694 643 -9276
694 674 -9515
694 769 17836
694 779 -6631
694 821 -17881
694 871 -569
694 875 -12664
694 880 -1961
694 894 -18656
694 945 9028
694 947 -17272
694 969 -6009
694 1006 4107
695 1 18760
695 23 7507
695 50 18452
695 71 -10704
695 121 -6059
695 128 9735
695 157 12692
695 172 -2290
695 205 -408
695 353 -6081
695 359 -14368
695 426 -5880
695 428 -1042
695 449 -14073
695 450 -1319
695 454 -7195
695 469 -13289
695 489 -10408
695 501 -17108
695 545 2843
695 554 8458
695 580 -9064
695 597 14079
695 615 -6475
695 637 16283
695 649 6582
695 653 -12499
695 667 -15336
695 681 -11433
695 722 -17904
695 731 13465
695 740 -16155
695 790 409
695 812 14601
695 822 -92
695 823 11034
695 833 6123
695 842 12163
695 895 11585
695 896 -18627
695 912 -15564
695 921 -8914
695 922 6085
695 923 -14771
695 928 -14337
695 937 14219
695 977 1823
695 1020 -7666
696 37 -8458
696 67 -17820
696 92 -4169
696 107 -17187
696 126 9825
696 153 12051
696 171 -16687
696 184 -6266
696 191 15724
696 197 -5800
696 202 2386
696 211 11283
696 241 -2557
696 304 14306
696 337 2121
696 339 882
696 402 8803
696 410 -61
696 415 -17278
696 422 -17403
696 454 -8928
696 542 -13645
696 558 -13606
696 564 -13226
696 568 -18680
696 570 18175
696 586 -512
696 623 713
696 634 -10191
696 636 15328
696 677 -14363
696 698 15192
696 721 14369
696 724 10730
696 757 -9206
696 758 2510
696 767 8817
696 789 -9923
696 798 11606
696 812 -17208
696 818 -16661
696 853 11431
696 855 -2828
696 862 -502
696 886 -11697
696 888 13602
696 917 1272
696 933 470
696 937 16478
696 986 3672
696 991 9113
696 997 15871
696 1000 -3865
697 27 1212
697 50 8711
697 52 18118
697 62 -12957
697 112 -17477
697 126 -12162
697 130 -1850
697 166 -6669
697 168 -14465
697 181 -11693
697 217 -16025
697 255 -13932
697 280 11938
697 293 2722
697 296 17640
697 357 -2087
697 392 -13049
697 398 -8901
697 435 -16776
697 466 11597
697 474 -4342
697 501 -2161
697 514 5387
697 536 -8177
697 539 -13294
697 571 6081
697 580 -17822
697 588 18344
697 614 14607
697 632 -8420
697 647 -15832
697 649 11666
697 661 -9561
697 663 12877
697 721 -18696
697 746 -16721
697 771 -14261
697 824 -10835
697 861 15934
697 869 9786
697 873 13534
697 888 14048
697 896 -6970
697 919 3586
697 930 8094
697 968 -11024
697 979 -9592
698 18 -11035
698 54 -160
698 64 -3239
698 68 10467
698 89 -538
698 92 -14172
698 97 -6136
698 102 5538
698 129 -2166
698 166 -8205
698 214 -10044
698 235 13925
698 236 -2319
698 250 12806
698 259 13254
698 265 17676
698 318 -5253
698 323 -12126
698 336 1887
698 338 12629
698 380 82
698 395 -16355
698 401 377
698 422 7903
698 453 -14568
698 477 -2185
698 534 -4195
698 584 -3879
698 586 -18060
698 589 -18727
698 597 8937
698 607 10974
698 643 -14174
698 673 8132
698 699 965
698 717 4722
698 722 12030
698 765 9470
698 796 983
698 820 9176
698 832 13162
698 886 -12311
698 887 4695
698 894 -6300
698 895 -7845
698 896 -6732
698 897 -8748
698 898 11640
698 906 -9923
698 960 -17446
698 968 -13099
698 971 2727
698 985 14792
698 1000 -17577
699 20 281
699 33 10915
699 112 -4591
699 115 -7633
699 157 11856
699 168 18380
699 216 10339
699 236 6407
699 279 -18654
699 289 -5706
699 297 -10785
699 311 -11784
699 335 17997
699 336 8087
699 389 -5246
699 418 17496
699 484 -13107
699 494 2435
699 524 -18324
699 527 7384
699 566 -8286
699 610 -686
699 612 6307
699 623 -9355
699 626 2716
699 628 18655
699 706 -18270
699 713 -6561
699 751 7603
699 756 -12951
699 761 3809
699 772 -11597
699 809 11177
699 829 -7606
699 838 13474
699 868 -9639
699 909 533
699 931 13194
699 933 4681
699 1003 11530
699 1004 -13696
699 1010 16651
700 41 14518
700 57 -507
700 85 1369
700 93 -4738
700 109 15398
700 110 14296
700 132 13468
700 165 -15913
700 237 2741
700 284 14605
700 338 -4850
700 340 17605
700 396 17375
700 405 11436
700 431 -17886
700 467 18485
700 468 17002
700 471 9242
700 476 2322
700 480 -3743
700 483 -1922
700 486 -17824
700 499 5630
700 521 -11562
700 541 8844
700 561 5562
700 567 10763
700 590 -13997
700 601 -16329
700 671 3954
700 676 15209
700 691 16082
700 740 -12465
700 745 15266
700 773 -11857
700 797 12424
700 804 -16577
700 808 -14268
700 847 -5779
700 854 2710
700 871 -12624
700 915 9469
700 916 7037
700 945 -16290
700 959 14417
700 960 12130
700 1001 -9574
701 1 -17048
701 40 5218
701 46 -2824
701 58 -5286
701 60 6423
701 105 -1484
701 120 3202
701 129 -6101
701 150 -11866
701 156 -15646
701 176 -5569
701 181 14577
701 217 3500
701 224 8037
701 228 17643
701 235 6472
701 240 2745
701 241 14936
701 269 12864
701 272 -5990
701 303 11564
701 354 6203
701 364 1765
701 385 -10592
701 388 6792
701 390 2382
701 401 12919
701 426 -4574
701 438 -11542
701 446 -523
701 459 12552
701 482 12086
701 505 6988
701 529 51
701 582 5251
701 612 -16862
701 628 -7611
701 636 13728
701 647 16973
701 648 13908
701 661 -1271
701 787 3563
701 799 16528
701 808 -9715
701 825 -1157
701 915 -5943
701 916 -2370
701 927 9774
701 942 -3188
701 955 -12818
701 982 293
701 1005 15156
701 1017 -9694
702 4 4882
702 25 -1885
702 30 17844
702 33 3614
702 46 -1568
702 78 -12872
702 80 12245
702 99 16510
702 129 1858
702 144 1631
702 149 -12123
702 155 -3048
702 157 -7039
702 160 6735
702 186 -2060
702 195 8962
702 198 16094
702 235 10646
702 240 -17736
702 245 -7886
702 333 5967
702 367 -18064
702 385 7163
702 399 13099
702 406 -16034
702 426 2196
702 450 7446
702 465 -9572
702 492 1372
702 566 -5879
702 600 -16863
702 605 -3318
702 625 7791
702 630 -5017
702 664 17530
702 682 -16534
702 711 -12367
702 717 14147
702 734 915
702 737 -13656
702 779 14970
702 787 -4550
702 805 -380
702 810 -2219
702 811 9105
702 828 -17492
702 832 18480
702 837 10232
702 848 -12794
702 862 -6826
702 867 -365
702 887 -9974
702 920 -5260
702 926 -4463
702 931 -13830
702 933 -9627
702 950 14779
702 984 -17289
702 985 -5798
702 1001 -1065
702 1019 -10289
702 1023 -2361
703 16 3476
703 38 3933
703 39 13718
703 48 -3582
703 49 10482
703 63 -17244
703 67 -4205
703 91 553
703 116 -115
703 130 -9834
703 140 15577
703 146 -7503
703 200 -13069
703 204 15461
703 216 5317
703 248 1673
703 275 -5842
703 283 -10035
703 311 11932
703 351 -2248
703 422 -11807
703 450 16890
703 455 -4722
703 479 1824
703 483 15155
703 508 -6519
703 518 5121
703 519 -2842
703 553 14309
703 559 -14741
703 565 -13979
703 575 13572
703 584 -14275
703 671 15828
703 696 5303
703 697 -4799
703 709 18389
703 719 -1999
703 763 -5650
703 812 -11800
703 898 1893
703 931 -13533
703 936 10252
703 958 6799
703 994 16757
703 1015 -17429
703 1021 -12871
704 0 -12532
704 12 -1667
704 25 -14938
704 34 7922
704 39 -885
704 63 8705
704 64 -10513
704 114 -7343
704 121 12901
704 134 3177
704 199 -2864
704 214 12676
704 223 15876
704 237 2468
704 274 9672
704 359 -11604
704 442 4220
704 464 3200
704 548 -786
704 632 15378
704 637 -3045
704 680 14894
704 702 3833
704 714 -11881
704 718 8284
704 723 6088
704 740 3208
704 751 7166
704 763 -17216
704 774 -5867
704 787 17545
704 793 16255
704 801 10659
704 849 8941
704 856 14681
704 860 -7855
704 901 -10583
704 951 -768
704 994 -12854
705 11 1872
705 29 -16186
705 41 -14537
705 49 14631
705 67 11999
705 83 -6148
705 126 -12197
705 131 -18577
705 136 -10831
705 181 -541
705 194 44
705 197 -296
705 216 11169
705 223 -2373
705 261 18610
705 271 -5390
705 304 6474
705 312 -13353
705 314 -1514
705 325 1361
705 377 -9766
705 402 15672
705 529 -9729
705 566 -13158
705 574 -10382
705 579 -8563
705 598 18390
705 640 3406
705 643 4982
705 663 -2054
705 702 -3640
705 704 1776
705 712 -17194
705 718 12232
705 719 -2785
705 737 9046
705 746 5218
705 807 -802
705 814 791
705 858 4088
705 900 15101
705 915 -884
705 926 -11185
705 941 -12837
705 952 11098
705 971 1170
705 1013 -8779
705 1020 11897
706 11 -15343
706 23 -17777
706 64 8900
706 158 7960
706 277 6293
706 283 1801
706 297 -2920
706 312 16441
706 316 -13740
706 328 -3180
706 339 -6129
706 340 -18202
706 366 -11338
706 376 10447
706 435 16200
706 437 -11587
706 446 12715
706 449 15552
706 473 -18375
706 493 -2917
706 521 11189
706 532 13756
706 612 11169
706 621 1044
706 627 204
706 680 2942
706 693 11152
706 717 17116
706 734 -533
706 750 -18553
706 760 -9383
706 781 17510
706 782 -5371
706 813 8802
706 843 -3613
706 856 -6098
706 875 -9969
706 915 -5385
706 948 -2813
706 967 -4585
706 979 -11785
707 42 -7748
707 50 2088
707 73 11464
707 80 9543
707 97 2146
707 250 13801
707 293 -18044
707 297 5320
707 309 -14443
707 332 -10740
707 363 -6318
707 405 16219
707 416 -1399
707 441 -10943
707 467 -18558
707 491 17252
707 505 -13424
707 530 14139
707 538 -14249
707 544 7165
707 549 -11555
707 608 4150
707 617 14029
707 630 -16961
707 642 4524
707 652 -14982
707 684 3394
707 686 -11436
707 698 -11457
707 701 12359
707 717 9838
707 773 7240
707 780 8246
707 786 -16838
707 809 -8329
707 834 -9757
707 854 8155
707 871 -4467
707 896 -6690
707 904 9678
707 912 -5744
707 914 2130
707 941 128
707 966 11320
707 984 -2048
708 12 3163
708 28 18635
708 33 -9919
708 63 5838
708 64 4579
708 84 -10423
708 97 12964
708 114 -17631
708 128 -12989
708 154 3215
708 170 734
708 176 -11607
708 197 7502
708 229 -16715
708 232 -9586
708 254 -13209
708 261 -850
708 270 -12466
708 300 9830
708 305 16245
708 341 396
708 355 5697
708 359 15872
708 370 7100
708 376 6996
708 384 -1875
708 427 11489
708 461 13086
708 464 1557
708 468 11232
708 472 9979
708 483 16984
708 514 -18657
708 526 8356
708 580 3384
708 595 3440
708 622 -6831
708 641 -17316
708 660 -16243
708 670 -9886
708 675 10076
708 698 3073
708 819 -14835
708 869 12955
708 872 -17542
708 939 5861
708 975 18260
708 982 14141
708 994 11433
708 995 -14101
709 0 12791
709 27 -10966
709 31 -11960
709 36 -16312
709 61 4487
709 75 12184
709 77 -16438
709 88 11796
709 130 -6231
709 136 6065
709 188 -14804
709 190 -18527
709 252 -4668
709 272 -14040
709 317 -8773
709 357 5010
709 403 17796
709 414 14719
709 432 -7160
709 452 -7556
709 469 -16484
709 485 13051
709 529 -8130
709 531 -7806
709 537 -12643
709 539 -13357
709 582 -11066
709 668 -17671
709 691 6928
709 693 -9087
709 701 -16110
709 771 -2112
709 829 -2061
709 854 -1446
709 861 -4657
709 907 -14861
709 929 -811
709 947 5758
709 958 9070
709 976 6008
709 980 2032
710 17 -2521
710 23 -15975
710 30 4290
710 51 -9820
710 87 379
710 97 -1288
710 106 -18078
710 115 10741
710 192 17221
710 198 -14779
710 203 13025
710 214 13954
710 222 -7454
710 280 -16260
710 363 6338
710 373 -15050
710 388 1315
710 390 5004
710 400 767
710 412 14865
710 435 5930
710 482 -2219
710 486 -16978
710 490 -3487
710 504 11579
710 516 -12781
710 592 -13338
710 644 10706
710 647 -10943
710 661 -7718
710 664 12363
710 683 16595
710 693 -1181
710 696 9767
710 711 3857
710 725 11332
710 798 -9846
710 801 -18625
710 803 -14591
710 852 -8052
710 854 -2328
710 862 4388
710 866 -7464
710 867 -16062
710 887 7389
710 901 3597
710 911 -7735
710 919 11617
710 920 10676
710 954 11345
710 1000 -10650
711 8 -18456
711 17 12557
711 21 13581
711 51 15774
711 52 -12378
711 56 5710
711 76 -1533
711 80 274
711 97 -15352
711 120 14142
711 156 748
711 218 -17962
711 242 17903
711 322 12027
711 336 7135
711 359 -1548
711 367 -11453
711 395 -9973
711 431 -4761
711 434 3471
711 447 13011
711 449 13373
711 463 1790
711 466 15007
711 499 -146
711 523 -3471
711 528 13005
711 566 7139
711 570 -10967
711 613 -13217
711 640 -12078
711 644 3654
711 649 15564
711 688 14943
711 690 -13701
711 739 -17469
711 757 -17433
711 792 3640
711 796 -1600
711 853 133
711 860 -17381
711 867 -12780
711 879 7443
711 888 -2044
711 894 7355
711 896 18122
711 947 -9808
711 948 4240
711 961 13950
711 967 8343
711 968 17464
711 983 17222
711 995 -17577
711 1013 1313
711 1018 8846
712 28 9746
712 60 7312
712 91 14497
712 93 6230
712 95 -14684
712 109 -2415
712 130 -1135
712 159 -12436
712 177 16080
712 184 10679
712 187 15841
712 214 -1769
712 232 -17665
712 239 -11284
712 253 -7921
712 255 -16576
712 260 -950
712 288 -1268
712 301 -5365
712 312 6518
712 332 12980
712 345 -4072
712 355 -1086
712 388 -15465
712 390 6368
712 471 -6356
712 475 -3027
712 479 7526
712 481 -1382
712 501 2970
712 521 12699
712 534 -10908
712 562 17765
712 573 -10694
712 575 -1721
712 585 -9900
712 604 14544
712 609 -13122
712 611 13260
712 637 -12457
712 674 11460
712 682 -9489
712 696 -8545
712 741 -13790
712 755 10385
712 757 -110
712 758 -9423
712 765 -11072
712 767 -8761
712 768 12901
712 787 16708
712 803 12428
712 826 -18722
712 847 14645
712 866 -10892
712 879 -12565
712 923 -18547
712 929 -17051
712 937 1324
712 970 13981
712 1006 15816
712 1010 -11731
712 1022 -14138
712 1023 3316
713 1 -15750
713 30 -7047
713 79 10697
713 105 -10379
713 110 13653
713 115 12077
713 132 15047
713 136 12616
713 192 15064
713 197 -18106
713 200 -6924
713 210 -397
713 244 -998
713 249 4826
713 253 -17934
713 276 -10573
713 278 -18162
713 287 -13561
713 296 -18026
713 311 -13167
713 324 -9801
713 325 -8265
713 339 285
713 389 -6732
713 403 -8051
713 430 -6426
713 460 -14694
713 480 -11542
713 494 3128
713 514 9819
713 525 18331
713 549 -8420
713 603 8486
713 611 4499
713 614 2184
713 622 545
713 711 11273
713 715 -13796
713 749 16764
713 844 11824
713 853 13887
713 858 7607
713 864 -9018
713 865 -1180
713 885 -5439
713 922 7621
713 971 -13755
713 993 -2156
713 999 15583
714 8 18628
714 23 -15678
714 29 15797
714 65 18410
714 84 -9546
714 88 3108
714 118 -1847
714 119 16939
714 145 17666
714 159 8609
714 189 -3397
714 227 -16148
714 235 14502
714 238 -1205
714 242 -2707
714 250 10108
714 257 -11054
714 269 6912
714 323 -18664
714 325 -18448
714 340 15261
714 376 2305
714 439 10471
714 461 -17128
714 462 11100
714 481 7657
714 485 4653
714 493 17236
714 566 -2544
714 568 -15376
714 595 13365
714 624 -10283
714 636 -3416
714 656 -15954
714 674 -9565
714 708 493
714 717 10190
714 731 -10845
714 752 7619
714 777 5896
714 783 -8554
714 792 17573
714 794 -2426
714 796 17189
714 828 6851
714 852 15689
714 862 6203
714 868 -5964
714 871 1737
714 875 7122
714 891 16006
714 899 15031
714 918 12308
714 932 -15569
714 939 -11187
714 990 3091
714 1022 12352
715 5 1424
715 49 3505
715 65 11718
715 143 4737
715 152 8835
715 154 -936
715 180 14001
715 227 2169
715 284 -6096
715 304 5790
715 343 -16367
715 361 7718
715 371 -8110
715 372 8998
715 392 -2052
715 416 5991
715 437 9537
715 444 11737
715 450 -2237
715 483 4886
715 493 261
715 527 -1301
715 548 9956
715 576 1713
715 593 6508
715 663 12432
715 676 2727
715 704 -9888
715 732 -4185
715 733 12084
715 781 3008
715 791 15783
715 793 -13584
715 814 7128
715 830 9538
715 833 -13304
715 849 18552
715 881 18107
715 893 12128
715 902 -18048
715 904 -9805
715 940 12672
715 966 890
715 992 -8266
715 1001 -13423
715 1012 -16180
715 1020 15718
716 11 12989
716 18 17376
716 40 -16288
716 46 -11784
716 75 5528
716 76 11925
716 85 11066
716 86 5717
716 146 16851
716 148 9320
716 158 -12592
716 166 17772
716 184 -7398
716 186 351
716 187 -13289
716 190 -14122
716 191 -11857
716 249 -11150
716 258 18438
716 272 21
716 275 14080
716 287 11026
716 311 -13185
716 328 -7629
716 363 487
716 393 3223
716 419 8461
716 427 11276
716 441 -4054
716 468 18537
716 506 -13571
716 512 -10437
716 549 13338
716 555 17388
716 587 8446
716 607 5227
716 611 200
716 627 10526
716 661 6941
716 684 -1257
716 717 13915
716 750 14789
716 752 -13632
716 780 -15571
716 788 -8508
716 794 -16338
716 795 6610
716 806 -5166
716 807 4476
716 815 -2787
716 843 -4270
716 875 -11740
716 885 6828
716 901 1388
716 938 -12560
716 945 -5222
716 970 -17203
716 979 -10017
716 1000 3692
716 1015 12845
717 0 11778
717 4 -11204
717 9 4733
717 10 -1619
717 22 7141
717 24 11898
717 122 -5824
717 160 12826
717 183 -15767
717 191 12791
717 192 -17374
717 203 -5326
717 205 -4583
717 262 -14391
717 265 4725
717 287 12951
717 298 -13559
717 311 3515
717 394 -6332
717 405 -1064
717 466 9789
717 523 9975
717 527 5602
717 531 12299
717 534 5913
717 552 -18759
717 583 13297
717 595 11683
717 597 -12315
717 607 -6790
717 609 27
717 623 3480
717 643 12921
717 668 1070
717 677 -17222
717 705 -4404
717 707 -499
717 733 4413
717 762 -4797
717 813 3069
717 841 -12330
717 842 -17932
717 860 -17162
717 878 -18567
717 886 11760
717 890 -12419
717 893 -1108
717 915 -7265
717 940 3478
717 945 13726
717 954 11770
717 956 -6785
717 964 18025
717 980 -13889
717 988 5191
717 994 -10196
717 1004 -5691
718 4 4680
718 5 -8206
718 31 -3063
718 64 -13180
718 122 986
718 220 14852
718 226 15310
718 245 -18389
718 247 2131
718 251 -1035
718 285 -8410
718 301 16647
718 328 -13175
718 338 -8835
718 346 -4549
718 355 -14351
718 368 -4522
718 402 -14607
718 409 -13549
718 420 -14392
718 422 -10605
718 424 11526
718 433 7708
718 451 15468
718 456 -13201
718 501 7261
718 503 15107
718 505 3592
718 511 6547
718 521 -16772
718 573 -6018
718 631 11818
718 646 1614
718 664 -8235
718 689 -5306
718 699 11847
718 734 13688
718 763 6092
718 770 -7369
718 805 16163
718 813 -16973
718 822 892
718 839 -4177
718 873 -4032
718 899 15396
718 919 6329
718 971 10761
719 48 -15993
719 55 3436
719 59 -18094
719 62 -5991
719 110 -4243
719 136 17360
719 167 10817
719 191 5174
719 224 -11299
719 237 16936
719 256 938
719 267 15830
719 312 9403
719 323 -7817
719 346 17614
719 406 8750
719 425 15592
719 461 15561
719 462 -8627
719 476 9151
719 492 -5134
719 501 14162
719 511 7219
719 520 9909
719 525 -1244
719 612 -15032
719 631 15593
719 632 18556
719 654 17649
719 677 8901
719 686 -5842
719 693 -7974
719 698 -3666
719 771 -15690
719 812 -5054
719 828 -16792
719 837 -15325
719 918 -3172
719 965 -1540
719 988 2150
720 13 -4172
720 25 8910
720 58 15441
720 102 12539
720 107 -13711
720 119 -14446
720 161 -13556
720 164 -17139
720 234 -16970
720 236 -11391
720 255 -12664
720 267 8449
720 272 16204
720 279 11282
720 281 -7824
720 295 8509
720 367 -6625
720 368 -9756
720 369 -9952
720 375 7326
720 380 4532
720 383 -9525
720 402 -11673
720 415 -15142
720 434 -17722
720 484 -9238
720 527 -14782
720 530 1889
720 540 -1657
720 557 -10498
720 562 4785
720 568 -6623
720 609 -3947
720 618 -5757
720 619 -5882
720 626 -11061
720 637 16771
720 638 12728
720 646 -16079
720 663 16606
720 667 -2536
720 672 -10751
720 684 15760
720 686 12583
720 698 -3901
720 725 599
720 762 3661
720 775 13008
720 813 10211
720 814 -17986
720 819 -664
720 835 18657
720 860 6814
720 870 12329
720 872 5601
720 891 10022
720 919 6378
720 920 -6785
720 938 17757
720 939 15231
720 962 -12921
720 981 -12196
720 984 5607
720 994 -268
720 1006 -1108
720 1007 14849
721 16 -7492
721 47 -13109
721 126 18540
721 187 -17988
721 193 -6277
721 199 18533
721 216 58
721 267 -15572
721 273 -14131
721 274 15137
721 338 -6084
721 372 13713
721 378 -16808
721 394 -10447
721 410 3047
721 420 671
721 500 -4911
721 572 -4186
721 579 11105
721 600 15131
721 629 3066
721 653 6278
721 663 15424
721 682 -10137
721 701 3957
721 782 14305
721 796 -17038
721 804 16110
721 822 3216
721 856 18330
721 872 -1693
721 884 4091
721 885 -8609
721 888 1137
721 899 -946
721 912 -5334
721 937 6983
721 982 15869
722 45 18695
722 57 -5933
722 75 7581
722 84 10192
722 98 -284
722 119 7401
722 140 3788
722 191 -7235
722 234 -9368
722 245 -7666
722 276 -2038
722 301 13915
722 327 -5589
722 336 -9192
722 341 -6364
722 392 3250
722 418 -18026
722 458 -11278
722 478 -4292
722 489 18096
722 537 -17879
722 541 16610
722 547 -18155
722 572 -3121
722 618 11746
722 628 14574
722 644 13224
722 654 -16056
722 673 10222
722 714 -6316
722 715 -15819
722 764 -14697
722 791 12536
722 792 13034
722 803 16266
722 836 16645
722 849 -2434
722 850 16624
722 866 -17006
722 875 -10921
722 885 7546
722 913 -14513
722 923 -4219
722 926 -11810
722 953 -6955
722 954 18760
722 955 18744
722 999 -674
722 1008 2474
722 1019 -3373
723 15 5596
723 30 959
723 31 14376
723 46 -8811
723 58 2416
723 66 -6504
723 70 10151
723 82 3351
723 91 -16589
723 98 -16610
723 102 -3263
723 109 -9679
723 111 7265
723 114 -17232
723 130 533
723 166 -9897
723 168 606
723 230 -9566
723 239 -12741
723 244 15026
723 261 42
723 287 17561
723 354 -10780
723 413 -7277
723 436 -8085
723 527 -12649
723 550 16466
723 552 2153
723 555 -18097
723 568 2315
723 585 -1359
723 598 -6780
723 622 -10074
723 624 -13275
723 642 -5115
723 666 9938
723 668 -753
723 721 385
723 724 895
723 740 -15605
723 757 18019
723 766 16353
723 787 351
723 850 9890
723 876 562
723 892 8910
723 911 9607
723 933 10609
723 957 17647
723 967 -7493
723 979 810
723 980 -6804
724 20 5643
724 23 -15
724 41 -18171
724 46 -10190
724 72 -7340
724 74 -17153
724 79 4938
724 80 -17255
724 84 -10445
724 116 -9872
724 151 17652
724 156 13846
724 166 16338
724 168 4243
724 187 16366
724 206 -4239
724 208 -948
724 223 -10586
724 240 -12940
724 247 12522
724 337 17065
724 345 461
724 354 -1395
724 388 -372
724 409 12348
724 411 5649
724 413 10203
724 424 -13822
724 436 14743
724 481 -3645
724 495 6069
724 504 2555
724 586 1943
724 606 8751
724 638 -5927
724 646 15033
724 647 -13903
724 652 -17490
724 683 8532
724 694 14263
724 698 6357
724 706 9894
724 743 11887
724 755 11541
724 776 -12362
724 787 6013
724 817 10301
724 822 5928
724 828 14236
724 845 -4975
724 876 11113
724 916 18102
724 949 -18038
724 963 -10222
724 983 8921
724 986 3475
724 1004 -13756
725 10 10231
725 18 -7582
725 38 14557
725 56 10335
725 79 13276
725 83 8000
725 123 -7911
725 127 15415
725 159 -17389
725 224 15138
725 227 -9138
725 282 -11606
725 386 -10398
725 432 -8682
725 461 -1811
725 477 10174
725 490 8322
725 530 -12733
725 556 -2726
725 576 3649
725 580 -16968
725 596 -14693
725 636 4314
725 651 -5707
725 654 15142
725 655 -1206
725 671 18630
725 679 -13880
725 684 12066
725 723 7743
725 783 12162
725 811 -7026
725 844 -2727
725 848 -12868
725 849 -15533
725 850 7801
725 878 7612
725 882 2326
725 886 10451
725 899 7628
725 907 4755
725 919 -8917
725 924 8565
725 930 16464
725 985 18053
725 990 -3868
726 6 -6002
726 40 14051
726 58 -2417
726 95 2832
726 106 -15184
726 120 -5899
726 172 -15933
726 207 13070
726 223 -1531
726 246 2
726 261 -1217
726 321 11262
726 358 -14264
726 366 436
726 368 14254
726 377 -13172
726 378 -8480
726 396 7068
726 411 17403
726 435 7068
726 448 -15186
726 459 7301
726 485 2255
726 503 15468
726 514 -8116
726 532 1217
726 534 -7891
726 549 -12033
726 583 -3798
726 588 -4468
726 598 3402
726 647 -6266
726 663 13552
726 664 17139
726 685 12961
726 690 13644
726 699 2305
726 719 5545
726 743 -14230
726 779 -2049
726 800 10068
726 821 1291
726 840 -9558
726 841 -6771
726 855 -8843
726 864 16291
726 932 9163
726 953 -13526
726 957 -7258
726 983 12290
726 988 -14576
727 34 5313
727 36 5075
727 63 12519
727 68 -6392
727 78 8381
727 88 10063
727 160 -15835
727 190 6951
727 290 -623
727 301 14221
727 324 -5342
727 342 5267
727 355 -3647
727 385 -18636
727 406 -15714
727 413 9398
727 425 -11053
727 460 -8135
727 464 3087
727 505 13415
727 531 -15546
727 570 -6220
727 600 10246
727 618 6898
727 624 5693
727 627 -18193
727 653 13978
727 671 -12594
727 701 -7592
727 727 5504
727 732 65
727 743 11708
727 765 -2420
727 779 14300
727 792 -10677
727 803 9717
727 835 -18586
727 881 -14150
727 887 2602
727 923 -4055
727 928 10371
727 933 -959
727 935 -17181
727 944 3885
727 985 2241
727 1002 -17113
727 1019 -14203
728 26 -12957
728 37 -3828
728 75 -10067
728 79 7211
728 94 -4534
728 137 -12356
728 225 -1193
728 228 -18204
728 278 -9595
728 292 958
728 307 -4138
728 308 3340
728 320 16256
728 327 1301
728 337 8297
728 358 -12694
728 379 -11526
728 432 -15352
728 441 -14130
728 467 11534
728 502 14717
728 550 6534
728 595 5500
728 602 12872
728 612 6133
728 660 -7768
728 673 8294
728 699 14128
728 706 -1034
728 722 17089
728 729 -1020
728 751 15644
728 755 7488
728 770 3694
728 781 -15052
728 791 -7666
728 793 11706
728 806 14168
728 853 45
728 872 -2581
728 873 10597
728 931 -13290
728 934 -8560
728 978 -17413
728 993 7485
728 1003 4229
728 1009 -17283
728 1014 11877
729 40 13250
729 58 1744
729 69 -10989
729 96 1165
729 123 -9883
729 133 -17951
729 144 12666
729 149 6168
729 164 12253
729 167 -11597
729 175 -15286
729 188 7094
729 210 -3139
729 219 -14876
729 248 -8968
729 256 -18109
729 295 8337
729 316 3633
729 320 17312
729 322 1168
729 323 12985
729 361 10970
729 370 -3190
729 412 -4936
729 542 -18724
729 566 -8789
729 606 4886
729 624 -1321
729 635 1508
729 641 17563
729 653 -8633
729 670 22
729 680 12768
729 683 1981
729 716 -17755
729 717 7534
729 722 -806
729 737 16923
729 799 -9114
729 818 13311
729 832 -5356
729 879 10364
729 894 -3381
729 901 -3820
729 902 448
729 930 5548
729 932 16749
729 939 13108
729 949 -18282
729 974 -17644
729 979 10803
729 986 -13214
729 991 -3020
729 994 -2601
729 998 17475
729 1015 -15841
730 54 11524
730 63 -9179
730 83 18354
730 108 -2143
730 110 -12205
730 116 2887
730 131 16716
730 171 2170
730 211 -14264
730 217 -15345
730 232 17511
730 240 11058
730 264 14375
730 272 -13093
730 290 -16545
730 333 11725
730 344 -16167
730 351 13572
730 364 -17122
730 410 -1224
730 434 7125
730 454 -8875
730 466 -13563
730 472 -2861
730 520 4199
730 549 15441
730 560 8058
730 584 7390
730 590 16772
730 684 -14048
730 688 8844
730 696 -1808
730 711 -10611
730 719 4475
730 752 18430
730 765 14254
730 766 16351
730 778 9382
730 784 5456
730 814 -13345
730 826 -1739
730 846 -14002
730 850 -14639
730 854 -2818
730 857 -11593
730 865 379
730 878 -2791
730 914 14554
730 937 11234
730 943 -11050
730 968 9063
730 1001 -16962
730 1005 -12483
731 14 -18407
731 33 10585
731 34 -10067
731 37 -4587
731 41 -16974
731 96 -3445
731 105 -1582
731 172 5457
731 188 16660
731 191 7013
731 220 -8138
731 228 -6552
731 252 -16308
731 253 -11087
731 255 17520
731 263 -7915
731 332 -3266
731 335 -8276
731 347 -17489
731 350 -3055
731 434 -18615
731 484 -8847
731 501 -13057
731 565 -9693
731 578 -18563
731 583 14451
731 596 -7833
731 608 5070
731 611 -16745
731 613 4777
731 630 2359
731 632 -13430
731 639 4898
731 640 -10165
731 644 -12549
731 697 -6173
731 736 -9138
731 777 -11763
731 783 16459
731 829 -17186
731 834 -2413
731 875 6149
731 881 -10854
731 887 -17730
731 900 -15515
731 919 17278
731 1010 -5707
732 27 -10335
732 35 9174
732 63 -13502
732 96 9224
732 112 -11038
732 119 17014
732 135 -1416
732 165 -4018
732 167 8883
732 173 -4280
732 191 -4513
732 198 10439
732 265 7508
732 296 -11713
732 313 15141
732 318 -8124
732 342 17457
732 351 14547
732 428 -13695
732 447 -13442
732 450 -7903
732 453 9026
732 457 1105
732 490 -7288
732 536 -2776
732 539 9596
732 550 -8465
732 558 -1634
732 568 18066
732 594 -4750
732 609 8945
732 654 -15345
732 740 -16604
732 769 -8363
732 789 -17038
732 795 -5411
732 809 -15690
732 911 -8582
732 954 -4345
732 1000 16040
733 4 13831
733 11 -13494
733 13 5823
733 23 11155
733 26 12458
733 37 15281
733 44 -16422
733 49 -14101
733 65 15591
733 71 -10579
733 95 -6804
733 107 -6731
733 119 -13056
733 133 12424
733 154 -10973
733 158 -4712
733 205 -17109
733 210 6857
733 247 -3724
733 265 280
733 285 -6145
733 379 10051
733 384 7912
733 390 -16938
733 414 -13741
733 464 7182
733 473 -11540
733 481 10446
733 492 7726
733 588 -12377
733 591 -11064
733 637 11347
733 677 -16975
733 737 -3240
733 748 -4283
733 781 -2276
733 782 -8477
733 784 13967
733 798 168
733 829 -7621
733 873 298
733 886 -3080
733 946 -7294
733 967 3947
733 981 5017
733 985 15526
733 999 14713
733 1016 -10044
734 27 10156
734 45 -3422
734 46 -11342
734 71 -15398
734 84 -12134
734 88 -17755
734 99 10742
734 114 -11211
734 123 15845
734 127 -16890
734 149 6474
734 167 3805
734 267 1816
734 291 -9121
734 299 -16607
734 361 13654
734 412 -9211
734 436 11468
734 444 9804
734 475 3512
734 508 729
734 515 14244
734 526 -15444
734 527 1230
734 536 -5049
734 537 6746
734 584 -13129
734 618 6100
734 620 -6462
734 637 2077
734 654 -10132
734 655 9721
734 671 12264
734 688 -8746
734 694 -9232
734 700 8810
734 704 5825
734 712 6810
734 717 3523
734 724 14162
734 741 -8578
734 755 13684
734 775 -5552
734 808 4575
734 847 -7458
734 860 13933
734 862 15025
734 868 -1081
734 875 142
734 888 7936
734 889 -16765
734 890 -14407
734 901 -6845
734 946 -2076
734 952 -10228
734 961 -7698
734 968 12760
734 983 4408
734 990 887
735 69 -13035
735 70 -7837
735 90 -4734
735 97 -5139
735 105 -14198
735 177 -6728
735 191 11720
735 193 -16841
735 198 13838
735 247 7744
735 261 16032
735 287 -5013
735 288 -16787
735 289 -2308
735 307 4974
735 322 -5236
735 326 -11555
735 372 818
735 433 -14618
735 434 16375
735 449 15615
735 460 17969
735 465 -6596
735 509 -2257
735 583 -6688
735 590 17867
735 593 -3178
735 595 -10092
735 615 2562
735 665 -17972
735 684 -818
735 692 9729
735 700 -4925
735 723 15140
735 726 17826
735 734 5198
735 762 -15347
735 795 16831
735 796 -17088
735 826 -5915
735 887 -2107
735 921 -11402
735 934 -17774
735 947 8282
735 962 -3938
735 973 -714
735 976 -9632
735 995 4929
736 22 -717
736 35 -18274
736 38 -17260
736 59 12224
736 93 15932
736 100 2086
736 130 467
736 139 13648
736 149 14235
736 189 918
736 226 -4997
736 240 10331
736 268 -8307
736 290 13979
736 300 13925
736 332 3373
736 362 9918
736 363 -9995
736 394 12595
736 395 -13783
736 400 17961
736 423 10352
736 438 -3997
736 449 -9393
736 483 -2653
736 520 7872
736 543 602
736 563 6650
736 571 -10940
736 595 -891
736 666 14867
736 673 -14220
736 674 -7159
736 678 17753
736 696 -5251
736 753 11584
736 754 -6890
736 757 13875
736 769 9984
736 771 -9172
736 785 1921
736 870 10034
736 874 -4294
736 885 -8174
736 894 4605
736 895 11823
736 914 4700
736 922 -2214
736 933 1805
736 944 -1566
736 978 -12919
736 979 -12123
736 982 -10230
736 985 -16519
736 1000 -10554
736 1007 5152
737 33 -15653
737 57 -1690
737 66 11276
737 80 3706
737 82 6101
737 93 -13395
737 123 -14311
737 130 1991
737 135 -5237
737 152 257
737 221 335
737 225 -10331
737 230 4937
737 240 -10015
737 243 5561
737 258 -7644
737 271 -3354
737 298 12395
737 378 -15661
737 381 13303
737 383 8323
737 406 -29
737 426 -10220
737 435 -128
737 480 -12000
737 492 16705
737 508 -8294
737 551 17632
737 556 -10524
737 563 -277
737 589 -2043
737 604 5211
737 623 -11181
737 744 6571
737 788 -3091
737 817 3459
737 829 -16903
737 831 -6379
737 835 10140
737 847 -5660
737 894 -17224
737 922 3770
737 952 -9190
737 963 -10022
737 967 -14263
737 1011 15525
737 1021 379
738 19 -4909
738 25 2678
738 26 -163
738 83 11760
738 84 -9014
738 133 1644
738 164 7569
738 186 -3195
738 199 -5321
738 203 5830
738 214 15031
738 245 5404
738 254 -14575
738 269 -15185
738 275 2389
738 306 514
738 325 -3455
738 331 17125
738 371 -7100
738 437 -322
738 460 -6092
738 474 15228
738 489 14895
738 529 -6498
738 536 -2115
738 548 17400
738 622 4408
738 653 12602
738 655 -12721
738 662 -1523
738 691 -11688
738 703 -7112
738 705 9268
738 711 8013
738 728 -7262
738 739 14995
738 741 -17021
738 763 -16814
738 788 -12557
738 803 4328
738 805 -3577
738 813 -2553
738 821 -4970
738 823 14041
738 845 -7169
738 869 13518
738 912 -8497
738 920 17280
738 921 -7363
738 932 -456
738 959 -4382
738 993 16492
738 1006 14408
739 111 -1521
739 138 42
739 142 -16859
739 154 -13850
739 260 3085
739 293 -15488
739 308 -18230
739 354 6128
739 368 -6286
739 374 16529
739 399 -11174
739 402 9810
739 421 7596
739 467 -4343
739 492 15275
739 493 -1993
739 517 -2177
739 553 -15825
739 585 -7636
739 600 -3618
739 608 -1237
739 609 -17613
739 666 5139
739 667 5819
739 687 13066
739 689 -17483
739 697 -14898
739 717 4808
739 762 -13691
739 817 -8179
739 830 -4691
739 836 8336
739 849 10378
739 864 -4178
739 892 -16093
739 906 17352
739 954 -10830
739 957 16982
739 959 12191
739 993 -12680
739 999 -9415
740 38 -3124
740 60 7718
740 82 -4349
740 89 -14736
740 90 10542
740 106 -12378
740 146 -6522
740 157 -18151
740 173 -2691
740 184 -15568
740 205 -9208
740 259 3021
740 277 7065
740 282 10704
740 306 9872
740 307 4830
740 320 3046
740 349 9156
740 358 -10167
740 361 -1719
740 404 -8111
740 407 -13452
740 414 -8801
740 429 16653
740 445 -8276
740 456 17526
740 487 370
740 495 -353
740 522 13433
740 652 -4615
740 663 4999
740 679 -13019
740 710 7567
740 735 -10888
740 742 -11277
740 745 12665
740 754 2744
740 775 -13820
740 780 751
740 794 6584
740 797 11559
740 815 6892
740 832 -15425
740 851 -649
740 853 -14715
740 854 -8369
740 865 -4174
740 888 -7818
740 900 6020
740 919 6292
740 939 -10181
740 953 -8794
740 957 9882
740 962 6579
741 5 -13445
741 77 18065
741 83 6036
741 95 -14799
741 105 7377
741 126 13867
741 142 10640
741 149 1101
741 156 -323
741 171 2178
741 189 17370
741 218 -3535
741 226 6230
741 238 6050
741 242 13056
741 276 10019
741 313 8806
741 314 -18559
741 321 -17836
741 333 -6420
741 353 -8599
741 366 -10074
741 381 15418
741 390 -302
741 417 -17813
741 470 13854
741 472 11503
741 495 -12667
741 515 -14353
741 545 -4689
741 609 10883
741 620 -16244
741 647 12012
741 655 -17303
741 663 15967
741 694 -16418
741 730 2738
741 750 -16143
741 836 18165
741 850 -13372
741 880 13431
741 896 -1475
741 900 -5436
741 901 -2681
741 1010 -4991
741 1021 14663
742 2 -5870
742 13 -14850
742 18 -11018
742 75 4873
742 102 1994
742 107 4891
742 120 13839
742 133 -7031
742 159 3795
742 165 -4100
742 173 -20
742 177 -5606
742 180 9411
742 188 11662
742 197 -924
742 205 217
742 207 -15910
742 237 -17179
742 253 7851
742 258 -4033
742 275 -361
742 283 12420
742 367 11179
742 392 15765
742 416 -1115
742 469 493
742 470 2556
742 491 18239
742 527 6804
742 540 -7167
742 597 2461
742 608 11157
742 614 5374
742 655 4789
742 659 -15955
742 669 -18262
742 702 11439
742 707 11008
742 708 -614
742 728 13920
742 733 18225
742 740 -5867
742 742 10057
742 756 -6441
742 790 -18149
742 834 -17529
742 852 10674
742 856 -18466
742 866 -2111
742 883 -1059
742 888 15353
742 900 14472
742 914 -1971
742 926 -5542
742 958 9694
742 978 -14300
742 995 3071
742 1018 -10900
743 10 -62
743 21 -4594
743 35 -18371
743 65 -1139
743 84 14921
743 123 11755
743 141 9455
743 144 4786
743 178 11170
743 194 -1139
743 200 10054
743 213 -15172
743 223 14208
743 239 15949
743 244 18177
743 254 5276
743 279 10724
743 321 -10837
743 339 9974
743 353 7423
743 362 -2128
743 381 9290
743 409 -8597
743 412 -6189
743 439 3690
743 442 -17077
743 453 9955
743 496 -17544
743 507 9740
743 517 4114
743 543 -11637
743 562 22
743 577 -16510
743 580 9381
743 591 15223
743 596 17482
743 612 133
743 653 -16747
743 655 -1259
743 681 -15957
743 682 7463
743 748 -4677
743 786 -9738
743 802 6406
743 829 -5718
743 834 13025
743 844 13936
743 848 5751
743 869 18095
743 872 9928
743 880 12821
743 907 2240
743 931 2502
743 964 -16575
743 975 -511
743 1007 15515
743 1008 13535
743 1020 -1739
744 84 -2663
744 100 1772
744 113 3255
744 119 14103
744 155 9726
744 156 -557
744 176 8359
744 185 -14970
744 202 8956
744 220 -17814
744 234 1325
744 254 17972
744 291 10565
744 304 -18642
744 327 -4635
744 328 -12682
744 352 -1729
744 389 -18209
744 423 -11472
744 444 5797
744 481 230
744 501 -1111
744 503 15664
744 506 -6209
744 517 7451
744 556 11065
744 575 8736
744 615 18362
744 649 -3492
744 654 -1434
744 668 -10963
744 669 1888
744 680 -1081
744 735 -18494
744 739 -10165
744 741 -13524
744 743 12576
744 790 -9411
744 803 11895
744 806 1906
744 864 -8661
744 865 -17294
744 911 13376
744 914 -9489
744 938 -15990
744 956 -15232
744 963 -14872
744 980 -18169
745 32 2203
745 34 2416
745 37 -16748
745 39 -1771
745 52 7861
745 57 -10797
745 87 3219
745 90 -14412
745 100 -6001
745 108 -16733
745 115 15580
745 138 -290
745 145 -9834
745 171 -12707
745 200 -14852
745 233 2213
745 234 13327
745 246 8086
745 264 14270
745 283 8328
745 287 7329
745 292 -12852
745 294 -6142
745 305 -7356
745 326 17620
745 348 18124
745 362 15700
745 374 1724
745 426 16178
745 447 17687
745 459 11100
745 472 -8572
745 478 5548
745 508 10572
745 517 -10802
745 553 17412
745 561 -17334
745 576 11154
745 597 -13854
745 598 1889
745 623 -13991
745 632 3153
745 638 17237
745 662 3121
745 669 13552
745 675 -636
745 709 8866
745 722 -9590
745 723 -5292
745 762 8110
745 766 -12816
745 767 -14360
745 787 454
745 796 276
745 810 5692
745 818 -9400
745 864 3181
745 874 1009
745 910 12240
745 911 15966
745 920 12456
745 932 -14606
745 946 -9108
745 976 7884
745 987 1844
746 75 12187
746 107 2299
746 127 16301
746 141 7675
746 145 -8659
746 162 -3022
746 188 -4201
746 209 -15466
746 218 -1707
746 237 -4159
746 245 -6896
746 267 -13944
746 301 -15623
746 309 15372
746 315 -4438
746 321 8933
746 322 7491
746 333 15951
746 349 3944
746 390 -4676
746 395 -7448
746 417 701
746 476 -12748
746 513 -10391
746 517 6432
746 523 2660
746 530 12609
746 566 3679
746 586 6199
746 628 5101
746 642 -7952
746 650 17286
746 657 12156
746 664 -12610
746 715 9248
746 725 17018
746 732 -11129
746 737 3547
746 744 -13173
746 770 2366
746 784 6283
746 804 -13026
746 807 -448
746 816 11414
746 821 1830
746 829 -6941
746 854 -1134
746 929 9534
746 945 7837
746 968 11148
746 997 1838
746 1017 15636
746 1019 2605
747 10 -9430
747 22 -4435
747 25 6896
747 31 -6494
747 49 9086
747 54 15547
747 84 -4579
747 103 280
747 144 -5722
747 152 8060
747 164 -3431
747 183 5890
747 184 -4899
747 187 13682
747 211 -11625
747 235 -14069
747 249 -13423
747 257 12504
747 266 -1787
747 279 7443
747 282 -5128
747 303 8524
747 306 -6883
747 331 9478
747 350 10165
747 379 -9121
747 386 7757
747 389 -2047
747 404 2399
747 415 -7624
747 432 18420
747 444 -9793
747 447 9579
747 468 -16440
747 470 18239
747 471 -18609
747 545 10462
747 563 -10730
747 585 -8433
747 602 -5645
747 618 -320
747 650 -10710
747 652 9153
747 654 8212
747 663 6075
747 715 -8188
747 730 12420
747 735 14880
747 737 17490
747 755 2769
747 758 -11383
747 765 1996
747 794 10060
747 811 6091
747 812 -8662
747 902 -1897
747 909 -9897
747 923 17971
747 954 11034
747 961 10062
747 982 -140
747 995 -219
747 996 -10575
747 999 3035
748 10 -15672
748 36 -12816
748 54 5527
748 64 3348
748 85 16879
748 98 -6909
748 110 15163
748 121 -13844
748 169 6531
748 244 14919
748 258 15801
748 296 17142
748 297 -3315
748 318 8301
748 410 -12662
748 421 15154
748 444 -12261
748 499 -3515
748 500 1709
748 511 12184
748 518 6537
748 534 -16619
748 564 -6719
748 584 -1865
748 589 4175
748 611 6576
748 619 -935
748 740 6953
748 741 -15552
748 769 -12240
748 776 -11468
748 778 -3153
748 781 18319
748 819 -5044
748 860 17476
748 885 3234
748 899 13743
748 960 14243
748 971 7955
748 994 11786
749 27 17787
749 39 -5382
749 42 12852
749 48 3862
749 86 -15387
749 99 13488
749 159 5771
749 172 -1462
749 177 5250
749 194 15876
749 195 -1244
749 217 12007
749 221 16757
749 223 13184
749 251 -1297
749 275 -1124
749 288 -4176
749 359 17474
749 382 -5123
749 400 8693
749 457 -14743
749 460 9158
749 467 15276
749 506 -8680
749 528 11667
749 544 824
749 545 -8806
749 581 -5232
749 582 10327
749 607 -10170
749 630 -6782
749 635 -18408
749 639 -3901
749 665 8832
749 672 16945
749 710 -14547
749 723 -453
749 729 -7727
749 731 13437
749 740 2961
749 773 10543
749 779 9785
749 795 7202
749 798 3283
749 872 -5530
749 875 17123
749 881 -2166
749 886 16592
749 890 6472
749 891 -16815
749 924 5203
749 928 -12868
749 988 14790
749 1019 16831
750 12 -5578
750 16 -14672
750 26 17766
750 119 4582
750 121 -17019
750 122 14923
750 154 14238
750 155 285
750 165 6251
750 173 -10199
750 182 11936
750 194 -3514
750 212 -13228
750 225 4111
750 245 -2928
750 285 5271
750 297 -16807
750 309 -6404
750 318 -9242
750 396 -16550
750 460 3069
750 463 8091
750 503 10440
750 510 5448
750 512 -12166
750 515 7137
750 521 4805
750 528 -4062
750 560 -14960
750 564 15021
750 574 15461
750 610 -5294
750 616 -13912
750 620 -8596
750 640 -17988
750 642 15828
750 694 8865
750 710 -14802
750 715 -6814
750 717 -7266
750 742 -16860
750 747 -14998
750 758 -1189
750 760 388
750 765 584
750 767 -16779
750 809 -4907
750 827 -1307
750 836 5510
750 840 -10544
750 846 -3923
750 861 6185
750 884 7893
750 924 2995
750 941 -8159
750 948 -14159
750 949 -9526
750 953 -15467
750 977 15941
750 979 -5422
751 0 -4760
751 25 -6189
751 63 11912
751 69 -13477
751 102 4603
751 107 8590
751 114 -18169
751 141 -2057
751 178 -15386
751 208 -14269
751 210 4653
751 254 15206
751 260 -13762
751 271 8211
751 295 -7128
751 298 -17312
751 305 3438
751 321 11361
751 346 5464
751 371 -9707
751 422 -4194
751 438 -11394
751 470 -16317
751 491 -16067
751 496 3520
751 510 9124
751 513 -4297
751 534 -11240
751 675 -16119
751 778 3455
751 792 -445
751 807 -5301
751 808 -12571
751 809 -12109
751 862 2072
751 886 -12793
751 889 15642
751 901 -2093
751 916 -7200
751 944 -14070
751 1010 -8822
752 19 -17597
752 33 -18606
752 46 16242
752 49 -5175
752 72 -6395
752 79 8053
752 88 8487
752 97 1312
752 107 -8660
752 121 17772
752 127 -14646
752 138 -861
752 150 -13998
752 158 4208
752 174 -16084
752 196 -14433
752 212 -6285
752 239 -14580
752 243 -6520
752 258 1335
752 277 -3521
752 323 -15283
752 328 -15928
752 336 10462
752 345 14042
752 360 -13097
752 370 -6361
752 374 -3376
752 391 12504
752 397 7830
752 439 10736
752 451 1929
752 459 17031
752 468 -12719
752 470 -6018
752 512 3860
752 535 -1771
752 577 -15325
752 607 -16173
752 665 10561
752 675 -2788
752 691 1745
752 704 18415
752 707 10273
752 708 17758
752 742 -307
752 771 6779
752 788 -10901
752 870 7387
752 891 15833
752 932 14267
752 941 8834
753 0 -11534
753 11 16969
753 17 -8108
753 29 -3292
753 61 -3742
753 72 -1388
753 82 -11365
753 87 -2592
753 117 -15678
753 133 -6924
753 185 -18679
753 206 -8379
753 227 -9672
753 228 -5510
753 230 -18454
753 251 -12352
753 277 -8501
753 283 -13260
753 285 13284
753 332 -2005
753 356 -11795
753 407 18766
753 437 -7976
753 464 13813
753 466 15893
753 516 -10620
753 554 4671
753 590 838
753 616 173
753 689 8608
753 718 -1236
753 753 -11413
753 754 2489
753 759 5651
753 795 4071
753 826 -8314
753 828 -7230
753 842 16019
753 871 2897
753 876 10233
753 904 -4170
753 916 -1864
753 926 14852
753 947 17948
753 968 -3901
753 970 -15701
753 1000 -4697
753 1009 16731
753 1017 3167
754 24 3957
754 47 11176
754 77 7529
754 103 -5373
754 110 -12544
754 136 4582
754 161 8170
754 165 -6085
754 173 16819
754 207 11805
754 234 -4455
754 251 16221
754 300 -3703
754 305 -1325
754 325 -5856
754 330 -8445
754 341 1963
754 361 1832
754 388 -15560
754 471 866
754 523 13582
754 528 9147
754 543 5285
754 603 -3621
754 629 323
754 632 -13461
754 646 -7976
754 651 -6149
754 658 -10749
754 672 17447
754 715 8914
754 757 -11796
754 758 -2327
754 812 15465
754 864 -10970
754 975 6751
754 1003 -7136
755 6 4980
755 41 11725
755 49 -9071
755 65 -11553
755 72 907
755 84 -819
755 100 -7597
755 155 -499
755 203 -10782
755 216 1309
755 280 14507
755 281 -7843
755 325 11724
755 329 -12375
755 380 -11384
755 405 2269
755 422 -4966
755 426 -10780
755 430 14358
755 433 10959
755 437 8646
755 461 1547
755 467 -17078
755 491 6580
755 507 3132
755 551 -3336
755 565 4620
755 584 -12359
755 587 4676
755 591 -9433
755 595 7079
755 618 1830
755 632 17819
755 652 16228
755 675 -1280
755 680 17567
755 719 -6001
755 746 -929
755 847 -9571
755 917 2086
755 927 -6443
755 937 -11339
755 960 4818
755 985 14614
755 986 -18046
755 1013 10236
755 1016 -655
756 4 -11621
756 7 9509
756 15 -260
756 16 17810
756 20 17480
756 67 7301
756 149 -9629
756 192 14241
756 205 14417
756 208 5075
756 209 -17722
756 230 2115
756 241 3246
756 295 14312
756 298 16678
756 315 -17885
756 321 -16847
756 343 15179
756 346 8951
756 347 -12978
756 376 11840
756 382 -183
756 395 -6385
756 420 -2043
756 457 -18404
756 494 17046
756 496 7645
756 504 -10226
756 514 18582
756 596 1257
756 619 17307
756 641 17994
756 642 17941
756 646 14663
756 686 -6022
756 689 -1215
756 690 -18753
756 693 7071
756 708 8762
756 775 -9323
756 782 8499
756 791 10214
756 795 -3351
756 802 -15000
756 834 -5043
756 846 7475
756 871 -7581
756 875 2417
756 884 13912
756 886 6167
756 899 6783
756 902 -10305
756 903 -17136
756 918 -9833
756 936 -7003
756 943 3994
756 970 -9679
756 977 -6368
756 992 8819
756 1009 -15485
757 0 -3858
757 100 12287
757 125 13645
757 168 -15629
757 171 4080
757 172 6751
757 207 -6591
757 208 13807
757 219 -14464
757 228 -2789
757 247 -5199
757 290 2420
757 306 8302
757 314 11891
757 341 12924
757 409 3195
757 429 -12997
757 473 1415
757 480 -4076
757 488 10171
757 502 -15223
757 512 7708
757 534 -14654
757 538 -7461
757 555 -15767
757 638 -2337
757 658 -11487
757 663 17482
757 678 5180
757 682 -3919
757 690 4951
757 692 -13706
757 709 -5154
757 746 3807
757 764 3949
757 839 18637
757 861 13472
757 886 -10150
757 907 4329
758 51 -4537
758 57 -5578
758 66 -16699
758 68 9723
758 80 -15722
758 186 -319
758 208 -3109
758 227 -15964
758 252 -245
758 265 -5763
758 287 15242
758 296 7655
758 318 -3098
758 388 14265
758 393 18133
758 409 -4732
758 435 11858
758 437 16873
758 440 9466
758 472 -448
758 489 -14889
758 517 -4485
758 554 10480
758 583 8173
758 600 901
758 620 -7891
758 623 12342
758 626 12842
758 681 6413
758 730 13971
758 738 -842
758 750 12140
758 754 1743
758 771 -12564
758 776 4139
758 787 -3655
758 818 17896
758 888 -591
758 912 -9758
758 996 -11671
759 16 392
759 45 -16228
759 48 548
759 56 12151
759 57 7344
759 71 14134
759 102 18747
759 108 4593
759 147 -9292
759 152 -3617
759 158 13530
759 191 -4944
759 196 -12701
759 197 -16158
759 222 12731
759 225 2598
759 298 -9122
759 309 13351
759 323 476
759 349 18266
759 357 -10693
759 392 -45
759 437 -1333
759 450 -8338
759 452 2159
759 459 914
759 462 -6471
759 482 5218
759 514 -10694
759 517 -2920
759 541 -16987
759 592 -3889
759 605 -2832
759 607 -10607
759 621 -9938
759 642 -1913
759 674 8275
759 693 -7006
759 717 13987
759 734 -10055
759 739 -11117
759 780 -1549
759 781 15230
759 811 3901
759 838 -9260
759 884 -867
759 934 -6552
759 940 -1747
759 976 1028
759 978 -12926
759 995 -4574
759 996 6053
759 1008 -10323
760 15 15704
760 22 -16277
760 39 7462
760 69 -3778
760 83 -14526
760 84 11712
760 126 12173
760 141 642
760 156 -15591
760 198 14430
760 199 -14830
760 206 -8514
760 251 -18242
760 283 93
760 331 1575
760 357 8864
760 358 6390
760 367 18726
760 372 -18562
760 389 -2255
760 480 -5609
760 488 -3595
760 508 -6607
760 511 2041
760 556 14833
760 571 -8853
760 579 -3575
760 584 -10174
760 612 -11609
760 652 -14672
760 657 18451
760 668 -2416
760 717 2402
760 737 17335
760 749 2326
760 752 -16308
760 806 7581
760 835 -496
760 883 10024
760 906 16821
760 909 -5113
760 911 13171
760 919 8450
760 943 -14660
760 945 -6432
760 951 15275
760 1003 -9166
761 19 16253
761 33 -12925
761 68 -7881
761 84 17614
761 99 -17710
761 100 12654
761 109 -4080
761 121 -8916
761 162 15787
761 180 -862
761 214 13571
761 242 6771
761 243 -12146
761 252 6969
761 257 -571
761 272 -11055
761 289 3878
761 338 10791
761 357 5503
761 375 -3476
761 392 -651
761 495 14165
761 516 5752
761 520 -3909
761 533 -6525
761 546 -3933
761 597 -7152
761 627 4060
761 638 -6775
761 667 15173
761 676 -4400
761 693 11599
761 748 13324
761 749 -7270
761 780 -10524
761 783 580
761 812 -17712
761 820 15312
761 822 9517
761 825 -15457
761 852 -8313
761 862 4218
761 883 -4065
761 897 1929
761 900 9719
761 915 3596
761 930 10618
761 986 15092
761 993 -5725
761 998 -16337
761 999 44
761 1007 7789
761 1011 -10854
762 11 4416
762 22 15585
762 32 -13616
762 50 -15679
762 53 -8560
762 59 5477
762 75 16471
762 92 5428
762 94 -18391
762 152 8162
762 199 -7310
762 210 -2188
762 229 1197
762 244 -11737
762 271 -4079
762 289 -5798
762 290 1803
762 297 14494
762 309 7392
762 345 17973
762 374 14866
762 426 16952
762 429 -5062
762 431 -11059
762 442 2016
762 479 -13506
762 496 297
762 562 17451
762 575 -7143
762 581 -6281
762 582 5070
762 583 355
762 618 15481
762 650 -18093
762 689 6049
762 722 -14245
762 751 -9976
762 787 -16200
762 807 -2478
762 850 12598
762 859 11693
762 898 -15304
762 900 4626
762 912 15824
762 942 -5786
762 966 2592
762 1016 13230
762 1022 -16212
763 30 -695
763 42 14259
763 58 13135
763 61 9805
763 89 -1988
763 100 4820
763 127 4587
763 158 -18777
763 170 2833
763 202 6570
763 212 -880
763 216 -4817
763 221 -18577
763 237 -13068
763 266 15875
763 275 9779
763 282 4883
763 303 5661
763 309 5497
763 311 17550
763 315 -13282
763 322 -2910
763 354 -2137
763 364 16253
763 373 -14041
763 420 16528
763 458 -5475
763 461 1818
763 490 16635
763 497 1269
763 500 -13893
763 503 -11642
763 507 12526
763 517 -2075
763 550 -1521
763 562 -13764
763 566 7610
763 571 -11592
763 604 -8808
763 612 7615
763 618 -3033
763 625 12368
763 649 3497
763 655 -12090
763 690 4432
763 698 -11123
763 706 -18667
763 723 12107
763 730 -2122
763 748 16604
763 801 18366
763 810 10906
763 836 -14331
763 848 1369
763 853 -6792
763 854 -820
763 861 -17470
763 899 -1224
763 916 -4914
763 942 -2943
763 956 13739
763 960 -3018
763 1002 -247
763 1007 9334
764 37 -7766
764 45 6563
764 71 17668
764 98 1932
764 174 5131
764 225 10437
764 236 12088
764 239 -13217
764 242 12842
764 245 14394
764 279 6248
764 320 -14983
764 323 9645
764 371 -2177
764 407 -13574
764 427 8675
764 428 -15575
764 474 5683
764 534 28
764 551 10083
764 559 5341
764 599 -16878
764 616 2810
764 672 3476
764 691 -17828
764 712 -16898
764 729 -8593
764 739 18069
764 742 -6127
764 780 14502
764 815 -8366
764 826 681
764 899 -15032
764 905 15032
764 934 8723
764 938 -8360
764 947 15630
764 965 15944
764 972 -15390
764 1004 7596
765 9 -6595
765 46 388
765 97 3996
765 99 3917
765 105 6814
765 123 -4382
765 177 -18247
765 180 -10216
765 198 8931
765 202 12460
765 221 -17035
765 256 -12115
765 260 2848
765 310 15458
765 330 14556
765 388 2903
765 415 14597
765 423 17937
765 433 3365
765 437 11578
765 443 17867
765 447 13104
765 450 16673
765 490 -15683
765 515 -7611
765 541 -4628
765 551 28
765 555 646
765 568 -8917
765 596 -12295
765 665 -7703
765 673 14526
765 684 -6142
765 695 -7572
765 707 -16437
765 775 14621
765 776 -13308
765 797 13320
765 820 8454
765 822 9728
765 836 -15935
765 839 -9497
765 842 -13693
765 850 -13484
765 853 3595
765 902 10868
765 949 -5600
765 975 -9525
765 977 -4926
765 980 8196
765 1002 -2229
766 29 -3798
766 67 8454
766 70 7300
766 83 -1974
766 90 -6986
766 92 -4436
766 111 7058
766 112 503
766 128 13487
766 166 -6225
766 219 8261
766 237 3876
766 243 8913
766 256 7338
766 263 18790
766 287 12297
766 293 -3353
766 315 10456
766 332 -4194
766 337 -2034
766 383 -10938
766 398 -250
766 399 -9210
766 401 -10614
766 408 -6281
766 419 2756
766 421 -12462
766 428 -10546
766 444 -8336
766 451 16920
766 463 -1027
766 486 -6805
766 513 -1862
766 520 -17469
766 542 -14263
766 619 -9250
766 705 -2454
766 712 -13733
766 784 3624
766 788 -13180
766 824 -4762
766 833 -15887
766 858 14780
766 874 7158
766 882 -16778
766 888 13152
766 900 18014
766 908 -12885
766 920 -8968
766 982 10402
766 1008 14156
767 42 -1557
767 52 -1906
767 88 -5995
767 106 -17231
767 136 7848
767 144 -15630
767 180 -12696
767 214 1991
767 228 15569
767 245 -11998
767 254 -10769
767 257 12224
767 279 -7625
767 283 15903
767 296 4219
767 315 -8276
767 331 14149
767 333 -4912
767 335 4117
767 354 2999
767 391 -17981
767 395 18515
767 404 3610
767 453 -8398
767 460 -3645
767 462 -12198
767 477 -11371
767 481 -3239
767 489 17239
767 490 -15522
767 512 6594
767 515 16886
767 554 -1709
767 562 14947
767 567 -930
767 572 -9972
767 574 -17506
767 600 -14863
767 671 11504
767 706 -1708
767 754 -11834
767 776 -12218
767 779 -14278
767 797 18453
767 825 -16
767 837 166
767 849 -12523
767 861 -7395
767 864 7536
767 884 9957
767 896 -18347
767 916 13323
767 977 -1688
767 1008 1540
768 21 -5855
768 26 -12355
768 51 -8887
768 64 5546
768 94 5377
768 132 -2631
768 140 -7979
768 151 -11348
768 157 -9413
768 178 -1445
768 182 -12511
768 194 17105
768 213 -11592
768 224 -1277
768 225 12106
768 246 17760
768 299 13637
768 335 9354
768 407 8817
768 414 -7596
768 435 15278
768 450 18395
768 452 10656
768 453 187
768 455 1596
768 473 13216
768 494 5431
768 532 3272
768 537 5763
768 541 10623
768 549 -9231
768 622 15499
768 644 15325
768 661 -18431
768 679 4196
768 681 -14415
768 695 4478
768 697 5323
768 700 12227
768 711 4382
768 762 -12295
768 776 -14425
768 782 -15318
768 797 -3226
768 805 11179
768 831 15096
768 836 -16971
768 843 10836
768 852 14765
768 882 17367
768 933 16585
768 938 5946
768 947 -5741
768 973 11717
768 995 -18316
768 1002 -6629
769 12 -8829
769 29 11505
769 79 6820
769 125 329
769 135 14832
769 157 -3349
769 175 5732
769 185 -16510
769 202 -14431
769 208 -8566
769 220 18256
769 223 442
769 239 -11791
769 245 4283
769 250 12609
769 284 14525
769 292 -18404
769 295 -14957
769 312 12654
769 343 7817
769 350 6139
769 366 1615
769 412 -12306
769 414 -9834
769 430 6984
769 437 14771
769 438 -6933
769 442 4395
769 443 -13016
769 455 -6898
769 459 -3775
769 476 -10870
769 485 -10302
769 523 -15052
769 525 -1482
769 577 7431
769 602 8484
769 628 -15242
769 647 -10646
769 648 -3936
769 682 -6519
769 687 -3883
769 717 10064
769 729 12968
769 749 16231
769 752 -13722
769 828 -9057
769 835 -16826
769 854 349
769 856 -5522
769 860 12614
769 881 -6301
769 888 -13280
769 895 871
769 912 -8882
769 913 12681
769 915 -10065
769 932 11071
769 950 -11074
769 1006 -1948
770 15 7643
770 26 -6848
770 35 7718
770 61 -4475
770 96 -7624
770 122 -14317
770 131 18119
770 136 9665
770 163 -13346
770 206 677
770 209 -1042
770 238 -15225
770 255 10465
770 271 14439
770 344 851
770 400 -7668
770 451 8096
770 452 6334
770 456 3555
770 470 2944
770 476 -1132
770 483 14355
770 496 9533
770 529 15466
770 530 14181
770 576 -914
770 622 6385
770 660 134
770 667 -9098
770 670 358
770 697 4299
770 711 -2572
770 715 3321
770 727 18321
770 779 -16163
770 797 4253
770 801 10634
770 826 16835
770 836 971
770 856 1318
770 860 4428
770 878 7105
770 909 14926
770 925 -16784
770 960 45
770 988 15793
770 1001 3769
770 1010 -4812
770 1018 5373
771 16 18403
771 23 -16391
771 46 7100
771 55 15601
771 70 -12610
771 75 -16993
771 106 -17495
771 127 -13105
771 142 -1577
771 171 13295
771 172 14728
771 190 3170
771 222 10726
771 251 -9297
771 275 -7869
771 294 2108
771 300 11285
771 379 -14381
771 405 -5197
771 431 -1438
771 462 -16548
771 465 -16650
771 470 -9272
771 472 -16065
771 480 -15603
771 562 -12670
771 586 -11605
771 687 -16834
771 691 10124
771 694 1547
771 695 -14486
771 703 -8510
771 732 14796
771 737 16356
771 754 -9978
771 766 9862
771 770 13767
771 789 -6924
771 800 1991
771 875 13198
771 905 13337
771 927 4414
771 974 568
772 13 -13197
772 18 -16958
772 23 17576
772 25 -1536
772 35 -2972
772 76 -1867
772 95 -8263
772 106 -14908
772 117 -13845
772 134 -5949
772 135 -13084
772 173 2702
772 195 3802
772 210 9221
772 244 -3720
772 284 7680
772 338 17172
772 354 4570
772 377 76
772 390 -12241
772 405 15532
772 430 -6078
772 441 13468
772 458 7565
772 468 -3821
772 515 -14433
772 516 7518
772 558 6317
772 559 -2166
772 560 8684
772 566 5910
772 572 13010
772 628 6204
772 667 -13482
772 668 1570
772 735 6951
772 756 13562
772 767 -15388
772 783 1268
772 819 11856
772 820 -13190
772 835 8243
772 839 -18175
772 844 5999
772 875 -3665
772 878 -3683
772 896 13224
772 924 9923
772 950 4751
772 954 555
773 27 9912
773 43 -777
773 86 11384
773 92 -18002
773 127 11081
773 149 4034
773 208 1212
773 217 -6081
773 218 1897
773 227 12112
773 247 6842
773 273 -17803
773 295 3423
773 309 -3657
773 389 -18547
773 414 -10262
773 426 13692
773 445 13472
773 460 4764
773 503 18349
773 538 -13564
773 558 -2316
773 586 15748
773 621 -17076
773 665 -10767
773 750 -16083
773 755 4870
773 765 -1834
773 768 -2562
773 848 13454
773 849 -6467
773 858 -11480
773 860 16976
773 862 7734
773 870 -1447
773 876 2650
773 886 -10043
773 913 -17930
773 920 -2370
773 942 5574
773 973 17897
773 1002 13936
774 1 11625
774 33 -11584
774 54 -11032
774 55 -9202
774 56 -14498
774 64 10375
774 75 -11577
774 81 5082
774 98 -14738
774 125 10683
774 156 2562
774 159 213
774 180 4737
774 181 -9224
774 224 -5418
774 237 -5551
774 246 15762
774 275 -935
774 285 3111
774 294 -6743
774 295 9859
774 300 -18065
774 301 -17365
774 306 722
774 311 15026
774 334 -13025
774 351 2593
774 421 -5599
774 441 -5957
774 460 14303
774 475 -10730
774 483 -12181
774 484 15604
774 518 1161
774 521 15054
774 522 -6316
774 528 5810
774 544 -8928
774 584 -14168
774 590 7404
774 630 -16854
774 654 -13580
774 668 -3795
774 696 -17579
774 782 317
774 814 213
774 828 5900
774 829 -6824
774 873 -2565
774 880 18341
774 897 2008
774 925 12963
774 990 589
774 1006 -4664
774 1013 342
775 11 9613
775 18 -8961
775 53 -13672
775 74 -11677
775 83 -9839
775 106 -2869
775 129 13482
775 134 18787
775 136 -17227
775 156 -10159
775 167 2420
775 197 -12100
775 219 -12440
775 232 -17346
775 237 4724
775 246 15640
775 261 11351
775 287 -12079
775 344 8674
775 368 -3249
775 371 -16513
775 386 3595
775 395 -9221
775 425 -17768
775 426 13009
775 444 15074
775 447 -2864
775 485 13709
775 548 6287
775 551 -10549
775 562 -254
775 573 -6998
775 577 4482
775 579 16226
775 588 15672
775 596 -10144
775 612 -2344
775 614 -15993
775 629 15517
775 645 -1589
775 649 18594
775 661 -8460
775 691 -12860
775 700 12479
775 731 5911
775 771 12336
775 778 -2100
775 783 -16556
775 796 16922
775 808 15885
775 811 -18572
775 879 18251
775 935 -16100
775 947 -3488
775 950 -9631
775 951 3293
775 966 -2465
775 967 -12164
775 971 -9644
775 992 -6402
775 1007 8065
775 1020 -15037
776 40 12879
776 50 1263
776 55 -17934
776 59 -15591
776 94 -4100
776 114 -13551
776 119 10939
776 141 -4147
776 166 5142
776 173 6868
776 180 -17917
776 224 5520
776 228 -9131
776 241 10532
776 245 -15460
776 261 -2888
776 266 10462
776 290 8167
776 305 9745
776 351 6180
776 360 -13751
776 377 -12011
776 386 1976
776 424 6986
776 431 -1570
776 454 8409
776 464 14180
776 469 -16415
776 486 1481
776 496 9783
776 606 4207
776 621 -5908
776 628 17416
776 636 11094
776 662 -16960
776 664 4703
776 680 -4274
776 706 360
776 711 16425
776 734 9426
776 736 -5595
776 737 1673
776 744 10670
776 754 10669
776 758 5674
776 760 -9751
776 772 -2701
776 778 -10115
776 785 12945
776 823 -17467
776 865 6657
776 880 -9347
776 883 -7465
776 917 -9841
776 930 -527
776 941 1902
776 959 -10047
776 977 -14731
776 1007 15769
776 1018 6825
777 1 -15432
777 50 -17278
777 105 1963
777 180 -4329
777 217 -16809
777 225 -12687
777 249 397
777 296 11405
777 317 1761
777 325 -5473
777 326 12457
777 337 -4765
777 345 -16507
777 388 6735
777 427 8753
777 440 8731
777 449 11600
777 451 -8018
777 454 -1896
777 492 8713
777 498 12674
777 597 12453
777 607 14908
777 675 7439
777 695 -5081
777 696 -13070
777 701 4734
777 721 1065
777 754 6131
777 759 7114
777 796 -1391
777 859 9854
777 863 -17587
777 904 9632
777 934 15927
777 980 -6165
777 1013 16323
778 5 -14528
778 21 3812
778 51 9239
778 100 8506
778 119 -15917
778 137 3906
778 165 -11646
778 192 6965
778 195 -7324
778 223 -7938
778 233 -12695
778 238 9603
778 263 16099
778 270 13517
778 355 15256
778 358 -2434
778 388 17464
778 405 -1941
778 418 16379
778 435 13970
778 498 16737
778 546 692
778 560 6011
778 591 4
778 592 13296
778 706 -9105
778 772 17091
778 803 -17649
778 826 -3761
778 857 8247
778 908 -1635
778 944 14605
778 967 7036
778 971 4095
778 976 631
778 979 18466
778 998 -7880
778 1002 7305
778 1019 13875
779 65 18636
779 92 -5265
779 113 -4237
779 136 -15251
779 157 2535
779 160 -12983
779 189 2502
779 207 -13750
779 208 -5827
779 259 -3514
779 281 -13369
779 301 16884
779 325 14464
779 358 8638
779 366 -179
779 385 -6024
779 388 -10475
779 459 11767
779 474 -13867
779 479 -11724
779 484 16271
779 528 -13684
779 540 -10856
779 554 722
779 560 10257
779 596 1358
779 657 7468
779 678 17192
779 706 14938
779 723 1063
779 738 13781
779 751 -3604
779 765 -14617
779 772 -8989
779 777 -17030
779 787 -13845
779 801 -15923
779 811 7814
779 873 11733
779 884 4176
779 915 4593
779 936 -9302
779 951 -4942
779 953 1729
779 986 -3812
779 1018 13385
780 41 10248
780 57 2936
780 58 6434
780 81 12864
780 83 -3534
780 96 4499
780 126 12114
780 129 -13144
780 180 6535
780 196 478
780 211 -2539
780 218 -15286
780 232 6755
780 266 -4609
780 272 7134
780 286 2546
780 301 127
780 316 -5791
780 340 7780
780 387 -851
780 441 11406
780 472 -11602
780 489 6717
780 520 9795
780 530 -13735
780 532 -13359
780 574 5126
780 576 10127
780 613 2281
780 659 -5123
780 662 -12293
780 663 15376
780 664 -3112
780 706 -12778
780 757 5272
780 771 16232
780 772 12013
780 805 2081
780 820 2090
780 827 13822
780 860 -17761
780 866 -206
780 919 -3506
780 971 -9431
780 995 -18373
781 11 -4129
781 26 16932
781 40 14394
781 63 17918
781 69 10085
781 89 -6543
781 103 1787
781 127 -2751
781 148 -7753
781 213 -12007
781 229 -15815
781 289 1150
781 314 5906
781 341 7668
781 353 -5804
781 384 6868
781 427 -12934
781 440 -876
781 460 -9272
781 464 -3775
781 476 -4708
781 477 12739
781 479 -2794
781 485 12764
781 489 13121
781 525 6980
781 534 -14278
781 544 9590
781 582 17746
781 599 1163
781 607 12140
781 615 -7343
781 637 -9798
781 662 -9933
781 693 11354
781 740 8198
781 747 10289
781 786 -2300
781 799 -17871
781 861 -11882
781 868 3331
781 874 -13023
781 925 3924
781 976 -11679
781 983 -7841
781 997 -18196
782 61 -18479
782 87 -10184
782 89 -16582
782 105 2191
782 107 11006
782 119 -11636
782 127 -8187
782 130 -2374
782 134 -9329
782 143 -17136
782 179 -7778
782 205 -2909
782 208 9268
782 214 -4695
782 221 13162
782 286 -18609
782 311 -15119
782 321 -9651
782 330 -13084
782 335 -11083
782 343 -13927
782 346 -5959
782 362 -17556
782 382 -13716
782 411 12227
782 423 15404
782 445 -2333
782 461 -16089
782 515 -18147
782 545 8139
782 566 -13176
782 661 -14429
782 673 -9308
782 676 1753
782 677 -3601
782 684 -10544
782 699 2900
782 708 -10424
782 742 10756
782 744 -5923
782 758 17477
782 764 -3897
782 769 -460
782 788 -165
782 847 -10857
782 868 -8698
782 869 -11139
782 883 -2980
782 937 -14960
782 980 3051
782 1010 -17085
783 15 14502
783 47 12524
783 51 -5131
783 54 15455
783 93 -10699
783 124 13233
783 139 -17779
783 173 18335
783 180 11409
783 184 -5091
783 201 -4834
783 237 3116
783 250 17409
783 251 5775
783 283 5625
783 286 3002
783 317 15422
783 329 -15072
783 334 4365
783 371 -11564
783 442 -3692
783 477 -2948
783 478 2016
783 490 15564
783 492 5860
783 496 9697
783 522 -9410
783 540 698
783 599 -15247
783 609 -12366
783 618 580
783 643 -14576
783 649 -18276
783 663 16626
783 670 -17836
783 684 -6438
783 697 9334
783 740 15053
783 746 -7365
783 747 7783
783 752 -9686
783 757 -4068
783 783 5057
783 784 -15305
783 814 -6202
783 816 -16257
783 868 -8626
783 896 -3126
783 910 12915
783 913 16183
783 923 16863
783 940 14191
783 985 -16256
783 1023 12112
784 12 14540
784 22 9610
784 33 -16206
784 51 -13533
784 69 6969
784 82 -4795
784 98 -8026
784 109 1181
784 115 14884
784 129 10429
784 143 689
784 199 117
784 229 -11208
784 231 -9315
784 259 -8808
784 263 -15997
784 319 -8024
784 367 18589
784 380 1757
784 386 -3646
784 414 138
784 469 8126
784 478 17409
784 482 -4823
784 532 -13982
784 546 11432
784 561 12244
784 568 -13483
784 610 5771
784 646 786
784 647 17714
784 663 -3873
784 698 -2908
784 715 14128
784 733 -9596
784 753 7051
784 777 6310
784 790 9583
784 806 -17114
784 821 -1623
784 861 -18107
784 898 -143
784 905 -8314
784 943 -4772
784 953 -4811
784 991 -18483
784 995 4732
784 996 -17080
784 998 -2143
785 65 1605
785 90 7280
785 102 11353
785 181 -10573
785 215 -10868
785 216 8995
785 227 16333
785 235 17226
785 263 -10921
785 270 -10626
785 293 11680
785 296 -3935
785 315 2491
785 353 14439
785 354 -2749
785 356 4466
785 395 -1272
785 407 16213
785 414 -4028
785 417 -8887
785 424 5839
785 485 -15136
785 488 18700
785 493 -5494
785 496 16530
785 514 7333
785 526 8420
785 538 1560
785 555 693
785 557 -15711
785 580 17032
785 626 16407
785 671 -8871
785 683 -7329
785 684 -10682
785 714 7230
785 763 17615
785 778 -17278
785 802 883
785 804 14961
785 809 -14064
785 831 -11710
785 836 6650
785 881 -7156
785 898 -15886
785 928 -3915
785 949 4158
785 1002 5896
785 1022 -5463
786 12 13004
786 19 -3679
786 31 -18675
786 45 10034
786 56 13478
786 78 -5017
786 105 -7082
786 122 -9953
786 131 -18328
786 132 11814
786 139 862
786 176 3819
786 183 6079
786 186 3794
786 191 8851
786 201 1256
786 212 -12844
786 312 -18620
786 322 -4223
786 331 -15704
786 340 -4523
786 344 -15544
786 364 4267
786 409 2548
786 422 -16120
786 481 13360
786 551 17722
786 553 -16855
786 555 3498
786 567 6718
786 573 4251
786 591 13678
786 603 -9643
786 611 -11713
786 622 5376
786 650 -12560
786 681 504
786 683 11770
786 705 16952
786 725 -16059
786 734 -2823
786 792 -18286
786 810 4646
786 822 -12943
786 835 -14690
786 840 -2972
786 848 1879
786 875 5361
786 903 5049
786 924 -14682
786 927 11797
786 936 18300
786 973 -1916
786 1001 -4348
787 3 -4509
787 14 -11790
787 49 10366
787 52 11262
787 57 -18037
787 74 16633
787 76 5000
787 100 -8949
787 111 -10431
787 114 261
787 124 7727
787 154 489
787 174 -15806
787 182 5165
787 201 2972
787 214 -11530
787 219 5493
787 223 14030
787 230 -5767
787 231 17498
787 239 12865
787 249 3876
787 260 -1167
787 266 18180
787 293 -5767
787 323 -17379
787 350 -10342
787 356 10166
787 376 -10871
787 379 10758
787 386 -787
787 392 -9088
787 412 -17082
787 419 -12901
787 439 -162
787 440 16095
787 455 9843
787 470 -1686
787 489 9608
787 498 12466
787 503 1761
787 504 10235
787 509 12776
787 515 -14814
787 538 -13804
787 562 12209
787 599 4816
787 615 9391
787 620 -17619
787 624 -17196
787 633 -7247
787 650 -7271
787 655 16210
787 669 -4927
787 680 -9532
787 685 8312
787 707 -8112
787 710 -12701
787 713 9131
787 727 137
787 733 13349
787 755 -5281
787 760 -8274
787 787 2811
787 794 -3789
787 800 15264
787 811 -199
787 833 10581
787 835 -15487
787 846 7411
787 850 -7917
787 863 -10687
787 891 14590
787 900 6096
787 918 -18056
787 931 -18246
787 942 18488
787 962 9970
787 972 12610
787 976 18454
788 14 -16331
788 28 2862
788 121 -11061
788 149 -7001
788 174 9511
788 244 -13021
788 273 216
788 277 -9549
788 313 18792
788 325 9746
788 334 -12501
788 346 -3971
788 355 -15926
788 382 1684
788 412 5013
788 461 -16218
788 515 -11603
788 523 -8922
788 530 5046
788 533 6936
788 535 12773
788 536 8383
788 573 4132
788 603 15035
788 639 -7906
788 670 13415
788 672 5778
788 693 -12336
788 722 14715
788 726 -7073
788 745 8651
788 797 15358
788 799 -10963
788 807 -2456
788 812 -18272
788 828 -16225
788 832 14020
788 836 3848
788 887 14876
788 945 -5933
788 946 17398
788 957 -3978
788 967 14023
788 1010 -7131
789 8 -12064
789 15 -15298
789 27 6022
789 36 -18241
789 43 9956
789 68 -13604
789 95 4543
789 105 13525
789 111 -2392
789 146 13348
789 148 9179
789 166 -13189
789 173 -210
789 187 -7154
789 199 1304
789 217 3877
789 233 3282
789 240 16229
789 308 3802
789 312 -11719
789 313 -9230
789 342 -16640
789 349 -9787
789 368 -5165
789 378 15957
789 390 -13595
789 400 -14154
789 424 -8914
789 466 11675
789 491 -2015
789 494 -7867
789 495 13031
789 535 -6153
789 562 -4644
789 570 -16073
789 584 -8411
789 587 -7102
789 593 9849
789 601 1785
789 661 7992
789 675 -2160
789 686 -15534
789 740 -16699
789 750 1767
789 752 10970
789 753 3177
789 777 -16054
789 801 -10581
789 810 -11005
789 830 4969
789 833 -9694
789 852 -9948
789 853 -17296
789 866 -13654
789 875 -8567
789 890 8572
789 892 10548
789 925 -18033
789 935 1428
789 942 11620
789 954 -10943
789 958 -3475
789 973 -1043
789 1021 -13589
790 29 4075
790 32 -1715
790 57 7242
790 102 -17459
790 106 -9529
790 117 15526
790 147 -9729
790 182 -4785
790 183 -7442
790 206 7175
790 257 -12162
790 354 12225
790 373 2479
790 396 -7185
790 401 6810
790 402 9094
790 408 -3590
790 416 13565
790 427 1404
790 437 -18164
790 440 816
790 455 -16230
790 462 -11
790 530 -11436
790 540 9469
790 545 -8754
790 568 8872
790 574 -13141
790 633 826
790 739 14211
790 779 -11103
790 828 -331
790 849 6575
790 852 -7306
790 868 -3035
790 874 13009
790 907 7610
790 914 14679
790 931 1180
790 972 -4295
790 981 4097
790 985 -10284
790 1015 9256
791 5 -6988
791 6 -13982
791 37 -14728
791 39 -17100
791 63 -978
791 78 -3975
791 86 6832
791 88 10224
791 131 17312
791 146 -3525
791 159 -11548
791 163 4041
791 192 -2145
791 193 -646
791 211 16196
791 233 -4610
791 262 14060
791 266 1019
791 270 11365
791 340 -16974
791 366 -10641
791 377 5888
791 381 5448
791 383 10651
791 389 7211
791 403 -13520
791 429 -18277
791 451 211
791 459 1635
791 484 9013
791 626 3041
791 634 -2570
791 636 7984
791 685 7852
791 690 9257
791 691 -1828
791 717 -16909
791 722 14595
791 750 -526
791 781 2957
791 783 11913
791 818 12660
791 837 -10153
791 873 5303
791 954 8687
791 998 13629
791 1007 17146
792 75 -18782
792 84 -1188
792 105 6185
792 111 15438
792 129 -7164
792 151 -16281
792 161 -17839
792 188 -16215
792 196 -1690
792 198 3591
792 234 2819
792 241 18604
792 249 4861
792 250 4772
792 280 3142
792 288 14434
792 291 12574
792 313 -7093
792 349 1817
792 370 -15528
792 374 -17670
792 399 -18793
792 413 16006
792 438 8708
792 441 -11815
792 453 -14285
792 457 -6387
792 464 17881
792 514 3624
792 533 13772
792 541 -16929
792 601 -17636
792 645 12455
792 659 13705
792 674 15373
792 682 5587
792 695 -9922
792 698 -11206
792 700 3983
792 701 -5528
792 720 -12406
792 722 -7613
792 735 -3499
792 760 -14318
792 815 -1726
792 858 -8209
792 874 17890
792 876 17717
792 889 11777
792 912 -1646
792 917 -5111
792 930 -5659
792 942 3854
792 957 15995
792 966 -12403
792 969 17887
792 1007 2251
792 1015 14067
793 19 858
793 60 -13294
793 70 14354
793 72 18741
793 82 -9879
793 139 16198
793 164 15629
793 173 10249
793 198 2774
793 203 -11568
793 219 -17522
793 265 9098
793 267 -8625
793 273 -6536
793 278 680
793 298 -16247
793 304 -10329
793 346 2532
793 367 5633
793 397 14166
793 404 8367
793 457 8790
793 473 4521
793 494 13984
793 506 13997
793 514 13470
793 515 -2684
793 522 10111
793 538 -5820
793 544 16363
793 596 -3965
793 597 -6948
793 689 -3463
793 692 10493
793 727 -450
793 781 15342
793 784 -9094
793 831 3092
793 840 5740
793 889 6861
793 894 -3664
793 897 -11894
793 926 5154
793 929 -1862
793 933 3641
793 939 14651
793 940 -13950
793 947 -1395
794 2 -660
794 43 -1898
794 61 -6433
794 72 8777
794 110 2819
794 120 -10818
794 189 3132
794 191 -163
794 208 -523
794 209 -11887
794 225 -14508
794 232 -18114
794 242 -8958
794 252 -13732
794 285 -2724
794 321 -8371
794 402 15258
794 409 6745
794 528 -12907
794 544 -11798
794 561 14300
794 562 4987
794 638 -10976
794 649 -7630
794 652 -6930
794 662 -18654
794 698 1729
794 714 14956
794 738 -8571
794 747 2251
794 769 -18347
794 774 -1079
794 777 -1104
794 779 -5836
794 811 -15799
794 813 12765
794 825 -11689
794 859 -4742
794 860 -494
794 925 3638
794 955 -5628
794 958 10824
794 959 16104
794 972 16720
794 983 3226
794 992 11632
794 1011 -6169
795 18 -18056
795 56 12040
795 95 -9204
795 105 -6246
795 130 17560
795 143 -6228
795 159 11003
795 173 -7437
795 183 4691
795 209 -2173
795 221 -5897
795 224 -14579
795 265 3113
795 300 -15628
795 316 16374
795 335 -4920
795 367 18333
795 404 397
795 412 1549
795 461 2643
795 495 11397
795 522 -9261
795 555 10483
795 622 9382
795 658 10212
795 681 8558
795 774 5710
795 777 -1156
795 815 62
795 819 7775
795 878 -14251
795 956 8596
795 958 -6024
795 969 16922
795 1000 -15570
795 1012 8714
796 1 7902
796 11 11594
796 28 11471
796 52 14212
796 119 3859
796 172 -10809
796 205 13405
796 222 -13895
796 223 2009
796 240 13734
796 259 -15087
796 276 -18636
796 292 12349
796 313 12085
796 421 -3666
796 468 -12686
796 499 -8530
796 511 6451
796 514 6826
796 525 9802
796 551 10933
796 553 14267
796 559 3463
796 562 -17547
796 569 -14224
796 571 -6935
796 606 -4770
796 608 -2529
796 612 1224
796 634 -2337
796 697 -12022
796 703 -8178
796 710 11188
796 714 -13930
796 743 -9143
796 777 1792
796 800 -18251
796 803 -7994
796 805 -16062
796 832 4800
796 872 -5535
796 875 10439
796 893 3753
796 911 3195
796 916 6455
796 923 -14468
796 992 8536
796 998 881
797 39 -18072
797 52 15779
797 59 850
797 105 -1589
797 110 7795
797 194 15973
797 203 15888
797 252 17132
797 256 13871
797 301 17915
797 304 14600
797 336 -16412
797 340 15283
797 384 4197
797 425 -12110
797 463 -11593
797 476 1235
797 512 -766
797 566 5055
797 628 1109
797 659 10411
797 700 2811
797 705 4304
797 706 -1671
797 711 11483
797 734 4220
797 747 5822
797 758 -1411
797 773 4316
797 899 6532
797 903 3632
797 924 16427
797 942 -14543
797 946 -6400
797 952 18322
797 987 14794
797 990 3023
797 1005 -15642
797 1014 -17701
798 35 3166
798 45 6601
798 53 -2371
798 66 -10866
798 68 11786
798 76 18677
798 98 -12748
798 104 9380
798 141 1511
798 185 16251
798 186 18098
798 199 12869
798 233 6224
798 242 946
798 248 -8788
798 266 172
798 294 -12669
798 308 14623
798 351 -3555
798 358 -3935
798 408 -11463
798 424 -902
798 452 10347
798 454 7099
798 463 -7417
798 487 15294
798 492 14001
798 500 3617
798 516 7050
798 538 -6025
798 542 10472
798 565 -5580
798 575 -18241
798 577 -3654
798 585 6980
798 587 -7593
798 589 -10590
798 600 -6082
798 637 5504
798 661 15205
798 664 -6317
798 674 16439
798 690 -4381
798 694 -12461
798 710 1176
798 711 11154
798 722 -7464
798 726 -16958
798 755 17744
798 757 952
798 759 -3832
798 813 7474
798 823 2881
798 836 12760
798 852 -2628
798 860 -5261
798 865 620
798 907 5670
798 917 11309
798 925 17743
798 929 -10493
798 972 -7075
798 977 8272
798 983 -2453
798 1004 2030
799 45 -10859
799 60 -15846
799 65 4909
799 69 -12994
799 75 13035
799 92 -12642
799 107 -2982
799 112 -2661
799 140 6445
799 155 2192
799 158 -1981
799 181 16042
799 194 11774
799 207 3146
799 231 1282
799 253 -5973
799 279 -10332
799 286 4799
799 301 11095
799 385 -11669
799 394 -4390
799 395 741
799 397 7242
799 417 9548
799 450 -12822
799 454 9444
799 473 15723
799 487 -15311
799 503 18182
799 536 -2600
799 546 7101
799 562 -283
799 627 13995
799 676 13755
799 690 -18035
799 713 -18091
799 718 13169
799 739 -8925
799 740 9545
799 752 5107
799 812 -12032
799 875 12714
799 894 4535
799 899 7920
799 909 -13397
799 922 -6491
799 992 -9663
799 993 -15663
800 52 4610
800 67 -3707
800 71 1628
800 82 13849
800 86 -14867
800 88 -2170
800 108 6657
800 113 -11038
800 120 5216
800 125 5620
800 199 7594
800 277 18647
800 287 17395
800 319 3449
800 321 14124
800 337 -2808
800 385 -7281
800 392 5755
800 437 16601
800 453 16002
800 460 -14099
800 481 -8155
800 486 14054
800 487 3797
800 502 -11078
800 511 -16128
800 546 2643
800 549 7086
800 553 19
800 574 11311
800 615 14790
800 649 -3034
800 681 -9072
800 734 16449
800 755 12374
800 768 -6438
800 778 -1111
800 788 10869
800 792 -3017
800 889 390
800 937 -12514
800 943 -11318
800 944 -17190
800 997 11295
800 1000 -13530
800 1007 -4037
801 64 12509
801 201 8654
801 217 -8001
801 232 16986
801 240 -3185
801 268 -12278
801 271 10190
801 281 -16497
801 283 -4685
801 333 18655
801 340 12007
801 396 5881
801 431 2848
801 453 5469
801 467 11311
801 507 -15563
801 510 -1213
801 512 -16691
801 550 8451
801 565 -5525
801 610 14187
801 613 -16909
801 628 -15794
801 629 5662
801 637 -11297
801 665 9239
801 712 5288
801 775 18305
801 791 15828
801 792 -2619
801 813 10827
801 822 6816
801 893 -14278
801 911 18694
801 939 -10714
801 965 -6726
801 988 15017
801 1017 10051
802 16 -6710
802 26 -16322
802 55 12679
802 112 -2229
802 120 -3023
802 157 14835
802 222 16795
802 232 10720
802 236 9501
802 283 442
802 284 -6215
802 296 -7779
802 340 -2918
802 370 -13565
802 423 -849
802 434 14954
802 467 16511
802 502 -8753
802 531 11934
802 534 -3684
802 577 -9506
802 584 7176
802 597 -2821
802 599 -9018
802 617 2010
802 713 -12720
802 743 2842
802 760 -4285
802 784 8402
802 787 5004
802 790 -17639
802 801 -4513
802 810 10992
802 855 -8562
802 862 -12495
802 874 13189
802 897 -18545
802 928 -1797
802 942 -7296
802 957 -13772
802 973 -17856
802 999 18314
803 20 5123
803 40 12779
803 42 15548
803 88 -13745
803 96 -5736
803 105 -9686
803 111 -14923
803 140 11771
803 141 -14724
803 214 11504
803 225 -5723
803 302 14438
803 310 2569
803 363 -9296
803 372 -7229
803 383 5915
803 388 -15961
803 397 16351
803 433 -4166
803 460 7841
803 466 7508
803 467 -6083
803 468 9157
803 472 13244
803 482 -8948
803 499 3776
803 508 -14721
803 522 -891
803 531 15879
803 561 -8034
803 600 2034
803 605 -1349
803 664 -8434
803 704 -18700
803 720 -17740
803 730 -3970
803 745 -15525
803 783 -10235
803 793 -6740
803 796 13616
803 852 -15163
803 879 17052
803 890 -13056
803 913 7733
803 918 -15008
803 926 12649
803 930 -13560
803 943 -6987
803 944 1957
803 985 16534
803 995 -17852
803 997 -13189
803 1016 -10175
804 13 7330
804 14 12130
804 17 -12131
804 39 -5986
804 47 -18338
804 48 -11761
804 66 -6468
804 103 13957
804 126 18600
804 135 -14224
804 168 3856
804 212 -8348
804 251 -6764
804 344 -774
804 347 15741
804 368 -2054
804 434 -5395
804 441 -15205
804 445 -155
804 497 -7161
804 508 3364
804 510 11116
804 525 3507
804 534 15924
804 551 3198
804 554 14185
804 593 -8735
804 600 16897
804 607 -15542
804 619 -2781
804 624 5488
804 653 11991
804 660 -14686
804 664 -10313
804 680 -17003
804 706 -3962
804 710 17497
804 720 13194
804 749 6107
804 816 17772
804 827 -6416
804 830 -2877
804 835 -9042
804 878 16496
804 889 9585
804 970 -296
804 982 116
804 1003 -1796
804 1005 7598
804 1013 -12496
804 1014 -4731
805 5 -9611
805 19 -8475
805 37 17914
805 74 8714
805 83 4135
805 100 14603
805 111 12177
805 147 -14206
805 178 9805
805 213 1101
805 221 -11806
805 235 -10892
805 247 -10322
805 281 16845
805 308 2587
805 339 -18693
805 352 -8974
805 355 -4229
805 375 2949
805 378 13926
805 405 -16870
805 410 -4894
805 417 -17895
805 457 7388
805 488 15478
805 501 -12842
805 533 -5164
805 613 -9946
805 619 16769
805 625 -7323
805 654 496
805 694 2664
805 698 1696
805 715 -10011
805 728 -12705
805 758 -13718
805 766 8979
805 773 -5784
805 798 11371
805 831 -6505
805 844 -9240
805 943 -548
805 986 17887
806 52 3899
806 106 18324
806 127 3646
806 150 1650
806 246 13118
806 253 11899
806 269 7128
806 272 18712
806 296 -5581
806 304 10653
806 308 -16713
806 313 8193
806 318 -3826
806 327 14845
806 329 15451
806 333 16866
806 340 15124
806 341 4313
806 348 309
806 361 9199
806 373 -9957
806 375 -13944
806 401 -2533
806 424 2889
806 429 -16817
806 431 -12379
806 550 -558
806 570 -5281
806 695 -8792
806 707 9564
806 727 -15810
806 737 10251
806 738 -13129
806 748 -2252
806 793 17539
806 798 -242
806 808 2958
806 825 -4614
806 845 -17391
806 859 -2382
806 866 -7741
806 877 16898
806 887 7700
806 893 14768
806 925 11739
806 932 10072
806 977 -2503
806 978 13399
806 982 3118
806 1014 14715
807 16 -17192
807 37 13093
807 47 8085
807 49 9192
807 52 14504
807 96 -2585
807 109 -662
807 123 -7899
807 128 2151
807 150 14833
807 164 -11473
807 193 1049
807 199 7655
807 201 8087
807 203 -10089
807 205 16231
807 210 -1317
807 241 6600
807 269 16925
807 302 9097
807 303 -17139
807 314 -10120
807 315 -10242
807 316 -6554
807 319 7625
807 365 426
807 379 -11641
807 460 5812
807 478 -15757
807 481 638
807 525 -9997
807 528 10542
807 537 18592
807 549 -14464
807 558 11940
807 571 -1
807 580 9302
807 622 4517
807 663 -7264
807 676 -15495
807 705 14500
807 726 -17173
807 760 -17249
807 772 -8500
807 774 -13394
807 787 -2232
807 790 15939
807 803 2695
807 818 -7992
807 846 5841
807 847 4931
807 858 -4983
807 869 -6030
807 884 10911
807 898 -15143
807 906 -18573
807 912 13305
807 940 10059
807 974 4242
807 998 2736
807 1020 -11306
808 17 -11043
808 40 12617
808 43 -14285
808 70 11225
808 87 -771
808 89 -18363
808 107 -4531
808 114 -947
808 119 1241
808 136 372
808 160 12729
808 207 16537
808 238 -9562
808 240 -5843
808 274 11978
808 275 10594
808 286 -9930
808 352 14642
808 371 -15026
808 375 -14954
808 379 -12766
808 387 9736
808 392 11961
808 395 -1390
808 407 -17075
808 410 -4867
808 426 1868
808 448 -1634
808 519 -14564
808 537 -8515
808 622 -17842
808 633 -7675
808 638 1326
808 654 -13602
808 708 6831
808 711 2881
808 725 -2446
808 736 -3536
808 743 -7050
808 756 7652
808 759 -212
808 806 -7379
808 818 11572
808 844 17974
808 915 -7942
808 926 -12696
808 941 -16036
808 1003 12173
808 1017 1181
809 9 -18572
809 22 -4739
809 27 -15922
809 36 -6286
809 75 16511
809 133 11527
809 146 11214
809 170 7787
809 174 15261
809 183 -13939
809 186 6651
809 211 9898
809 235 -16865
809 237 2603
809 239 -8320
809 241 4644
809 255 -2327
809 283 -16136
809 297 -11583
809 302 8977
809 303 7906
809 392 5027
809 408 -8936
809 424 -8238
809 430 10174
809 440 8064
809 447 -4613
809 472 6417
809 480 -1782
809 485 14408
809 488 -2937
809 513 -10977
809 537 -6924
809 562 4053
809 575 13503
809 629 7544
809 699 -4902
809 749 -14930
809 799 -6020
809 813 -13915
809 832 1417
809 838 486
809 844 16650
809 846 -14649
809 882 10160
809 922 -17189
809 966 9590
809 967 15879
809 980 -13996
809 1023 16372
810 4 18330
810 27 11998
810 37 7892
810 46 -4453
810 62 -18357
810 71 -9733
810 78 -18325
810 85 11459
810 109 -5445
810 116 4627
810 125 5504
810 127 -17331
810 132 12864
810 140 -6251
810 199 -7547
810 209 10928
810 249 -4435
810 295 72
810 333 -8885
810 355 2370
810 356 3533
810 394 4510
810 395 16905
810 442 -5668
810 467 17821
810 481 -4075
810 486 -11637
810 502 16296
810 512 1030
810 513 17616
810 559 -7441
810 578 1134
810 609 -14547
810 638 -16786
810 643 2030
810 648 4907
810 661 -1435
810 701 -2931
810 710 -3366
810 737 9426
810 740 -630
810 753 -2149
810 769 -7592
810 799 16072
810 805 -16201
810 806 11195
810 807 -14659
810 845 18285
810 850 4920
810 877 12127
810 888 -13496
810 918 -16619
810 921 -18730
810 923 816
810 974 14984
810 984 14262
810 1003 -1306
810 1015 12258
811 0 11646
811 8 -10205
811 51 2172
811 60 15607
811 92 -4334
811 96 -8886
811 129 -11361
811 140 -17793
811 152 2577
811 186 -11435
811 194 16680
811 200 -3292
811 208 -18548
811 216 -7871
811 228 11684
811 229 -8257
811 248 -9027
811 277 5569
811 282 -1766
811 287 -14041
811 333 15949
811 343 11339
811 354 -18026
811 403 16524
811 404 -5251
811 414 6749
811 435 -18748
811 439 5024
811 448 -16441
811 464 -11425
811 466 10838
811 552 4200
811 553 -7500
811 588 3106
811 601 -1825
811 603 18386
811 609 -5407
811 636 -834
811 663 17832
811 694 1280
811 695 -3821
811 710 14920
811 724 7109
811 733 -4030
811 741 4673
811 744 18286
811 751 5308
811 759 2941
811 780 1253
811 799 -158
811 808 10246
811 817 14312
811 819 13272
811 821 4678
811 823 9711
811 826 232
811 849 -1643
811 868 -3865
811 876 4924
811 928 12334
811 936 -3752
811 988 2818
811 1014 7160
811 1020 -2684
812 36 -2102
812 40 -797
812 65 -8013
812 73 812
812 146 -273
812 187 13688
812 195 11258
812 207 2472
812 227 -9745
812 229 5577
812 230 -4143
812 245 -225
812 248 18122
812 250 -6686
812 253 -2396
812 279 6713
812 302 4456
812 304 -9310
812 317 -18385
812 345 -1347
812 364 14757
812 365 18767
812 389 4838
812 485 1844
812 509 8372
812 545 16315
812 622 15226
812 661 13315
812 669 -14846
812 678 -17573
812 686 11270
812 689 -11787
812 692 -4558
812 708 11302
812 709 17975
812 713 9962
812 746 7675
812 817 -17216
812 837 -16281
812 846 4915
812 853 -14294
812 862 -12000
812 866 8108
812 867 -8527
812 871 10781
812 903 -10523
812 913 5455
812 918 8122
812 927 -13703
812 928 2882
812 956 1012
812 979 -5914
812 984 -18459
812 993 7274
812 999 -12129
812 1007 -14737
813 45 -5141
813 66 7933
813 68 -7196
813 78 -13685
813 140 -4893
813 155 15015
813 183 -14514
813 279 1409
813 311 7093
813 330 9285
813 376 -2131
813 380 912
813 384 6074
813 412 16472
813 436 729
813 521 -14693
813 541 -18351
813 556 -3877
813 567 -4420
813 569 -6577
813 570 -13254
813 590 -4467
813 601 13438
813 652 7508
813 653 8625
813 682 -3748
813 745 -16065
813 759 -817
813 794 7668
813 806 -9988
813 821 -16069
813 844 -13165
813 847 16954
813 853 -8324
813 857 -17392
813 891 -13874
813 927 6751
813 934 -11063
813 940 -587
813 976 18101
813 985 -16001
813 986 5853
814 89 -4135
814 94 -16864
814 111 13390
814 114 7636
814 124 -6711
814 148 8584
814 154 18075
814 236 15870
814 240 8688
814 283 -14105
814 292 15039
814 297 -13040
814 308 -15613
814 313 10784
814 357 -11935
814 390 3676
814 404 -18601
814 405 18659
814 431 -12050
814 444 16084
814 453 9235
814 454 -17482
814 471 -460
814 496 8610
814 503 9924
814 509 11369
814 524 -14961
814 543 -14457
814 551 6101
814 565 -10168
814 567 -18472
814 601 -14959
814 605 4781
814 623 6411
814 640 15267
814 655 10738
814 668 15798
814 790 -15921
814 802 -5413
814 808 1914
814 890 16070
814 932 6374
814 953 -562
814 982 -12984
814 1003 12745
814 1008 -15791
815 0 -14257
815 86 5311
815 95 -15856
815 146 7372
815 158 -488
815 162 17034
815 178 3380
815 190 -2801
815 196 17951
815 242 -4094
815 249 6535
815 254 3732
815 271 -9813
815 329 2625
815 344 -303
815 371 7609
815 456 3867
815 473 -12153
815 484 12126
815 510 1330
815 541 -11659
815 578 -6701
815 599 16927
815 611 10707
815 613 -3778
815 638 15352
815 659 7364
815 681 -7870
815 705 14452
815 714 -8639
815 738 -15734
815 809 335
815 811 -9387
815 883 12371
815 889 -12532
815 935 14174
815 967 -6620
815 974 -12488
815 1016 3795
816 5 -6935
816 15 -10404
816 38 10483
816 68 -17860
816 134 -8311
816 135 939
816 148 1775
816 154 7523
816 188 11461
816 189 8592
816 223 -9916
816 234 -14474
816 251 4654
816 254 16297
816 264 -2612
816 270 -6598
816 300 -7692
816 318 -55
816 337 1184
816 340 7138
816 376 -3699
816 380 -11793
816 390 -9892
816 428 -13212
816 435 -13712
816 452 11574
816 491 17131
816 507 -15470
816 513 8402
816 516 14089
816 521 10015
816 522 -15386
816 542 -4024
816 549 2573
816 562 10455
816 577 2265
816 593 -10381
816 598 5583
816 605 -903
816 643 16364
816 708 818
816 710 -1576
816 736 -8277
816 738 6982
816 753 -17694
816 767 14973
816 772 -12127
816 802 -14374
816 828 -18220
816 847 -18520
816 858 -11074
816 901 9096
816 907 15889
816 911 13859
816 942 -13012
816 968 4638
816 995 -12830
816 1011 17093
816 1023 -14246
817 16 12105
817 21 -14594
817 34 -16231
817 36 3860
817 43 -10187
817 45 13814
817 77 6445
817 97 9191
817 117 -16709
817 139 -12273
817 167 18544
817 193 8044
817 217 13119
817 222 -1054
817 262 -622
817 304 16780
817 310 -3287
817 345 -14959
817 352 -18575
817 358 -11360
817 361 -10392
817 374 -14887
817 403 8182
817 410 16405
817 416 8504
817 439 16059
817 441 -16394
817 450 13794
817 488 16732
817 525 -18273
817 552 -7312
817 592 -4879
817 612 18261
817 625 -3190
817 630 17414
817 651 -1716
817 677 15187
817 696 -14843
817 750 -10547
817 783 12988
817 784 -2491
817 786 -6777
817 802 1478
817 820 14797
817 825 14976
817 836 17687
817 846 -17659
817 881 -11332
817 904 -1563
817 907 11063
817 932 10439
817 941 15858
817 970 -10705
817 1004 -16145
817 1006 -7935
818 19 9736
818 42 -9836
818 58 12323
818 152 11715
818 171 8931
818 186 -1275
818 207 16085
818 228 9670
818 252 16122
818 262 14500
818 276 18039
818 293 1932
818 328 -10165
818 339 -11280
818 348 -4440
818 373 9699
818 404 -16991
818 407 -15440
818 460 -13477
818 475 12222
818 487 -2007
818 493 -1697
818 499 -723
818 506 18293
818 528 -11550
818 530 9919
818 538 14512
818 549 3400
818 550 10399
818 564 -2503
818 576 9695
818 581 7917
818 591 -9761
818 592 -18646
818 617 13292
818 619 4634
818 633 16060
818 670 -9852
818 708 -7777
818 728 5264
818 739 -17625
818 742 16046
818 749 13026
818 751 -5861
818 770 4027
818 797 -3450
818 801 2563
818 855 -17158
818 863 -15321
818 904 -6677
818 911 -10168
818 931 6334
818 934 383
818 955 14040
818 966 15264
818 976 -12624
818 991 -10423
818 1009 -10835
818 1014 2085
818 1016 -12750
819 3 8644
819 47 -5985
819 152 17500
819 163 -14956
819 170 13618
819 191 18098
819 198 17500
819 200 9172
819 212 -15486
819 218 18611
819 242 13262
819 245 -11873
819 286 2364
819 305 -13465
819 331 7623
819 345 16524
819 357 -10575
819 372 -16955
819 386 17724
819 400 10200
819 418 12648
819 422 4540
819 479 -7563
819 487 13261
819 515 -1388
819 538 12641
819 542 -10062
819 564 5084
819 571 -8730
819 585 10751
819 627 -6413
819 640 5483
819 664 40
819 694 333
819 707 -16036
819 712 -6399
819 771 18237
819 781 -2773
819 785 15823
819 828 -7603
819 833 -9773
819 838 10329
819 870 -9944
819 919 -7650
819 926 -8782
819 948 11114
819 954 369
819 1000 4320
820 41 10849
820 89 4739
820 90 -8348
820 108 -1780
820 109 16600
820 148 5760
820 204 3511
820 214 6057
820 232 -17123
820 260 -5255
820 272 -14359
820 277 2282
820 295 -1434
820 305 -5767
820 361 -937
820 364 -2470
820 368 -5705
820 402 18020
820 425 -3454
820 448 3094
820 455 12436
820 525 18329
820 531 15283
820 542 15068
820 568 15863
820 629 12889
820 631 -8821
820 640 16440
820 672 -6309
820 681 -9503
820 687 2149
820 704 -14310
820 743 10268
820 803 1446
820 832 -16320
820 833 -7980
820 850 -15772
820 862 -2129
820 875 1521
820 880 -4669
820 928 6567
820 944 -18505
820 957 -11428
820 988 17937
820 1015 2977
821 4 16759
821 5 -1742
821 7 16242
821 46 12264
821 52 2526
821 75 -11494
821 84 15684
821 91 -14130
821 126 3268
821 127 3036
821 149 326
821 160 -1053
821 205 2362
821 218 -15741
821 219 -3775
821 248 1959
821 278 -1177
821 282 -5979
821 302 -15189
821 327 -11596
821 349 -5553
821 417 -13562
821 425 -10658
821 428 -13467
821 449 12782
821 463 -8375
821 469 7020
821 480 -5672
821 545 -14845
821 575 -13528
821 586 4827
821 596 2838
821 621 14718
821 670 -4542
821 692 15661
821 741 4313
821 748 5717
821 788 -15716
821 791 722
821 797 -331
821 811 -2849
821 828 -3212
821 845 -2259
821 862 13889
821 936 -16081
821 952 -18274
821 954 -11878
821 964 5173
821 965 1088
821 1012 9252
822 21 8117
822 23 17426
822 116 13896
822 134 13329
822 161 6398
822 180 -10572
822 187 12448
822 199 -4840
822 249 -138
822 279 425
822 300 -9504
822 316 -9556
822 321 15687
822 342 -16286
822 353 -14609
822 358 14071
822 372 13723
822 395 -17676
822 415 -16318
822 435 -7985
822 443 -15782
822 447 7478
822 493 -1986
822 562 1684
822 566 7753
822 622 -16456
822 626 2297
822 639 11025
822 651 9472
822 658 -14512
822 675 18166
822 737 -16854
822 738 -7208
822 747 -12621
822 769 1754
822 815 16571
822 829 281
822 857 -5748
822 896 -13808
822 963 3573
822 988 12141
822 1008 10167
822 1022 -4384
823 2 -16106
823 42 8431
823 73 912
823 76 1857
823 82 -1615
823 89 12406
823 104 -6886
823 138 -13878
823 146 3868
823 147 -2568
823 165 -14366
823 167 -6304
823 179 -12952
823 183 -7386
823 189 13419
823 207 14024
823 254 15591
823 272 -18759
823 279 7694
823 294 -15716
823 307 -12078
823 311 -3882
823 341 3556
823 357 -8379
823 372 -11205
823 417 1416
823 426 -17399
823 483 4092
823 491 12998
823 503 1011
823 517 -7876
823 531 -15775
823 545 -17719
823 550 14833
823 605 -688
823 613 -17072
823 641 3473
823 657 827
823 685 14757
823 737 4308
823 757 -4144
823 771 -17458
823 781 11139
823 782 13700
823 859 -2173
823 894 -15838
823 911 -13020
823 913 16819
823 977 -10392
823 989 11717
823 1007 -6844
823 1010 -6184
824 9 9149
824 15 -8057
824 22 14864
824 67 13569
824 75 -9792
824 86 8550
824 92 -4365
824 93 -9951
824 107 -13424
824 121 6733
824 136 -15573
824 190 -1935
824 234 -9012
824 242 -12243
824 244 15986
824 250 -17555
824 253 15446
824 261 17275
824 262 -7656
824 295 3339
824 298 -9958
824 329 -6951
824 344 -6708
824 353 -10873
824 419 16219
824 436 -2629
824 447 -10341
824 450 -15485
824 451 11459
824 463 -12300
824 490 -6701
824 496 8912
824 503 4460
824 551 -4312
824 555 -5288
824 561 -2378
824 587 -8000
824 626 3021
824 631 -13791
824 632 13722
824 655 639
824 676 13768
824 679 -6504
824 690 -3831
824 706 -12083
824 723 -16106
824 732 7333
824 737 3302
824 747 -5036
824 771 17356
824 774 9349
824 788 17525
824 807 5639
824 884 -10614
824 894 -4896
824 915 6551
824 935 17890
824 946 15727
824 973 -16916
824 978 -15943
825 5 15059
825 18 18561
825 59 7656
825 109 -16820
825 146 -11219
825 157 8284
825 177 7678
825 186 -18432
825 193 5556
825 224 -1052
825 235 11244
825 238 5414
825 240 -3255
825 249 -12361
825 254 17326
825 277 -15809
825 306 2059
825 319 -3490
825 356 -5170
825 395 16527
825 401 7634
825 448 6484
825 487 -16068
825 516 1477
825 564 11749
825 581 -2845
825 585 -15073
825 612 -4102
825 615 11245
825 651 -4529
825 721 2922
825 761 2762
825 765 10376
825 777 -14858
825 780 1304
825 807 -2344
825 827 701
825 847 8005
825 904 -14350
825 905 18509
825 967 12879
825 1000 1335
825 1017 -11335
826 13 13021
826 14 -5581
826 71 11835
826 136 1931
826 139 -17177
826 145 -12499
826 146 -9805
826 163 -1046
826 171 -6031
826 174 -9301
826 185 -12753
826 212 18662
826 213 -14752
826 217 6021
826 222 -9597
826 243 12026
826 250 -10988
826 251 -7549
826 255 12855
826 264 5535
826 268 -10828
826 291 8757
826 297 17543
826 303 -8351
826 403 12009
826 409 18106
826 442 -15438
826 465 -15103
826 472 9730
826 497 2263
826 560 13024
826 565 17250
826 595 -3328
826 596 -1217
826 602 -17145
826 609 -7869
826 622 4531
826 638 -1368
826 640 16282
826 642 -18019
826 652 -962
826 659 -12136
826 696 -12951
826 700 5923
826 707 -5175
826 759 -3349
826 768 18135
826 771 -14077
826 781 -6824
826 894 -18605
826 895 15905
826 896 18220
826 918 3629
826 1014 -9206
827 20 13022
827 27 -9898
827 60 -9325
827 61 -4384
827 77 11947
827 102 -3000
827 115 -10775
827 126 -5994
827 133 18221
827 142 -18428
827 193 5355
827 203 -11653
827 207 7090
827 282 -17241
827 305 10172
827 334 -8643
827 378 -2628
827 388 17380
827 420 9366
827 446 -573
827 457 -2058
827 496 -5493
827 534 -12127
827 551 -18681
827 566 -17595
827 577 9395
827 585 14856
827 596 -4277
827 623 -11576
827 642 18375
827 672 9730
827 720 -10074
827 725 14241
827 726 -4845
827 754 -6564
827 760 -4634
827 851 -16919
827 866 -16305
827 868 3065
827 906 -2340
827 944 -7405
827 945 -14198
827 959 4931
827 963 15775
827 971 9627
827 1003 17841
828 23 10252
828 104 -15698
828 123 12092
828 168 -3620
828 188 -10837
828 209 5568
828 242 7553
828 250 -4135
828 272 -11285
828 273 -2891
828 335 15664
828 376 -14793
828 379 13915
828 381 -6992
828 400 3858
828 405 7366
828 438 -9017
828 454 -8437
828 473 -2550
828 485 3316
828 518 13662
828 570 14495
828 571 -9320
828 585 -2688
828 589 10963
828 595 16714
828 604 9036
828 605 12472
828 611 -9451
828 634 -16100
828 656 -1913
828 673 8359
828 682 -2683
828 738 1379
828 750 16239
828 767 -10696
828 842 16376
828 872 -4277
828 892 17803
828 897 12636
828 932 -7086
828 963 -16329
828 966 -7063
828 1009 -3652
829 18 -6316
829 42 -10965
829 58 5639
829 79 -13530
829 81 17000
829 83 -963
829 89 8441
829 111 10333
829 152 8439
829 190 -3428
829 192 -13018
829 198 11187
829 232 -8006
829 243 18224
829 272 389
829 296 -3918
829 316 741
829 335 -17717
829 350 5024
829 364 6179
829 366 10340
829 408 -5118
829 435 -3646
829 443 8603
829 461 6146
829 464 9756
829 481 -16796
829 496 -2713
829 518 -7161
829 538 6728
829 591 17354
829 615 12017
829 618 -15473
829 645 10197
829 657 -18105
829 691 5699
829 759 1997
829 761 12779
829 769 -10742
829 790 15402
829 797 -14431
829 853 -16553
829 856 -9830
829 863 18232
829 890 -6125
829 907 -8300
829 909 1657
829 973 13361
829 983 -10715
829 991 -12894
829 1005 -15510
829 1021 -9053
829 1023 6432
830 17 6728
830 90 -11229
830 114 -11265
830 143 -11441
830 159 3998
830 174 -8620
830 181 7648
830 195 1847
830 202 6899
830 204 18215
830 248 -16065
830 267 -964
830 333 -8171
830 336 -16905
830 344 -17182
830 375 7834
830 399 -4568
830 412 6791
830 420 16387
830 471 322
830 512 -12340
830 519 -6558
830 526 -14745
830 527 -2164
830 550 10057
830 632 1841
830 663 11182
830 667 7079
830 717 -15901
830 742 927
830 755 5542
830 774 -16246
830 825 18654
830 829 15200
830 897 -6221
830 908 2550
830 931 2355
830 946 2069
830 983 18048
830 1004 -1047
831 3 -12924
831 18 -2231
831 56 -7665
831 59 3167
831 65 -8246
831 71 2151
831 75 -17108
831 85 7667
831 130 -18587
831 163 16416
831 166 -8711
831 182 15456
831 221 -13579
831 230 997
831 253 -18635
831 293 -8427
831 326 15610
831 335 4273
831 359 8370
831 377 15324
831 405 -16458
831 513 -3908
831 535 -1230
831 613 -6878
831 660 16757
831 740 10563
831 759 -2841
831 776 12354
831 793 6864
831 819 11845
831 877 -4065
831 890 -12084
831 906 -3540
831 927 -14974
831 946 3249
831 981 3431
831 983 7529
831 1003 3303
831 1021 11995
832 33 12938
832 62 -2823
832 77 12431
832 81 7147
832 155 -14018
832 160 7606
832 187 7425
832 189 3279
832 200 3849
832 201 7295
832 219 1158
832 224 2743
832 266 13651
832 270 -11259
832 301 -12773
832 306 4968
832 324 -10409
832 402 17389
832 410 -495
832 413 18154
832 414 3068
832 417 -4376
832 422 -7417
832 452 5963
832 463 464
832 467 -4944
832 514 9596
832 553 8948
832 572 -3971
832 576 -7124
832 582 -2057
832 590 1920
832 640 -2174
832 643 -16433
832 649 11262
832 728 3924
832 769 9778
832 770 -10131
832 781 7365
832 797 -11944
832 815 1991
832 821 547
832 852 -6238
832 861 -401
832 863 11259
832 867 -8956
832 882 -12719
832 895 17877
832 907 13766
832 912 16249
832 936 4460
832 979 -11650
832 983 16127
833 11 -16175
833 14 16826
833 37 -4501
833 45 -6898
833 70 7564
833 80 -5027
833 109 -1021
833 110 -16921
833 112 9718
833 117 -8722
833 143 10599
833 145 11133
833 161 2166
833 168 12374
833 172 3032
833 184 3711
833 195 -6973
833 214 -616
833 218 6303
833 227 -10844
833 290 14867
833 304 1326
833 310 11773
833 324 -12758
833 331 -7750
833 337 13200
833 353 3321
833 354 6021
833 383 -15846
833 394 4239
833 409 -5194
833 412 -3299
833 487 5944
833 491 14614
833 512 -14041
833 610 4469
833 638 -785
833 710 9509
833 791 7818
833 813 489
833 837 7132
833 838 1856
833 878 -15826
833 893 18749
833 917 6293
833 918 -4475
833 962 -2559
833 979 -5942
833 982 -9878
833 986 3666
833 1008 17907
833 1016 -10443
834 12 12003
834 15 12681
834 25 16193
834 44 17403
834 47 5536
834 56 18351
834 66 -11313
834 102 1488
834 109 14836
834 118 6131
834 120 -11826
834 128 -2913
834 153 -18308
834 177 -2147
834 192 -7070
834 203 -15956
834 204 3817
834 227 16064
834 235 -6942
834 248 13289
834 263 -18274
834 264 -7800
834 310 -9387
834 343 -1090
834 394 8645
834 436 -11438
834 453 17798
834 463 15715
834 469 17629
834 475 15820
834 484 -17376
834 498 -9607
834 532 -5018
834 537 7833
834 558 5916
834 582 -11297
834 596 13387
834 609 -12383
834 614 8367
834 669 5060
834 673 -8085
834 689 -12133
834 690 -11264
834 694 -6433
834 707 3302
834 780 10722
834 803 -7932
834 809 -2935
834 856 -5089
834 887 1820
834 915 7897
834 920 8771
834 933 -13077
834 964 7091
834 990 -1734
834 1001 -3469
834 1007 -13719
834 1012 -12639
834 1018 -13974
835 27 3587
835 41 -8614
835 77 -2394
835 78 8360
835 105 1813
835 121 18370
835 133 -7362
835 155 -16558
835 162 -13639
835 182 -12558
835 195 -12427
835 265 8786
835 271 -9546
835 283 -4405
835 302 -9590
835 327 -2570
835 328 9162
835 354 -17129
835 375 2198
835 394 -12207
835 415 -8605
835 468 -1363
835 507 -4888
835 547 -15651
835 582 -13017
835 619 -15307
835 623 -17142
835 634 10773
835 635 -11844
835 636 17167
835 637 13278
835 649 813
835 653 9648
835 654 -18433
835 759 1764
835 760 2985
835 761 18540
835 764 -10729
835 810 -6016
835 938 5350
835 989 -7228
835 1006 -4876
836 3 -18096
836 39 -14999
836 46 -3134
836 51 6713
836 72 15249
836 173 7179
836 178 -369
836 181 14710
836 228 10628
836 230 -12268
836 233 18599
836 245 -10245
836 250 -16201
836 311 -8396
836 332 3777
836 341 -18567
836 354 -13952
836 360 -4276
836 364 6055
836 365 -5678
836 366 69
836 394 15563
836 436 -4017
836 441 12297
836 455 4194
836 465 122
836 492 5347
836 522 4948
836 545 11389
836 566 5528
836 583 14641
836 604 3624
836 621 9819
836 635 -16181
836 643 -13647
836 645 9605
836 665 -7016
836 689 5778
836 691 12473
836 694 7483
836 760 -3802
836 810 14627
836 840 17947
836 847 -16612
836 853 7048
836 889 5478
836 894 4483
836 903 2857
836 919 11363
836 931 5288
837 47 -6536
837 49 15931
837 52 1605
837 69 -3647
837 105 17509
837 108 13430
837 114 -16077
837 137 -733
837 141 1424
837 150 -2295
837 155 8723
837 158 5498
837 164 -3866
837 187 -6596
837 198 15048
837 206 7319
837 258 3384
837 291 542
837 298 -13963
837 308 12561
837 317 2214
837 325 -15275
837 327 1776
837 332 -5752
837 335 -1592
837 374 -4156
837 417 -4144
837 428 17604
837 446 -11184
837 465 14186
837 469 2537
837 504 6829
837 520 -7069
837 544 -8387
837 545 10672
837 563 653
837 579 7198
837 633 -11962
837 660 -11445
837 661 13178
837 707 -310
837 742 9152
837 749 -18763
837 752 9292
837 810 -5393
837 817 16183
837 822 -7619
837 865 -5544
837 886 9886
837 927 -14942
837 936 1081
837 958 -12523
837 969 18304
837 983 -11684
837 986 -13585
837 1003 -1925
837 1007 -9499
838 26 -6727
838 37 -177
838 80 -4719
838 109 703
838 111 9880
838 114 11423
838 125 -11723
838 150 -5926
838 152 -11535
838 173 8905
838 187 -13472
838 208 15057
838 230 18765
838 285 -5320
838 319 -7680
838 335 -2173
838 341 -1870
838 358 -13700
838 368 -15329
838 376 10034
838 384 -7006
838 389 -2174
838 394 15604
838 406 4488
838 409 -1757
838 416 -11118
838 417 -16775
838 428 11366
838 436 13400
838 462 -6080
838 472 -13859
838 495 10207
838 518 -11260
838 531 -10469
838 534 15902
838 580 5878
838 629 -7333
838 648 15193
838 661 942
838 665 2072
838 682 3185
838 685 -14828
838 743 6352
838 768 13821
838 778 1751
838 796 -9395
838 809 9025
838 847 -4316
838 888 7450
838 899 -14166
838 914 12053
838 978 -2991
839 3 16423
839 49 12057
839 51 -17723
839 108 -14682
839 120 -389
839 144 15013
839 171 201
839 217 -6578
839 220 -13719
839 232 5991
839 236 6629
839 247 -3767
839 263 17542
839 266 -2985
839 300 -11324
839 406 5062
839 423 4059
839 438 -16586
839 449 -422
839 465 -6032
839 483 8920
839 484 6262
839 509 -16034
839 515 5872
839 516 18013
839 523 -1577
839 530 -16313
839 538 8397
839 543 -16790
839 564 14330
839 572 -3091
839 577 -465
839 606 12395
839 630 -3782
839 631 5056
839 671 -15461
839 686 5336
839 723 -11640
839 749 -10749
839 754 -16717
839 782 -18088
839 812 7358
839 840 -17244
839 895 14046
839 931 12989
839 941 -9821
839 943 10044
839 968 -3628
839 971 5083
839 980 1546
839 986 5078
839 992 -11030
839 1004 -6727
839 1022 -8955
840 5 1456
840 22 -3162
840 24 12683
840 51 -12007
840 62 -5840
840 95 9470
840 134 -10571
840 149 18091
840 157 14212
840 166 17037
840 171 11125
840 180 1009
840 202 -2345
840 212 -1051
840 226 11288
840 228 -4868
840 259 11232
840 260 5499
840 262 -12442
840 320 9831
840 325 17353
840 404 5208
840 434 11564
840 460 -6831
840 475 -9241
840 507 -9642
840 532 -16549
840 546 994
840 550 11248
840 573 18517
840 582 18601
840 594 -4084
840 639 11308
840 650 3873
840 668 4290
840 729 14180
840 733 15773
840 738 -16516
840 740 1792
840 751 11634
840 756 -965
840 799 15041
840 811 6775
840 825 -5047
840 832 3720
840 845 7828
840 865 12362
840 875 17595
840 891 8603
840 909 -10605
840 911 899
840 954 1746
840 973 7550
840 992 18430
840 995 -3049
840 1002 3350
840 1016 -11074
841 17 -3193
841 33 15906
841 44 -17697
841 84 1956
841 85 14235
841 87 -5015
841 90 -4801
841 92 7468
841 99 -10708
841 139 6463
841 153 12060
841 207 -4873
841 220 17728
841 251 -5511
841 270 -12746
841 285 6428
841 288 -5557
841 293 -6733
841 297 7773
841 313 -5651
841 315 -2361
841 364 17104
841 366 -3668
841 390 -18709
841 391 -14121
841 398 9424
841 426 12009
841 428 4840
841 442 -570
841 463 7020
841 475 6888
841 479 3919
841 504 2074
841 514 16637
841 546 -7606
841 569 -1330
841 582 -11000
841 601 -7345
841 613 -4588
841 641 5558
841 652 -7407
841 663 4030
841 685 6084
841 743 15707
841 753 7171
841 755 1128
841 762 -6465
841 833 -8297
841 861 15370
841 870 -11404
841 880 5986
841 899 16979
841 961 11488
841 971 -2574
842 6 -17611
842 12 3687
842 13 -6781
842 18 2598
842 32 -18201
842 73 -6971
842 78 14588
842 89 15871
842 90 -5160
842 102 583
842 106 -6521
842 140 -14332
842 175 4747
842 186 16047
842 202 5980
842 204 632
842 260 16335
842 299 9813
842 312 -14542
842 324 13019
842 332 -15809
842 400 -14720
842 420 4311
842 434 11264
842 454 7112
842 519 17555
842 530 -17755
842 544 712
842 555 -17581
842 562 1444
842 566 18085
842 604 -10074
842 615 -10941
842 650 7050
842 663 -15532
842 670 11824
842 709 1922
842 733 -14443
842 762 -4019
842 805 -5329
842 821 11013
842 835 17234
842 854 -11576
842 855 -12538
842 886 -12982
842 925 -13724
842 940 10002
842 948 11509
842 961 7064
842 978 3057
842 993 -18509
842 998 -5860
842 1015 3950
842 1022 4009
843 2 11
843 15 -11312
843 19 16505
843 50 -4077
843 53 5636
843 62 4180
843 65 6357
843 73 3613
843 85 7153
843 88 -2044
843 91 6580
843 106 -11728
843 108 -16867
843 115 9308
843 141 16917
843 165 -15891
843 202 10144
843 248 17460
843 293 -17527
843 295 -283
843 296 -7736
843 327 -14771
843 340 -11896
843 352 -11183
843 399 -6074
843 409 306
843 430 -643
843 462 -6436
843 515 15543
843 559 -5989
843 666 2671
843 694 -16922
843 701 -16551
843 770 -18456
843 783 9059
843 785 10574
843 821 1325
843 840 12838
843 847 18679
843 890 -12877
843 896 -15436
843 917 5533
843 928 2531
843 958 9122
844 9 8748
844 15 15208
844 22 15656
844 24 -15272
844 41 -5226
844 72 9834
844 82 -9450
844 87 15213
844 147 -16635
844 152 12143
844 181 -4347
844 188 14829
844 205 -14723
844 223 2934
844 238 656
844 249 6000
844 315 -18677
844 336 11539
844 344 -2767
844 358 110
844 386 -16631
844 389 -7314
844 395 15290
844 445 -18471
844 450 -2436
844 460 -7516
844 468 -1718
844 476 8999
844 504 -10127
844 577 -9792
844 627 -5618
844 628 16824
844 644 2139
844 673 11624
844 683 -11844
844 695 -15449
844 716 1046
844 757 11981
844 815 -15850
844 851 -2343
844 878 8837
844 883 -17615
844 925 6487
844 929 2612
844 931 -12133
844 990 -12380
845 9 4693
845 43 2758
845 61 -17297
845 88 14310
845 103 -13173
845 132 -11431
845 151 -7686
845 200 10612
845 224 -7584
845 227 12642
845 229 14055
845 266 12310
845 291 12970
845 307 7597
845 326 6310
845 354 -362
845 390 16837
845 408 -18265
845 409 -15118
845 417 -4
845 447 12821
845 456 -12675
845 458 -5514
845 461 16249
845 524 -3404
845 539 -5259
845 550 -4657
845 594 14371
845 604 -5419
845 608 15543
845 618 -3261
845 638 12569
845 643 -17710
845 663 -17874
845 679 -1602
845 728 8795
845 733 11458
845 820 -5760
845 821 -17674
845 825 668
845 837 -10895
845 858 -18526
845 870 11855
845 903 10483
845 909 10128
845 914 5920
845 935 13131
845 975 3345
845 988 -1439
845 993 -14365
845 1003 -17620
845 1008 -6605
845 1009 14740
846 98 -9218
846 112 -10078
846 155 -5257
846 159 6696
846 180 -12515
846 223 -1678
846 242 -8992
846 263 -4527
846 264 13727
846 272 -15501
846 284 10315
846 302 8206
846 332 -8413
846 362 -4596
846 375 -1682
846 395 -10699
846 419 -15872
846 445 11493
846 447 4444
846 475 1150
846 490 18484
846 522 12677
846 525 -14377
846 568 -10839
846 574 -12874
846 577 -10022
846 583 3531
846 591 12889
846 595 -5224
846 604 14609
846 674 -16802
846 694 -15874
846 728 4507
846 736 -6754
846 767 1239
846 812 13206
846 815 10636
846 830 10212
846 885 14465
846 889 -6707
846 890 -2660
846 909 -5382
846 919 -2787
846 923 -18042
846 968 696
846 985 760
846 987 -10141
846 1000 -5736
846 1011 -16931
847 1 -13728
847 10 -15637
847 23 -5663
847 56 10552
847 66 4034
847 85 6486
847 105 -2275
847 126 -11083
847 135 4975
847 145 -8650
847 171 5515
847 203 -1578
847 209 -14706
847 222 -11459
847 240 -6639
847 278 17892
847 288 -3653
847 297 3019
847 305 11949
847 309 1700
847 319 -4607
847 373 17852
847 425 -2941
847 458 -10024
847 459 6053
847 500 8081
847 524 18139
847 581 5306
847 660 5538
847 682 13045
847 688 5869
847 711 16509
847 720 -11456
847 725 -12870
847 749 3498
847 769 15064
847 779 15826
847 784 -5428
847 812 -2266
847 817 11072
847 826 3393
847 850 -5651
847 860 15810
847 881 17785
847 892 -14404
847 900 10084
847 908 -16011
847 910 -8751
847 950 3811
847 966 14298
847 969 16584
847 980 7986
848 8 -17288
848 24 -9256
848 65 -4019
848 81 -4761
848 103 14265
848 193 12709
848 209 3432
848 220 -8861
848 244 16561
848 257 18768
848 276 18514
848 279 9242
848 299 13364
848 313 2585
848 373 2127
848 393 996
848 423 -17592
848 424 12434
848 430 16186
848 437 12878
848 441 15285
848 504 14023
848 515 -13797
848 534 1206
848 576 15444
848 577 4678
848 579 -17820
848 584 10816
848 605 13829
848 664 -109
848 689 -71
848 700 17410
848 706 16649
848 738 -17664
848 780 -10081
848 789 5171
848 791 -18424
848 795 8460
848 803 8562
848 804 5952
848 814 -11085
848 819 10076
848 825 3902
848 849 -407
848 879 8331
848 894 -4657
848 899 6767
848 912 6837
848 925 10793
848 967 -5141
848 1022 -17933
849 7 -652
849 14 10343
849 34 -14174
849 83 -18324
849 107 -16954
849 149 -13350
849 167 -10831
849 171 4705
849 176 12208
849 177 -1750
849 196 -8572
849 218 -9434
849 228 18535
849 292 -4294
849 307 12832
849 308 13940
849 321 -778
849 331 -5897
849 411 -14081
849 413 5179
849 421 -611
849 510 12799
849 512 12265
849 522 12611
849 541 -15096
849 549 -16114
849 551 6616
849 565 15553
849 570 10467
849 584 13154
849 622 -253
849 624 -6696
849 662 -1812
849 695 -12544
849 696 15653
849 711 -9734
849 758 -8907
849 773 17820
849 808 -13087
849 854 5676
849 866 -13749
849 871 -17701
849 878 12026
849 895 -7
849 909 18302
849 910 8373
849 946 12706
849 947 -5870
849 963 -1995
849 969 3683
849 991 11955
849 992 -14357
849 999 -15710
849 1019 -12493
849 1021 9570
850 0 -16575
850 17 -16209
850 35 1890
850 57 -15190
850 83 -9453
850 85 -952
850 93 -12398
850 94 -13195
850 105 6211
850 106 -11956
850 120 -2730
850 131 4216
850 150 7147
850 162 18341
850 190 -9588
850 192 -6860
850 237 -12009
850 246 5748
850 289 -18131
850 334 -5173
850 373 10880
850 399 705
850 475 -135
850 496 16463
850 504 -17101
850 516 -18511
850 519 15790
850 564 -7576
850 569 526
850 619 11206
850 623 -15689
850 665 8571
850 684 -10724
850 685 10871
850 687 -5465
850 725 5071
850 765 -9666
850 767 5973
850 776 -8722
850 781 -10845
850 823 8963
850 841 12386
850 885 9734
850 900 -11377
850 902 -9353
850 903 12864
850 923 2996
850 925 1740
851 2 8573
851 9 13389
851 19 17931
851 24 -17643
851 89 17435
851 96 -5546
851 100 -2197
851 116 -15415
851 119 8048
851 128 16690
851 132 9273
851 181 8613
851 188 -3507
851 198 -9542
851 221 4351
851 251 16467
851 264 15299
851 300 -8307
851 320 -5389
851 348 -18050
851 366 12853
851 370 -7350
851 378 11008
851 419 14256
851 430 -11184
851 447 -9789
851 452 -17956
851 458 4530
851 478 9566
851 511 -10848
851 536 -7808
851 633 -15866
851 636 13788
851 662 564
851 709 1286
851 732 9768
851 733 -1370
851 803 -5483
851 810 -2897
851 821 18359
851 838 13167
851 881 -17042
851 887 9245
851 907 11923
851 999 17168
851 1000 6799
851 1016 16711
852 48 -10531
852 54 17864
852 90 -13340
852 101 16713
852 104 17619
852 107 -16545
852 141 18390
852 178 -718
852 213 -6518
852 232 -8763
852 237 1968
852 257 -14028
852 313 -8516
852 354 -2198
852 365 -5764
852 379 13259
852 398 7913
852 462 16911
852 472 -3796
852 500 12202
852 555 916
852 577 -10818
852 599 9594
852 617 1876
852 624 18645
852 628 11257
852 639 6242
852 675 -5860
852 713 6864
852 719 10365
852 720 15206
852 738 -7523
852 741 -12884
852 781 3503
852 789 -15860
852 807 14479
852 810 10231
852 849 13330
852 925 -2907
852 931 -16435
852 932 18362
852 938 -10879
852 940 -237
852 946 1839
852 976 2062
852 1021 -684
853 41 797
853 42 6419
853 63 -12221
853 66 15687
853 67 -13355
853 94 -13408
853 112 8322
853 166 -14047
853 196 -13045
853 200 5528
853 205 14131
853 254 -13893
853 258 9039
853 262 -7572
853 272 -14846
853 273 881
853 281 -15884
853 336 -1541
853 338 6488
853 342 -2090
853 347 -6605
853 387 16585
853 396 -9105
853 419 -16648
853 423 -15534
853 445 -10683
853 475 1458
853 492 15931
853 511 -9461
853 521 -14573
853 523 -8971
853 534 -16663
853 616 -8491
853 619 -10774
853 624 -8010
853 630 -11205
853 656 -15926
853 679 -8402
853 694 3374
853 700 -15103
853 710 -2152
853 768 -12197
853 785 -555
853 795 10963
853 796 -4835
853 830 10486
853 834 -12851
853 855 13360
853 860 8904
853 895 7210
853 909 15901
853 917 4092
853 918 6027
853 955 1634
853 964 -11340
853 985 11376
853 990 8814
853 1008 -14167
854 15 -10860
854 43 8291
854 44 -15790
854 69 -15007
854 73 -18402
854 166 -10385
854 222 -6341
854 232 -18158
854 233 -5100
854 245 -528
854 267 15901
854 271 -17003
854 301 16883
854 304 -6821
854 309 7001
854 323 4968
854 353 257
854 389 -3680
854 397 580
854 402 13640
854 403 -14709
854 406 -6624
854 429 10899
854 431 6769
854 449 -14213
854 462 4993
854 467 12527
854 541 -13090
854 588 -685
854 601 2062
854 603 -14239
854 622 9232
854 631 -3172
854 647 6984
854 663 9702
854 675 4185
854 679 16924
854 726 6008
854 729 -16474
854 731 -4457
854 736 -9325
854 759 -12774
854 783 11064
854 802 11714
854 827 -12581
854 872 11482
854 898 16774
854 912 -17881
854 962 -428
854 965 17998
854 980 -8525
854 1021 -3332
855 4 -4955
855 6 -4278
855 28 -17735
855 76 -2848
855 107 -15296
855 140 18767
855 160 -5582
855 170 -12324
855 181 -2231
855 234 9245
855 237 6267
855 255 8012
855 268 -6016
855 284 2281
855 308 9206
855 322 8029
855 335 669
855 341 -17770
855 353 -14389
855 452 -16909
855 453 -17363
855 501 -1667
855 581 3473
855 591 8529
855 615 -10220
855 651 11265
855 660 12026
855 662 -8419
855 704 280
855 735 -5503
855 744 -5301
855 746 -2738
855 754 3873
855 788 18198
855 792 16544
855 817 -1991
855 850 -14715
855 851 11417
855 865 -17429
855 890 -16401
855 925 1765
855 950 -15561
855 1005 7481
856 15 -11253
856 26 -10543
856 34 16931
856 36 -17813
856 48 -1768
856 104 -9813
856 116 -4313
856 120 -14757
856 147 8330
856 156 2441
856 240 1612
856 244 -118
856 249 12524
856 327 16457
856 344 -15961
856 385 -8481
856 387 -15415
856 395 -15399
856 403 -5436
856 423 3050
856 437 10993
856 441 6993
856 454 16567
856 465 -525
856 511 2555
856 524 -13203
856 568 -10576
856 575 -3961
856 590 -15270
856 633 -4694
856 649 5552
856 667 -4497
856 689 6856
856 697 -5100
856 747 -13264
856 770 15561
856 780 -18087
856 798 12224
856 811 5789
856 826 16702
856 832 -419
856 846 -4794
856 877 16646
856 927 -17545
856 978 1960
856 1009 3426
857 0 18627
857 8 16736
857 83 16309
857 96 7682
857 116 2309
857 127 2124
857 174 -17255
857 239 17905
857 241 17115
857 257 5998
857 259 18372
857 263 -1366
857 266 1884
857 267 -6459
857 285 3306
857 299 12653
857 301 10206
857 340 7559
857 341 -10981
857 372 11228
857 435 5049
857 438 14397
857 483 12719
857 497 1794
857 502 2999
857 506 -10231
857 513 11190
857 522 1097
857 536 -5534
857 537 -9857
857 559 -10777
857 566 8006
857 588 17118
857 617 -18699
857 638 -9772
857 660 7041
857 673 -10565
857 740 16631
857 777 -9018
857 781 -9436
857 782 -12756
857 831 9025
857 849 -1126
857 923 -3184
857 974 -9151
858 14 15103
858 33 7971
858 66 2556
858 67 2208
858 78 12441
858 86 5526
858 90 -5090
858 103 2958
858 132 12407
858 135 14645
858 146 -3279
858 173 17913
858 215 14534
858 221 2124
858 229 3435
858 232 10764
858 298 -17030
858 318 -17007
858 328 15910
858 358 13684
858 366 -2885
858 386 -15867
858 388 3929
858 392 2261
858 414 7455
858 452 12350
858 463 181
858 469 -7119
858 480 -5683
858 533 6031
858 565 -4365
858 582 -10440
858 596 -4171
858 597 8727
858 599 -15174
858 627 8430
858 647 12432
858 734 -914
858 761 -5870
858 771 -8172
858 791 -8851
858 858 1583
858 861 -15952
858 875 -11364
858 879 -3500
858 881 -859
858 904 -7935
858 922 -8616
858 924 -13284
858 1004 -1026
858 1013 9349
858 1018 -4793
858 1019 -13946
859 6 -8200
859 47 -12316
859 49 -16807
859 58 3585
859 63 16481
859 77 -5141
859 78 -13725
859 102 -18300
859 125 -7155
859 131 -11166
859 137 -12430
859 145 -10957
859 150 -16185
859 172 -10863
859 227 -7169
859 240 9103
859 258 -6581
859 293 -5591
859 302 17134
859 307 15764
859 329 -14687
859 381 -3136
859 383 -16656
859 452 -2593
859 509 -18385
859 530 -7199
859 583 -16852
859 599 -6810
859 622 435
859 631 8562
859 638 -13498
859 680 11018
859 682 7946
859 684 -4395
859 687 -15367
859 702 16768
859 714 -8760
859 729 18250
859 773 693
859 778 9258
859 793 15885
859 816 -7394
859 825 -7928
859 866 8041
859 971 7814
860 38 16405
860 44 12875
860 56 4548
860 79 -8697
860 97 -15049
860 124 8138
860 160 -10620
860 188 -5168
860 231 7823
860 283 -16864
860 284 3448
860 301 10287
860 305 11859
860 311 -16186
860 400 1983
860 436 16393
860 437 -10763
860 439 6047
860 459 -13352
860 477 -18069
860 478 -15905
860 554 2146
860 589 9825
860 590 17999
860 604 10227
860 606 16668
860 634 -12133
860 681 5146
860 692 3873
860 693 -3674
860 702 16377
860 712 -6009
860 743 17816
860 752 8901
860 760 2139
860 765 -8832
860 770 -15571
860 779 -1190
860 796 3964
860 806 -198
860 842 14220
860 984 18779
860 986 -14041
860 1003 13344
860 1021 18520
861 7 15101
861 9 13916
861 28 -8081
861 29 7252
861 36 5260
861 40 -10924
861 69 -14253
861 91 -16975
861 148 7375
861 156 12183
861 177 612
861 200 -17766
861 208 6407
861 254 7291
861 262 3345
861 288 15928
861 307 -4964
861 329 -15523
861 366 -10932
861 392 -18719
861 399 10654
861 441 16768
861 472 4166
861 573 -6165
861 633 15495
861 653 11956
861 656 -11016
861 660 5076
861 677 -2108
861 680 -15396
861 690 -16641
861 701 -14887
861 712 -14860
861 714 17698
861 719 8636
861 736 14189
861 758 5746
861 760 5726
861 779 -10476
861 783 1724
861 836 3051
861 874 -10086
861 892 2773
861 916 -5173
861 930 16555
861 933 -14700
861 939 -15976
861 951 18074
861 958 6751
861 972 1985
861 994 2614
861 1021 17019
862 1 -7167
862 9 18288
862 23 8397
862 31 -6512
862 35 12677
862 59 15663
862 60 -9580
862 81 -9609
862 132 13471
862 141 6397
862 158 14942
862 175 -15219
862 178 13665
862 187 -18269
862 204 -17322
862 235 -10755
862 270 -7054
862 298 374
862 299 -16721
862 305 -791
862 333 15353
862 345 -7039
862 347 -2363
862 401 -13349
862 402 5928
862 412 6125
862 418 -4234
862 427 11743
862 446 6625
862 448 17674
862 473 -11793
862 485 -7760
862 496 15403
862 529 -2996
862 535 7923
862 562 -6238
862 636 -1794
862 647 -10989
862 678 17550
862 683 2295
862 719 12978
862 735 7786
862 755 7318
862 766 -2820
862 781 -10862
862 783 -16465
862 799 8188
862 853 -18708
862 859 -2837
862 860 2150
862 886 -1718
862 920 -4162
862 943 16453
862 954 -16314
862 983 -12799
862 991 9221
862 1009 -13836
863 56 -4043
863 93 1876
863 111 10199
863 117 4162
863 132 -6725
863 141 -6372
863 147 2673
863 153 18230
863 194 1404
863 204 7871
863 220 15615
863 222 11447
863 258 -9351
863 285 18158
863 327 5553
863 339 5135
863 373 -2460
863 387 -4485
863 442 -10466
863 499 -2433
863 521 17818
863 548 997
863 551 -9615
863 570 -3124
863 614 9460
863 621 -1223
863 624 10590
863 634 -5676
863 695 9305
863 712 -2734
863 716 -15084
863 727 -3714
863 748 -9147
863 787 14790
863 858 -10532
863 868 -7508
863 877 17441
863 913 -9517
863 922 -1716
863 925 7729
863 1015 10222
863 1018 18070
864 20 1105
864 62 -10299
864 91 8813
864 92 -13592
864 101 18028
864 103 13963
864 105 12159
864 111 -983
864 139 -8285
864 153 -6781
864 207 1158
864 208 -4329
864 231 -1176
864 238 5689
864 256 -7525
864 338 16707
864 345 -12090
864 379 -5815
864 399 1624
864 430 1072
864 445 17548
864 452 10993
864 457 4786
864 479 1779
864 488 13372
864 511 17571
864 536 -16292
864 555 -14605
864 561 -12912
864 570 -12440
864 572 7932
864 575 4089
864 586 -10184
864 593 -9649
864 656 6214
864 677 16528
864 697 1687
864 703 -5439
864 716 7911
864 726 -14679
864 752 -9745
864 770 14479
864 771 1834
864 804 -2845
864 805 -8593
864 822 8255
864 847 17981
864 888 -11025
864 898 -11969
864 948 -14466
864 974 -15096
864 976 -8760
864 996 -10461
864 998 5805
864 1008 -3718
865 11 -10276
865 30 -7565
865 105 -6785
865 106 -3956
865 127 8096
865 182 -10815
865 221 -11487
865 228 -5076
865 237 -11796
865 318 -3317
865 332 -2669
865 336 18710
865 340 17733
865 346 11256
865 356 -3739
865 378 11077
865 384 -10287
865 417 3676
865 418 8209
865 423 -6119
865 466 9294
865 478 18745
865 481 8319
865 484 -16147
865 491 -17741
865 512 -14610
865 530 -13815
865 607 -1100
865 611 -2226
865 642 12373
865 643 -7452
865 668 -5559
865 692 -10408
865 693 9927
865 715 -4345
865 725 -17048
865 743 -1009
865 769 -7256
865 800 -5467
865 893 16722
865 904 -5369
865 920 -17613
865 921 -3020
865 946 1635
865 1012 7650
866 9 -4842
866 58 -10536
866 72 -1748
866 96 -12801
866 116 -924
866 117 -18393
866 122 -7597
866 151 620
866 183 -1851
866 221 9426
866 339 -17028
866 358 6789
866 369 -15134
866 371 1988
866 397 -14072
866 402 -10726
866 430 -820
866 433 11478
866 461 17550
866 482 -3708
866 500 -11895
866 506 -16968
866 515 -5202
866 545 -1123
866 556 -11354
866 570 17504
866 576 14926
866 585 -8242
866 602 -8847
866 609 -3828
866 618 -5546
866 670 -15128
866 708 -458
866 726 -10508
866 728 17296
866 746 -18021
866 751 -15535
866 769 -2774
866 770 16015
866 797 -13184
866 804 12914
866 814 11079
866 825 8389
866 826 18590
866 882 1011
866 883 -11593
866 886 -743
866 890 -17626
866 910 9113
866 947 -9984
866 967 7052
866 978 13708
866 980 605
867 27 -8207
867 49 -5591
867 67 -10241
867 121 -6516
867 132 5539
867 151 -6461
867 156 6559
867 160 -14040
867 184 -18117
867 206 6631
867 213 -14296
867 219 202
867 264 5927
867 340 -15548
867 344 4844
867 376 14256
867 388 13441
867 394 -13272
867 453 -7104
867 460 -3816
867 461 -9872
867 472 -16440
867 492 16942
867 539 -18312
867 568 -1250
867 577 8419
867 587 -16449
867 600 16259
867 611 14834
867 664 -14313
867 713 -109
867 715 -1530
867 727 -1390
867 750 -5193
867 765 -10273
867 788 -10786
867 855 -7448
867 916 -12355
867 969 -9527
867 985 -17430
867 998 18163
867 1001 -5305
868 34 8981
868 43 10276
868 115 -17355
868 119 18764
868 172 -5438
868 265 14321
868 281 6392
868 309 -7521
868 313 18793
868 324 -10225
868 325 2350
868 362 18569
868 379 12630
868 401 15449
868 419 15033
868 445 -18015
868 472 18457
868 481 -7518
868 482 7573
868 489 -17921
868 579 -13077
868 592 -8609
868 605 -6981
868 636 -13250
868 638 -5884
868 690 14900
868 691 15219
868 778 -12872
868 786 1686
868 788 -18199
868 792 -11290
868 815 12548
868 820 -9150
868 844 13549
868 869 -2725
868 879 16213
868 899 257
868 912 -7931
868 921 154
868 923 1529
868 944 -1319
868 972 -8423
869 53 15832
869 82 -8127
869 110 -13112
869 137 17454
869 143 -7921
869 147 -279
869 163 -12355
869 186 11956
869 240 11440
869 271 -18780
869 299 17189
869 316 -9303
869 357 6427
869 365 4029
869 424 5912
869 459 -10317
869 464 -1633
869 469 -14714
869 494 16576
869 499 10396
869 508 -854
869 549 13806
869 580 16785
869 590 12086
869 595 3393
869 626 -10413
869 628 15515
869 637 13477
869 678 -11928
869 696 -7849
869 709 3086
869 735 -11878
869 737 -1931
869 760 2090
869 793 -1228
869 798 -3575
869 805 14933
869 812 12954
869 839 -13997
869 843 -10569
869 864 9990
869 937 -17018
869 944 -14097
869 966 -14300
869 971 10818
869 972 -13634
869 984 17261
869 985 2736
869 987 9024
869 989 4786
869 1020 875
870 13 5139
870 14 2329
870 18 -1523
870 20 -285
870 49 -14253
870 54 -16115
870 70 13930
870 82 15215
870 88 -10518
870 89 -8132
870 153 13813
870 218 -1981
870 229 13429
870 233 1105
870 244 -13337
870 250 -4130
870 302 -14828
870 306 -17009
870 332 -5859
870 362 5798
870 366 -5404
870 369 14787
870 457 -703
870 499 5122
870 510 2426
870 514 8334
870 538 -8907
870 539 -16953
870 566 16032
870 606 -7869
870 627 -17953
870 629 16200
870 635 12540
870 668 -2322
870 746 557
870 773 -16455
870 815 -6448
870 824 2277
870 834 -7378
870 846 794
870 874 9424
870 875 11487
870 885 -12604
870 918 -3070
870 926 -10773
870 948 1484
870 1021 -13186
871 20 10244
871 24 -18718
871 32 -490
871 35 17607
871 75 7608
871 76 -7767
871 89 -6911
871 150 18690
871 154 -12674
871 177 -18281
871 206 8599
871 220 -11641
871 283 -13505
871 291 8308
871 325 -2329
871 342 6019
871 343 -6975
871 387 11041
871 421 5400
871 422 2802
871 436 -16098
871 460 -145
871 471 13896
871 494 -15105
871 520 4107
871 532 5468
871 537 -14088
871 542 9044
871 552 15173
871 555 4768
871 564 -16657
871 617 12177
871 627 -7947
871 639 17435
871 651 2088
871 672 9396
871 681 -17109
871 707 11124
871 780 6667
871 783 -16915
871 802 6049
871 834 -6721
871 986 -14550
872 12 -12600
872 67 706
872 82 -16734
872 87 6521
872 102 -16316
872 104 -15934
872 127 572
872 149 17294
872 189 -3863
872 208 7691
872 211 5179
872 213 5963
872 233 -7122
872 259 -2226
872 273 10634
872 298 -14574
872 303 -11223
872 331 -18451
872 340 -4828
872 377 -14352
872 382 -823
872 400 -16818
872 409 15978
872 420 -4201
872 462 -78
872 486 16768
872 488 5858
872 497 5160
872 511 6441
872 532 8232
872 542 18277
872 551 2099
872 574 17603
872 610 1364
872 625 10465
872 627 -2676
872 630 -13615
872 659 10730
872 673 -15058
872 695 -212
872 731 -14771
872 754 11921
872 765 5752
872 776 18217
872 792 12634
872 797 -6251
872 821 17219
872 823 -10537
872 884 -7381
872 887 15242
872 931 17215
872 943 12717
872 947 -16860
872 1002 -3528
873 13 12846
873 30 -17458
873 86 -8347
873 160 15079
873 211 5292
873 265 -3341
873 302 9649
873 307 12584
873 334 8652
873 358 6118
873 389 -230
873 401 13467
873 403 8020
873 419 -2674
873 425 -1019
873 578 -9691
873 584 2637
873 585 -7563
873 590 15891
873 602 3012
873 613 -7340
873 663 7701
873 664 -7040
873 687 18290
873 693 10303
873 698 -5873
873 752 5459
873 787 12889
873 810 13537
873 834 11690
873 839 5749
873 847 -7651
873 878 3221
873 883 4715
873 903 17196
873 917 8832
873 932 770
873 934 -11322
873 936 11312
873 947 -17903
873 954 5194
873 959 7314
873 996 1706
873 999 8685
873 1004 3662
873 1005 2672
873 1012 -14303
874 23 4551
874 27 1408
874 60 13355
874 87 17337
874 128 6251
874 155 14955
874 161 -8177
874 162 12154
874 170 -8789
874 182 10912
874 193 2566
874 239 -756
874 242 -1477
874 243 -12181
874 279 -15679
874 297 -2555
874 299 -18087
874 317 -10816
874 418 -12742
874 421 -2958
874 444 11806
874 447 -3765
874 479 6826
874 481 -8692
874 488 16541
874 500 2621
874 521 7296
874 527 -13687
874 542 -13273
874 543 1069
874 545 -6605
874 546 7644
874 571 -13244
874 589 -10317
874 605 -15412
874 608 13621
874 613 8244
874 665 5558
874 671 15668
874 674 -10857
874 694 -18423
874 718 -17676
874 727 -14412
874 734 -14627
874 764 17330
874 767 9409
874 768 -3876
874 776 -6863
874 810 -6897
874 824 -14533
874 846 4578
874 851 11411
874 884 17133
874 896 -14151
874 897 -13429
874 899 13750
874 913 15634
874 947 -18305
874 977 -2109
874 1011 -9127
875 62 6886
875 67 11975
875 73 5643
875 84 16639
875 105 -4824
875 132 -2818
875 136 10536
875 139 -2649
875 188 12473
875 189 12108
875 247 -1688
875 267 6454
875 278 -17632
875 301 -2429
875 308 -14045
875 337 -2380
875 353 -1830
875 359 3103
875 361 5977
875 362 -13355
875 378 1645
875 406 -6245
875 408 4361
875 429 9372
875 455 9657
875 462 1326
875 470 -18706
875 523 -18208
875 527 -11989
875 528 -12037
875 566 128
875 623 15184
875 626 12085
875 628 11817
875 651 -8485
875 655 4972
875 688 16894
875 715 15500
875 721 250
875 754 -15140
875 807 -14325
875 826 -13705
875 836 13024
875 839 -2080
875 846 -18005
875 876 -16205
875 923 -3340
875 937 17399
875 944 12735
875 1013 -1041
876 34 7494
876 40 3242
876 55 1936
876 75 -1428
876 80 -10853
876 83 16995
876 98 16217
876 129 16195
876 169 13442
876 171 -17332
876 230 -14746
876 239 -13326
876 242 -18198
876 243 272
876 258 -17039
876 275 7335
876 279 10500
876 324 6920
876 337 12959
876 346 7738
876 423 14004
876 439 -4820
876 455 2017
876 539 -10044
876 543 -8203
876 553 2762
876 556 15148
876 583 -18752
876 593 -3426
876 630 12287
876 659 -14924
876 690 -11717
876 707 1580
876 716 -15305
876 746 -18349
876 802 17592
876 821 14526
876 829 7776
876 833 -10259
876 839 11397
876 860 -11475
876 1007 -13570
877 2 -13969
877 8 -13587
877 9 -9233
877 25 -3963
877 28 6175
877 61 -6212
877 70 -7101
877 87 4973
877 91 9384
877 107 -16785
877 113 -16493
877 130 -18658
877 220 -2182
877 235 -9352
877 269 1730
877 321 -3948
877 380 -18400
877 432 -4456
877 458 2052
877 472 13710
877 490 -8775
877 494 -7222
877 501 -1707
877 518 17876
877 537 -373
877 554 -17657
877 566 -4909
877 568 11976
877 647 -8309
877 648 11704
877 663 11
877 675 14717
877 686 2370
877 710 -11458
877 720 -17813
877 727 6013
877 749 -8117
877 770 13263
877 821 -6093
877 826 13437
877 833 11233
877 842 4760
877 885 6483
877 895 -18100
877 914 14553
877 924 9024
877 929 -2351
878 5 -9923
878 28 -7710
878 50 12932
878 54 9722
878 73 12167
878 91 -714
878 127 -13077
878 158 14127
878 171 -14992
878 191 -1278
878 232 5400
878 268 -13680
878 274 -351
878 317 -18078
878 344 -3633
878 390 -6704
878 411 -8387
878 415 3223
878 417 -17195
878 441 -9308
878 446 9659
878 468 -7152
878 504 4961
878 541 16506
878 574 8306
878 581 -16019
878 600 7896
878 613 -18426
878 633 10257
878 659 8926
878 704 -12905
878 740 14586
878 749 17539
878 762 10974
878 776 4454
878 799 -15475
878 803 18544
878 806 -17460
878 819 -13245
878 868 7889
878 879 15953
878 888 -15337
878 891 14936
878 905 1939
878 918 -14050
878 925 3358
878 936 -8031
878 955 18694
878 959 -15942
878 965 10429
878 974 17761
878 1002 15015
878 1014 1950
879 38 9439
879 44 -5562
879 154 -4129
879 289 9058
879 314 17994
879 347 10332
879 357 14540
879 366 -3880
879 402 13646
879 413 -6300
879 421 15042
879 458 9752
879 470 17570
879 491 -17904
879 502 1307
879 520 -523
879 580 3369
879 597 6696
879 608 -8364
879 620 4738
879 631 -7665
879 673 -1136
879 695 -15117
879 711 -3797
879 742 5803
879 748 -18194
879 756 -6004
879 759 4647
879 762 -17073
879 765 17006
879 808 -4039
879 811 -1163
879 840 10346
879 875 -8538
879 877 -15060
879 903 96
879 923 -18238
879 957 4172
879 979 -11357
879 981 -12897
879 983 -8202
880 87 14357
880 110 -16790
880 125 14976
880 127 18340
880 129 -12501
880 159 -3299
880 184 296
880 200 15066
880 214 12369
880 241 -11270
880 267 -3346
880 283 9869
880 296 258
880 301 -9217
880 325 4107
880 388 -13528
880 434 18282
880 438 5416
880 455 10330
880 466 6151
880 488 3959
880 515 16174
880 643 -10351
880 649 -17306
880 655 -8439
880 665 7878
880 667 4208
880 678 5330
880 710 -14331
880 727 -12452
880 753 7168
880 780 -578
880 799 2913
880 825 -12541
880 834 -10023
880 855 -11433
880 856 17080
880 870 -9063
880 908 16931
880 913 -5673
880 939 -12932
880 940 -5210
880 955 -13468
880 963 -14686
880 965 12419
880 972 2091
880 983 -11262
880 992 -3775
880 999 -10196
880 1003 -3899
881 0 8000
881 47 -7768
881 83 -14391
881 87 6169
881 90 -7695
881 116 -14610
881 117 -17578
881 132 8060
881 215 16725
881 252 16126
881 254 -10290
881 261 -13170
881 263 -16968
881 282 -16571
881 339 12428
881 355 7176
881 391 -5272
881 394 -17952
881 395 8104
881 418 7835
881 444 -7684
881 446 -3006
881 467 2991
881 475 5784
881 500 -3298
881 520 -6540
881 530 -3961
881 538 -10668
881 588 -11272
881 590 -12721
881 611 798
881 676 402
881 725 -11496
881 813 -2366
881 825 -15466
881 850 -12763
881 859 4027
881 864 -9603
881 910 -3643
881 930 4076
881 963 17840
881 980 8045
881 985 -14726
881 1008 -16742
881 1009 9289
881 1011 -10622
882 35 -17757
882 41 -9376
882 50 2421
882 59 -2476
882 83 8712
882 107 -3073
882 119 10671
882 161 14054
882 170 14875
882 175 15835
882 193 -9482
882 214 6072
882 234 12002
882 238 10863
882 253 -18269
882 292 -4712
882 306 -14085
882 310 -16045
882 337 -13676
882 346 -4316
882 385 8698
882 386 17728
882 390 -5178
882 398 -15451
882 439 10840
882 482 1708
882 484 17191
882 488 8883
882 492 -1020
882 497 -8240
882 502 -5115
882 506 -4096
882 507 18058
882 522 -10895
882 549 8740
882 551 5676
882 561 8146
882 576 6275
882 586 -5993
882 658 -13773
882 671 -13099
882 679 15930
882 682 2931
882 715 1503
882 726 -16872
882 740 -15361
882 749 16328
882 760 17585
882 763 -1177
882 821 1036
882 835 -7448
882 837 -12923
882 839 15190
882 844 17930
882 856 -14808
882 857 5702
882 872 9747
882 894 11717
882 965 -1846
882 968 -16472
882 969 -3620
882 978 -9974
882 982 11914
882 999 18683
882 1001 -11944
882 1017 -1050
883 21 -15825
883 140 12596
883 155 2977
883 210 -12172
883 228 7423
883 242 -4424
883 249 -2086
883 289 -12389
883 367 -2305
883 417 -8697
883 441 -6633
883 445 13166
883 447 7344
883 468 11759
883 469 -15125
883 492 -10738
883 513 -7997
883 519 18023
883 539 8979
883 581 -647
883 589 16112
883 590 -514
883 633 15547
883 649 15159
883 691 5585
883 692 -18600
883 715 -5666
883 746 1539
883 755 17004
883 767 13986
883 793 -8509
883 815 14040
883 859 -15626
883 873 -2114
883 883 3374
883 886 13856
883 908 -5000
883 943 1898
883 945 -10887
883 984 11491
883 1014 -18749
883 1022 13647
884 16 1636
884 26 12344
884 35 13236
884 65 -15969
884 71 1271
884 78 -16681
884 127 12887
884 130 8938
884 139 -2119
884 149 -17292
884 173 -14052
884 192 -15546
884 211 -9685
884 218 9007
884 234 -554
884 241 11837
884 248 1522
884 253 8201
884 273 12450
884 386 -4772
884 398 17206
884 410 -6980
884 437 12741
884 441 -3296
884 444 11607
884 448 12905
884 469 -12854
884 482 16522
884 521 15140
884 538 8314
884 579 10920
884 677 -13918
884 757 3129
884 767 -5255
884 773 17112
884 778 11601
884 832 -2508
884 845 -10089
884 853 6361
884 856 1606
884 866 -9540
884 868 -2429
884 874 -13508
884 908 5503
884 911 -14609
884 913 13647
884 923 -7223
884 930 12656
884 951 -9581
884 958 9390
884 970 -9417
884 989 -3773
884 997 17024
884 1009 9407
885 23 -9037
885 45 -13537
885 89 17553
885 90 778
885 101 16969
885 104 -2573
885 122 -15634
885 123 -12506
885 127 1353
885 152 2930
885 162 -8237
885 185 11734
885 199 -2502
885 265 -12719
885 332 15909
885 346 -3195
885 374 -16598
885 460 -3901
885 465 -4445
885 502 638
885 512 -13411
885 526 -8360
885 540 12877
885 557 -6744
885 563 13809
885 567 2685
885 570 1562
885 590 -4184
885 596 -8349
885 600 -6866
885 602 -6656
885 610 14949
885 627 6948
885 675 -16497
885 709 -16318
885 739 11276
885 765 9346
885 772 7085
885 782 1063
885 785 2652
885 790 3278
885 807 9879
885 810 -12658
885 812 -9214
885 822 5724
885 840 208
885 856 14700
885 861 3229
885 885 16542
885 891 -8183
885 910 -11028
885 921 -1298
885 925 2420
885 944 12111
885 982 5361
885 990 -4790
885 996 -6958
886 22 -14085
886 30 -1482
886 41 -8350
886 51 -10786
886 88 -8821
886 108 6187
886 164 -15343
886 184 14181
886 207 18720
886 221 -594
886 229 4199
886 235 3229
886 287 14645
886 292 -7231
886 293 12500
886 299 -16108
886 302 3222
886 307 18203
886 320 16490
886 321 13384
886 340 6032
886 349 13671
886 366 18247
886 371 13626
886 379 -1494
886 396 17943
886 402 17875
886 449 -2363
886 521 8525
886 523 -4026
886 621 13179
886 626 16486
886 637 9570
886 653 -18463
886 658 -2482
886 716 14682
886 759 -103
886 761 7615
886 773 -9084
886 781 -7246
886 801 -14786
886 803 16707
886 825 -2501
886 879 -11127
886 885 4229
886 888 -6696
886 926 -5484
886 935 -907
886 940 11952
886 966 -9837
886 973 -2335
886 979 -1870
886 996 -14499
886 1004 -14209
887 1 -16511
887 10 -14686
887 13 -864
887 30 650
887 43 -347
887 57 549
887 59 7695
887 91 1606
887 95 -16365
887 98 -10619
887 125 -17964
887 145 -14268
887 189 2048
887 218 18579
887 220 -5710
887 228 12486
887 235 15953
887 248 -3576
887 258 -17338
887 271 -2172
887 302 -4766
887 313 11895
887 320 -11705
887 332 -11648
887 359 12193
887 376 -15810
887 384 -15513
887 389 -8173
887 392 16352
887 414 14123
887 422 -831
887 441 7597
887 471 -9774
887 492 965
887 501 -9072
887 532 3360
887 542 15115
887 559 -1841
887 576 -2349
887 577 -1353
887 581 15407
887 590 -16539
887 595 -10790
887 609 5553
887 631 8946
887 644 -7946
887 646 -13350
887 675 274
887 699 18032
887 725 -5657
887 777 15459
887 785 16559
887 850 5467
887 872 -18421
887 890 4087
887 910 14371
887 912 8594
887 919 3165
887 1002 9378
887 1023 -7849
888 15 -16675
888 26 -9570
888 40 7171
888 69 18268
888 131 -2355
888 138 -17458
888 149 931
888 181 -3225
888 182 3951
888 202 -8423
888 238 -13788
888 249 18676
888 254 -3349
888 258 18157
888 287 -10004
888 317 -11381
888 324 10057
888 332 5223
888 376 18531
888 378 3886
888 380 -5395
888 385 10044
888 398 16815
888 399 -12970
888 418 17607
888 426 -13583
888 493 -3799
888 505 -378
888 511 -12061
888 522 3473
888 556 -14260
888 570 17007
888 597 -11933
888 599 -12693
888 612 7009
888 628 3206
888 636 -9459
888 642 -3098
888 653 -3094
888 698 16345
888 704 -8795
888 718 -13377
888 773 -14283
888 777 10712
888 796 14760
888 802 2074
888 881 -8740
888 902 13294
888 913 3481
888 959 -12981
888 966 -10435
888 979 2647
888 985 6854
888 998 -7872
888 1008 -18666
889 6 -12686
889 30 -12082
889 48 3772
889 51 -6201
889 70 7251
889 102 2423
889 120 11079
889 133 18445
889 160 17517
889 173 -17737
889 195 -11506
889 196 5780
889 204 10164
889 223 13759
889 232 13552
889 251 4759
889 257 18180
889 284 2069
889 305 -9957
889 306 -18457
889 337 -6382
889 339 2768
889 365 6452
889 405 1116
889 407 -17378
889 415 18225
889 430 8120
889 459 -15068
889 462 8279
889 474 1630
889 488 -17726
889 501 501
889 507 6967
889 547 -9194
889 604 -14638
889 646 -7012
889 648 15598
889 653 17161
889 687 7701
889 734 -11324
889 737 585
889 749 5247
889 756 -934
889 763 4653
889 789 9562
889 818 -3247
889 869 14285
889 870 -17069
889 878 16914
889 905 -9251
889 931 1427
889 944 6829
889 1007 -17164
890 23 -10863
890 37 -18350
890 57 1115
890 108 16117
890 144 18059
890 185 4304
890 193 9814
890 212 -15272
890 214 6935
890 235 -17920
890 252 -15218
890 275 6289
890 299 -3714
890 326 12083
890 345 -9661
890 363 16931
890 448 18295
890 449 1645
890 452 10798
890 461 4106
890 464 -5155
890 472 -12246
890 475 9629
890 502 -17873
890 508 -2219
890 510 15277
890 515 -11299
890 530 -8412
890 547 13724
890 573 5416
890 612 -9047
890 613 -18580
890 665 18152
890 758 -10968
890 774 -13090
890 779 -6500
890 784 14600
890 789 9709
890 801 11629
890 847 -18571
890 923 7255
890 933 10733
890 939 136
890 940 -8042
890 995 17665
890 1022 -5625
891 20 -383
891 52 -1100
891 69 3751
891 73 16814
891 98 -13891
891 111 14119
891 139 -16608
891 163 15010
891 211 16685
891 224 -12374
891 231 -11006
891 245 36
891 272 -853
891 279 619
891 281 -5950
891 303 -18623
891 310 -9366
891 314 -17718
891 315 167
891 323 -729
891 332 16825
891 341 -13700
891 375 12229
891 385 -4067
891 395 -14176
891 434 6092
891 473 -11470
891 497 8827
891 513 15183
891 517 -6343
891 524 4701
891 577 16544
891 582 -2799
891 621 -13162
891 643 -17839
891 669 6400
891 676 11447
891 694 -18097
891 697 11993
891 720 -2246
891 721 -16756
891 723 1923
891 762 11191
891 787 -3192
891 800 -18027
891 801 -4869
891 815 -2660
891 824 -13529
891 871 749
891 900 12856
891 916 -196
891 926 3899
891 938 -3791
891 943 -9702
891 953 -17284
891 989 -16820
892 22 15932
892 36 -10519
892 38 -14178
892 68 -13783
892 100 -10208
892 136 -18106
892 146 13485
892 194 2694
892 195 -17797
892 253 5341
892 272 -13343
892 279 16418
892 302 -11823
892 305 -14571
892 352 -9468
892 371 -10989
892 388 8752
892 410 -3639
892 411 14876
892 413 12679
892 430 -13155
892 505 17697
892 506 -14432
892 510 -14023
892 514 -13738
892 515 12923
892 541 14694
892 565 -14640
892 583 -13293
892 597 11375
892 600 -6491
892 606 -15057
892 607 11859
892 673 7273
892 688 -4633
892 695 9826
892 738 -3519
892 746 -3462
892 749 -11171
892 777 8627
892 791 10583
892 792 10025
892 810 -11713
892 858 75
892 889 -12390
892 906 -15960
892 907 -4348
892 931 -5168
892 978 -3371
892 994 4217
892 998 4837
892 1001 -3307
892 1011 -5100
893 22 -18434
893 26 -6738
893 43 15604
893 51 -14080
893 62 12615
893 75 -17928
893 84 -7464
893 92 -8868
893 102 6583
893 107 -9832
893 124 5931
893 183 8274
893 201 -10611
893 210 -17936
893 233 -16509
893 249 3867
893 263 -8790
893 324 6138
893 330 4649
893 340 11069
893 344 432
893 352 -9005
893 361 -15805
893 375 -4369
893 427 11668
893 434 9065
893 443 -13176
893 453 12162
893 469 -1768
893 478 -2527
893 511 15497
893 517 495
893 553 12894
893 557 1125
893 561 -10206
893 562 12773
893 566 12392
893 575 17535
893 580 11043
893 582 12201
893 590 -9211
893 591 16737
893 599 -5140
893 600 -7915
893 602 13349
893 617 3438
893 620 -2484
893 645 14288
893 675 -18560
893 679 -4934
893 693 -6069
893 713 -16110
893 765 12158
893 776 -57
893 785 9693
893 798 -7600
893 812 398
893 825 -11491
893 832 15932
893 851 -9427
893 865 -2856
893 944 -2954
893 967 17439
894 0 -4345
894 52 16659
894 95 14744
894 98 4675
894 117 1344
894 171 -18316
894 173 10415
894 202 10401
894 233 18610
894 273 17594
894 296 -13653
894 320 18492
894 344 -3344
894 378 -208
894 382 592
894 383 10269
894 384 -10010
894 401 9041
894 410 -1627
894 417 -17286
894 449 -17586
894 510 14225
894 568 16402
894 589 609
894 647 -6113
894 662 -11107
894 666 2592
894 773 14011
894 819 -5699
894 832 -5065
894 845 -12121
894 852 -16414
894 854 -3849
894 856 -8356
894 863 7754
894 882 -16029
894 901 9217
894 905 5725
894 924 8827
894 939 13286
894 954 -1250
894 963 8203
894 973 2320
894 974 -6601
894 1013 -2811
895 16 18599
895 39 16239
895 54 -13726
895 66 14794
895 85 16419
895 101 10584
895 103 1944
895 110 -3736
895 125 -10832
895 140 15628
895 153 -15388
895 162 -11984
895 213 1245
895 220 -839
895 279 -4295
895 287 9235
895 292 477
895 302 -17420
895 307 13533
895 316 -13807
895 328 5576
895 334 9925
895 359 -17254
895 380 -7734
895 413 -16195
895 414 13081
895 419 9091
895 444 943
895 454 5183
895 463 18284
895 468 -8065
895 482 8719
895 527 -8446
895 537 -10481
895 542 -16480
895 566 9429
895 568 -5723
895 574 -16332
895 581 -10706
895 586 17346
895 630 -14510
895 643 1270
895 653 -12796
895 670 -1090
895 676 17358
895 712 -7812
895 727 3446
895 752 -8537
895 769 10392
895 803 10614
895 804 13434
895 860 -9361
895 865 -17090
895 876 8953
895 878 -15038
895 883 8434
895 884 -16196
895 894 -415
895 901 -453
895 925 -7955
895 942 -12525
895 951 -9903
895 1023 -14795
896 34 5306
896 35 7806
896 50 -14506
896 74 -11388
896 77 2052
896 99 -3933
896 158 -8780
896 179 -5887
896 208 -17982
896 241 12047
896 246 -18306
896 255 14395
896 264 -10923
896 289 -5594
896 298 -749
896 315 -13911
896 351 -17834
896 358 -9004
896 391 -5028
896 421 12525
896 429 -3900
896 430 -9403
896 472 12633
896 509 9851
896 533 7361
896 545 -1819
896 546 7750
896 559 3186
896 584 -3957
896 594 13216
896 605 2058
896 671 17194
896 682 18326
896 689 -12087
896 705 -9146
896 777 -336
896 811 -2992
896 815 -12610
896 844 1635
896 859 18022
896 862 16814
896 875 -13398
896 881 -16225
896 899 8033
896 934 -12724
896 970 1343
896 975 7485
897 35 -17443
897 38 -17343
897 52 -15349
897 64 -3242
897 70 1305
897 84 -12720
897 103 2134
897 107 -6271
897 125 18170
897 129 -18581
897 137 2650
897 154 16898
897 179 -12607
897 213 9989
897 246 5081
897 254 -8685
897 264 14592
897 270 16053
897 326 8163
897 355 -12643
897 383 7150
897 404 15234
897 441 16649
897 446 -5835
897 503 -3672
897 508 2597
897 511 -6347
897 529 -1204
897 554 14298
897 582 14566
897 604 -15901
897 616 -2834
897 665 -548
897 668 -5572
897 751 5657
897 760 12530
897 763 -5449
897 770 17778
897 773 -7645
897 805 -1836
897 820 -18113
897 822 16985
897 837 14624
897 838 18231
897 911 -2048
897 956 -8105
897 968 -18475
897 988 5132
897 1015 5541
898 0 -13520
898 14 -16219
898 20 -18260
898 39 4507
898 43 -6389
898 78 1074
898 107 17767
898 135 -17304
898 161 -6093
898 191 -4953
898 205 -3744
898 214 -441
898 245 -17791
898 280 6127
898 281 -9361
898 299 -7692
898 301 2281
898 313 -12036
898 323 14326
898 348 -5416
898 353 -1412
898 354 -6009
898 365 4733
898 380 12384
898 433 -1581
898 456 13301
898 465 14975
898 492 -10638
898 521 1938
898 533 10423
898 539 -6515
898 625 -7375
898 627 -13144
898 630 12136
898 634 -14886
898 647 -17317
898 684 -17734
898 698 -6295
898 716 -3785
898 737 398
898 745 12975
898 785 -5147
898 808 10452
898 830 -7994
898 833 -8577
898 903 -10778
898 906 10270
898 910 -18634
898 945 -11067
898 957 16449
898 960 11605
898 961 -6983
898 976 -1075
898 984 6301
899 30 -14599
899 55 -5297
899 57 8442
899 79 -9168
899 84 -2108
899 104 -10391
899 124 16919
899 127 12805
899 130 12056
899 147 13047
899 178 -623
899 181 7795
899 205 14868
899 221 -7887
899 231 8705
899 250 -15592
899 254 -13244
899 272 12791
899 279 -17013
899 285 5183
899 323 -7639
899 352 2615
899 385 18594
899 389 -17225
899 420 7464
899 423 -16590
899 436 18450
899 514 -9294
899 519 12842
899 527 -9542
899 606 -8172
899 704 -2635
899 726 -9578
899 738 6714
899 766 2998
899 782 -5551
899 828 9152
899 844 -891
899 847 -17166
899 851 -15756
899 871 13393
899 894 1184
899 921 -13227
899 923 12879
899 930 3089
899 937 -16034
899 1002 16937
899 1005 -1945
900 3 11811
900 69 -5211
900 95 2050
900 99 -1150
900 140 -13928
900 182 -3640
900 183 6910
900 198 -1098
900 226 12440
900 276 -21
900 284 16689
900 286 -1876
900 288 1936
900 320 6763
900 322 8108
900 327 11160
900 364 7049
900 374 -9942
900 384 8221
900 392 11695
900 394 8206
900 439 -963
900 464 5766
900 467 -6228
900 476 3188
900 499 -3038
900 533 16061
900 537 -14084
900 654 -11233
900 811 17242
900 814 17995
900 824 -3639
900 841 -434
900 888 -14546
900 891 2140
900 915 -15951
900 917 -9582
900 935 7910
900 950 18204
900 959 10343
900 965 376
900 979 -7679
900 992 2047
900 1000 -7657
901 17 -11634
901 40 -8691
901 47 968
901 82 12700
901 83 -17031
901 99 14804
901 115 -16499
901 123 8933
901 138 -7060
901 143 14192
901 156 199
901 164 7807
901 171 -15200
901 197 -14264
901 265 11159
901 278 -2142
901 295 4869
901 309 2423
901 312 -17999
901 367 -13662
901 378 -13643
901 381 -3504
901 399 15189
901 430 8569
901 435 365
901 493 -3031
901 514 12414
901 522 -18444
901 573 6886
901 584 -10706
901 595 -8184
901 609 17159
901 629 16772
901 630 3945
901 636 -16327
901 647 4579
901 658 1708
901 662 9025
901 669 -17172
901 675 -15954
901 682 -12447
901 695 7166
901 721 17366
901 753 17630
901 755 17955
901 758 10921
901 759 15971
901 772 -4411
901 802 -8089
901 821 5066
901 879 7560
901 897 9009
901 975 -14909
901 1002 -9106
902 34 -4905
902 36 -11207
902 46 -5523
902 74 -14347
902 151 7946
902 169 -17271
902 183 -3434
902 268 -13048
902 285 14140
902 331 15199
902 343 16072
902 357 1889
902 378 14538
902 392 -18091
902 427 -4556
902 431 9460
902 478 -560
902 497 5889
902 538 -9018
902 559 -206
902 571 -10799
902 573 15148
902 587 10579
902 607 9474
902 611 44
902 627 17224
902 689 -1983
902 694 18759
902 713 -6777
902 720 12083
902 723 -17118
902 732 -9575
902 735 -4891
902 743 6227
902 747 -7065
902 748 -16749
902 767 16552
902 769 16004
902 803 -18230
902 823 -9235
902 838 10024
902 913 -17169
902 930 -3684
902 952 -11938
902 961 5917
902 964 -18785
902 971 -11646
902 974 -18496
902 975 -4430
903 16 -11393
903 21 -3988
903 56 18343
903 65 2306
903 89 9378
903 116 3942
903 127 4883
903 163 13236
903 180 11073
903 198 -9413
903 222 -14006
903 240 10126
903 247 5363
903 280 -4212
903 318 -5546
903 326 -4048
903 339 6874
903 352 1381
903 374 9398
903 381 -11431
903 384 -8050
903 399 4339
903 422 -11234
903 445 -15215
903 461 13640
903 469 -13584
903 484 12483
903 486 9081
903 487 12733
903 494 14022
903 515 13592
903 591 15589
903 595 -4507
903 609 17058
903 633 -18529
903 648 -3316
903 655 -14464
903 670 -1996
903 701 5657
903 715 -537
903 717 17196
903 746 13712
903 758 274
903 762 11906
903 767 16667
903 819 -18578
903 821 4367
903 824 -1188
903 832 -4060
903 893 10290
903 907 5712
903 926 -16778
903 987 3170
904 4 -4895
904 13 -15713
904 23 3508
904 32 -7431
904 39 -10577
904 47 -11275
904 69 -6705
904 104 -17437
904 163 2280
904 164 -12319
904 203 17678
904 276 10289
904 293 -4058
904 313 4342
904 316 7910
904 327 -274
904 331 17467
904 337 1635
904 344 7044
904 354 2359
904 358 -8227
904 375 845
904 393 14657
904 431 -8447
904 434 11743
904 435 9440
904 458 8744
904 470 10557
904 522 -18364
904 533 -10977
904 555 15591
904 558 5855
904 561 6836
904 563 13670
904 564 14362
904 570 540
904 587 -15668
904 612 1869
904 641 -5016
904 653 8847
904 667 -5248
904 690 -9409
904 715 -4470
904 735 -12769
904 764 -118
904 806 -13435
904 831 13174
904 837 6769
904 868 -3984
904 878 17715
904 910 5992
904 924 -18644
904 943 -6939
904 999 14381
905 14 10487
905 21 3845
905 41 15919
905 70 2632
905 80 -11061
905 85 -6372
905 88 12665
905 108 -8600
905 118 8393
905 121 5727
905 140 14944
905 148 -100
905 167 -1700
905 172 -13738
905 179 -192
905 196 18519
905 210 273
905 248 16165
905 259 2438
905 262 14825
905 267 4869
905 280 13708
905 290 -6436
905 347 -17384
905 353 -12898
905 354 4198
905 375 -14128
905 391 7018
905 433 9576
905 457 13754
905 464 16127
905 483 9656
905 506 14923
905 508 -17129
905 516 9140
905 517 16669
905 580 -1111
905 602 -18396
905 621 -16940
905 635 -1864
905 644 13450
905 655 10104
905 667 12843
905 675 13511
905 711 13461
905 726 1428
905 732 18468
905 736 -6070
905 756 -16153
905 791 -13738
905 793 2269
905 802 15279
905 805 -13535
905 815 -9006
905 910 -6081
905 934 13421
905 1001 761
905 1017 -16583
906 1 -16142
906 21 -10416
906 55 -13082
906 65 3684
906 103 -13909
906 141 13490
906 151 8829
906 169 9393
906 256 2454
906 268 13928
906 297 -16598
906 303 -13197
906 313 -11577
906 328 9225
906 332 17862
906 351 -2001
906 360 -9506
906 388 10953
906 399 18376
906 405 1307
906 413 -5137
906 423 15435
906 475 -15745
906 489 -15373
906 516 -4152
906 529 -7394
906 549 14357
906 553 14359
906 591 -6962
906 605 2231
906 653 14524
906 669 -2593
906 710 -18007
906 772 526
906 777 -14697
906 805 3382
906 810 -13937
906 811 14271
906 825 10169
906 851 5830
906 862 -1487
906 867 10959
906 876 -2543
906 883 12204
906 905 -12672
906 906 -2871
906 918 10507
906 941 18412
906 948 9640
906 998 -15098
906 1009 10508
907 11 6292
907 29 -5918
907 31 15738
907 34 6573
907 46 -7283
907 51 -8085
907 81 6098
907 95 14141
907 99 -5473
907 102 -5536
907 110 4991
907 129 -9191
907 139 -2315
907 150 17217
907 177 5151
907 199 -10350
907 232 -10052
907 309 15829
907 338 6050
907 352 95
907 363 -3800
907 394 16306
907 424 -14516
907 428 -5756
907 433 -7415
907 437 8944
907 441 -10706
907 482 14100
907 509 13742
907 525 -15020
907 593 -13181
907 596 -3275
907 627 -7719
907 657 -11156
907 662 -3381
907 681 -17029
907 698 564
907 705 -1545
907 712 6526
907 733 16972
907 799 -2154
907 844 9894
907 881 11527
907 908 13185
907 910 -7814
907 943 9631
907 975 5288
907 978 -12940
907 996 -7490
907 998 -17050
908 20 18667
908 25 -2739
908 33 12136
908 51 9835
908 53 -11032
908 66 -12782
908 80 -15175
908 97 7483
908 160 -9777
908 166 -6732
908 186 17631
908 245 -5781
908 254 1128
908 256 -16446
908 258 627
908 336 14450
908 347 -6140
908 405 -8038
908 431 -9290
908 461 7726
908 479 16046
908 508 6777
908 517 -14881
908 523 -4747
908 539 -10758
908 545 16712
908 572 12185
908 596 14687
908 639 16407
908 641 14032
908 669 3587
908 689 6298
908 720 11180
908 744 18095
908 772 -3932
908 787 -3477
908 798 -18255
908 815 -3001
908 829 -15717
908 849 8916
908 879 2825
908 907 14150
908 929 -1711
908 934 -2957
908 981 12409
908 1010 -5373
908 1018 1351
909 11 -14427
909 17 426
909 24 -4747
909 31 17344
909 34 -241
909 38 3377
909 43 13191
909 54 -13736
909 107 2029
909 114 -16237
909 166 -15093
909 197 6542
909 221 -14991
909 235 -16038
909 297 -5994
909 300 -17559
909 357 -12810
909 359 -10885
909 367 7517
909 396 -11144
909 416 -8028
909 422 15827
909 427 -9354
909 604 -6095
909 634 13970
909 642 -15142
909 648 6614
909 655 -16424
909 697 15037
909 698 -12675
909 713 12457
909 722 -12673
909 726 4275
909 728 11457
909 747 3929
909 765 -1116
909 770 -5635
909 788 -6743
909 815 18675
909 839 2458
909 841 -4002
909 896 -17498
909 903 -12353
909 906 1598
909 938 3041
909 958 -3732
909 972 14656
909 978 -187
909 995 5067
909 1003 9661
909 1004 6485
910 46 -6964
910 81 -15749
910 94 14974
910 116 -16367
910 126 -12005
910 142 14893
910 156 8226
910 169 9026
910 179 13859
910 189 -2825
910 196 13607
910 197 152
910 199 -10143
910 206 -11005
910 207 12089
910 239 227
910 260 -7476
910 264 -6428
910 280 -10245
910 322 4432
910 350 -17817
910 392 -7869
910 397 15415
910 401 -14303
910 417 6636
910 422 -17632
910 457 9400
910 465 -10578
910 481 5345
910 492 -15928
910 505 -7543
910 507 -8867
910 510 17949
910 518 16308
910 529 -13620
910 533 7200
910 539 4031
910 542 -2065
910 547 -6573
910 587 -18007
910 607 10050
910 639 -16436
910 667 -1714
910 670 18687
910 671 2992
910 682 -17836
910 683 -18692
910 685 535
910 705 11829
910 710 -15230
910 711 9290
910 731 8390
910 753 16176
910 781 15833
910 785 -9290
910 796 -1160
910 797 -17041
910 833 -7853
910 852 16993
910 855 -10350
910 860 -924
910 880 -8258
910 886 8661
910 916 14887
910 925 -9836
910 979 -6783
911 21 -18704
911 34 -12017
911 51 15694
911 86 -12282
911 102 -5671
911 111 6361
911 120 728
911 123 -13723
911 129 -156
911 156 3833
911 165 -3188
911 173 9459
911 218 -1576
911 228 2848
911 306 7280
911 315 8122
911 328 7449
911 382 -2430
911 402 1608
911 410 -11797
911 425 14318
911 446 17764
911 457 12027
911 458 12700
911 468 -12103
911 469 -13639
911 486 6286
911 506 2461
911 520 -8513
911 580 3658
911 605 18073
911 610 12968
911 636 -14606
911 652 11615
911 706 15246
911 724 18027
911 740 -11567
911 761 -8769
911 792 -13420
911 810 973
911 833 -206
911 838 12015
911 910 5217
911 919 -13481
911 923 3176
911 927 12667
911 930 -7499
911 949 -11746
911 977 5564
912 12 8558
912 48 -5377
912 53 -5343
912 59 9977
912 61 15104
912 84 17231
912 96 -2934
912 99 -4915
912 154 -16586
912 185 8603
912 189 12456
912 206 -4234
912 258 -3960
912 274 5774
912 278 -10526
912 279 -12645
912 308 -17308
912 327 7768
912 358 9548
912 481 13151
912 510 17911
912 557 8629
912 586 8378
912 628 17835
912 646 -3777
912 665 7881
912 679 10583
912 684 -17588
912 714 1741
912 723 -13806
912 781 -2449
912 789 -10147
912 811 -3980
912 832 1242
912 836 9416
912 853 -5206
912 869 -8107
912 873 -16346
912 912 -10612
912 947 14606
912 955 4896
912 957 12276
912 976 6326
912 978 -8714
912 981 5084
912 1005 9817
912 1014 -15438
912 1017 -5045
913 30 -16729
913 90 -2257
913 92 -6130
913 128 5493
913 184 8799
913 192 10631
913 249 -2733
913 296 11266
913 314 15920
913 329 2648
913 354 -14583
913 374 349
913 391 14973
913 398 -6257
913 402 5801
913 405 -6841
913 415 5167
913 442 4071
913 464 -16482
913 480 5320
913 494 -6651
913 496 -4096
913 549 9176
913 570 9189
913 610 16117
913 632 13333
913 648 585
913 687 18134
913 697 -1323
913 717 -12733
913 768 -9568
913 786 -13814
913 792 -18600
913 807 18104
913 814 -18503
913 823 8808
913 824 3755
913 842 -3436
913 850 17240
913 851 4155
913 852 -7585
913 886 3575
913 986 5526
913 1006 -2258
913 1013 5387
914 36 -2924
914 66 -7583
914 73 -10643
914 138 9771
914 154 -445
914 160 5405
914 203 3583
914 232 -10698
914 271 -10808
914 285 18248
914 302 2552
914 311 -9944
914 316 9633
914 331 -6558
914 334 -10502
914 346 -16072
914 390 -7561
914 400 -11453
914 413 -13879
914 429 -6784
914 444 -17152
914 445 18010
914 473 -14650
914 495 -6200
914 506 -13274
914 534 -8455
914 621 5070
914 678 14298
914 687 -32
914 697 10002
914 718 -10908
914 737 -4991
914 767 -18286
914 776 18718
914 803 10618
914 831 -11234
914 847 8653
914 855 -18002
914 884 -6645
914 905 -15770
914 936 1446
914 970 -15328
914 988 15894
914 996 327
914 999 -12151
914 1006 7109
915 6 13459
915 13 -3820
915 23 -18189
915 42 -446
915 75 2987
915 97 2816
915 99 17050
915 140 -14774
915 143 -3186
915 157 9842
915 168 9664
915 199 -5083
915 276 16499
915 292 7962
915 333 18055
915 358 -12316
915 365 -1874
915 379 -6209
915 387 -13971
915 396 5739
915 448 -16677
915 464 15100
915 473 3318
915 546 2105
915 565 3299
915 586 -9543
915 593 -15183
915 598 15708
915 608 18426
915 657 -7808
915 658 -11254
915 679 -4132
915 680 1190
915 681 11813
915 687 10454
915 745 -13973
915 792 -6715
915 833 -3444
915 870 -11322
915 900 10134
915 909 -6591
915 933 2414
915 968 -804
915 976 -6722
915 979 -4837
915 1004 -10850
915 1008 -17887
915 1023 -1874
916 17 -10589
916 43 -15145
916 99 -2211
916 102 7146
916 109 13286
916 133 12896
916 138 13520
916 143 1940
916 152 -9048
916 153 -530
916 155 -15539
916 175 -11611
916 193 -8856
916 219 9908
916 240 -18291
916 249 6075
916 274 5153
916 316 -12672
916 327 -18591
916 342 9420
916 344 7882
916 356 18736
916 383 -8263
916 388 -15890
916 419 12771
916 422 14960
916 452 -2807
916 522 8329
916 550 -669
916 583 1101
916 622 15771
916 630 -8159
916 687 11446
916 694 18692
916 709 7629
916 717 -18313
916 731 -5082
916 736 5903
916 759 2411
916 764 17835
916 766 18461
916 772 -7647
916 779 -4264
916 784 -18022
916 822 4063
916 872 5222
916 946 -9056
916 980 -1674
916 1011 -15556
916 1016 -13210
917 25 209
917 46 17573
917 65 -11081
917 72 16275
917 96 -8425
917 142 -7679
917 166 -9083
917 171 -7336
917 180 10726
917 198 18272
917 219 11504
917 230 -13145
917 240 -11576
917 291 -8797
917 299 2914
917 343 -13984
917 388 -9537
917 391 -16630
917 392 1804
917 395 -17485
917 442 -4135
917 504 10207
917 521 -13459
917 562 6591
917 573 -7881
917 575 -5851
917 600 3622
917 617 -15472
917 625 2935
917 659 2808
917 689 -2860
917 710 -16693
917 723 -8308
917 753 7395
917 763 -14395
917 773 -14342
917 774 -5166
917 796 -13004
917 806 11120
917 848 -12601
917 877 247
917 890 6601
917 918 -17018
917 932 9603
917 967 -1311
917 973 -1414
917 974 4330
917 990 -4001
918 12 14796
918 19 16625
918 60 -4943
918 64 -5610
918 92 -13263
918 102 -18728
918 107 7382
918 115 -12736
918 137 8625
918 199 -4748
918 273 -18330
918 277 -2993
918 294 5683
918 302 7463
918 316 -5340
918 362 8928
918 420 -7851
918 450 -7951
918 453 512
918 495 12780
918 498 59
918 508 -14212
918 509 -8828
918 521 17246
918 522 5699
918 545 -5983
918 547 -5967
918 555 -4440
918 564 5229
918 601 -3091
918 616 1288
918 623 3069
918 645 4910
918 648 15012
918 706 -233
918 709 12983
918 722 -5263
918 723 7796
918 783 -4184
918 797 -5609
918 915 12681
918 937 -12661
918 1015 -7136
919 2 -5047
919 9 13186
919 50 -9037
919 55 8723
919 73 -2241
919 83 18141
919 84 18347
919 120 -17423
919 140 -10629
919 144 -16497
919 149 -6503
919 199 3036
919 205 14909
919 224 -13286
919 261 10852
919 264 -5975
919 267 3454
919 275 -74
919 281 -13689
919 290 -277
919 291 -8170
919 310 10964
919 352 -9454
919 367 -11430
919 373 11295
919 383 7111
919 390 14785
919 408 -107
919 463 -9796
919 466 -6926
919 493 -13306
919 502 -16833
919 507 -11807
919 523 701
919 532 -11247
919 537 6993
919 541 -11473
919 551 -9217
919 552 6159
919 567 -14751
919 572 5361
919 593 16081
919 600 -13336
919 611 -11280
919 630 -3026
919 638 11008
919 643 6836
919 650 -671
919 661 -4424
919 697 -9434
919 704 -5602
919 716 516
919 737 4776
919 738 -18662
919 775 14097
919 777 -3406
919 796 -7000
919 810 -2424
919 850 -14677
919 869 17985
919 886 8798
919 912 13657
919 919 -14549
919 928 5459
919 929 -4460
919 935 -13040
919 937 -10546
919 947 14258
919 968 -9041
919 972 -16098
919 1003 11549
920 0 -2933
920 21 13420
920 35 6639
920 67 8463
920 83 4535
920 97 13274
920 101 -12979
920 106 -17531
920 114 2207
920 118 3681
920 136 5743
920 174 13627
920 178 16637
920 192 12832
920 197 13721
920 205 2298
920 209 -4407
920 214 15743
920 219 -17149
920 268 6199
920 313 -12371
920 315 3169
920 347 -12257
920 373 -5558
920 384 -8897
920 392 -3820
920 410 -292
920 411 6508
920 417 -14142
920 441 -18216
920 445 6214
920 446 -699
920 510 -18378
920 522 3058
920 547 -10642
920 549 -5628
920 563 -2295
920 567 15676
920 571 -13046
920 592 -4093
920 617 16493
920 634 -330
920 723 3635
920 728 -4117
920 740 -16761
920 764 12441
920 778 -12181
920 782 -16085
920 818 17519
920 856 -6774
920 893 -4923
920 910 14649
920 917 -1718
920 942 -15539
920 966 8312
920 987 18646
920 991 -16627
920 1017 3609
920 1022 16022
921 1 -6893
921 51 11365
921 100 -658
921 107 -1405
921 121 -44
921 139 -844
921 155 -13713
921 176 -745
921 182 4856
921 220 7211
921 242 6421
921 250 15559
921 256 3588
921 267 35
921 285 16122
921 325 -14168
921 337 982
921 341 12357
921 376 11267
921 377 1827
921 460 -5521
921 483 9635
921 493 -9133
921 502 9377
921 544 -5312
921 566 10389
921 568 9274
921 583 6417
921 604 5752
921 694 14577
921 700 8262
921 706 16298
921 708 -13661
921 733 81
921 736 -1870
921 740 12735
921 754 7989
921 761 -7242
921 794 773
921 859 -9812
921 907 -9955
921 922 6680
921 926 6826
921 974 1001
921 981 12043
921 997 -15591
921 1019 6265
922 31 -11844
922 51 12407
922 52 9996
922 76 -6586
922 88 -12749
922 94 9130
922 105 5987
922 155 1810
922 161 3490
922 162 10945
922 202 13779
922 208 17225
922 218 -12209
922 257 14722
922 306 -6355
922 324 -4062
922 357 -1289
922 387 -94
922 397 -12076
922 413 -802
922 415 15759
922 436 3493
922 453 -1664
922 478 5187
922 482 -15546
922 483 -10370
922 507 13294
922 528 -10482
922 538 8079
922 556 -11972
922 578 -9769
922 582 7004
922 593 -23
922 601 -9071
922 683 3349
922 744 8188
922 751 -8515
922 764 10483
922 809 440
922 871 -7514
922 898 1980
922 916 13688
922 949 -16768
922 952 -4271
922 983 8019
922 1003 6646
922 1011 -1899
923 57 5628
923 61 -5638
923 66 4698
923 79 -14120
923 94 8533
923 145 -767
923 168 10688
923 169 14298
923 185 16368
923 193 -8755
923 202 11379
923 231 767
923 241 -18409
923 246 -16172
923 295 6830
923 345 12809
923 354 3754
923 356 7759
923 359 205
923 378 -4285
923 412 -2660
923 416 5430
923 442 16708
923 455 -7490
923 458 5733
923 463 -475
923 498 10382
923 499 -6126
923 508 7822
923 543 13298
923 549 -11621
923 555 -5731
923 590 10471
923 591 -11330
923 592 1772
923 612 -3841
923 622 17088
923 656 10653
923 663 -3675
923 687 5848
923 696 -2286
923 700 -3936
923 706 12459
923 730 -9575
923 755 6003
923 805 4402
923 821 -15027
923 853 -1669
923 866 17899
923 887 8261
923 906 -10921
923 928 -12102
923 934 6054
923 951 -4076
923 960 4360
923 977 10657
923 1001 7700
923 1010 -9734
923 1022 -3463
924 20 14899
924 49 12313
924 54 8642
924 99 7725
924 104 8567
924 105 211
924 112 -8434
924 120 -7824
924 147 15146
924 164 10976
924 169 6317
924 182 -2335
924 206 14743
924 251 6568
924 259 1901
924 280 -7544
924 296 9199
924 304 12254
924 326 -1113
924 337 -11579
924 342 -6505
924 356 11475
924 358 -5279
924 359 13901
924 373 -9940
924 398 11361
924 399 -16294
924 404 2275
924 409 10278
924 413 13556
924 419 2575
924 430 -1414
924 431 15693
924 445 11269
924 459 -3589
924 485 2349
924 487 742
924 506 -18421
924 509 11480
924 514 -4572
924 519 -16447
924 528 13781
924 544 -13170
924 545 18370
924 551 -5802
924 559 2352
924 570 -2826
924 577 16845
924 596 -18625
924 605 -934
924 646 6027
924 661 6993
924 698 17867
924 720 13699
924 723 -15094
924 733 -2484
924 752 7234
924 763 -17060
924 765 1604
924 831 -3818
924 834 5976
924 858 7782
924 861 -14992
924 887 423
924 900 15757
924 908 3333
924 932 14369
924 939 -17658
924 946 2210
924 951 15509
924 953 10360
924 985 -449
925 5 3313
925 21 -1108
925 35 7296
925 79 -17667
925 99 -185
925 165 4143
925 183 -12490
925 184 140
925 214 553
925 217 11257
925 223 18776
925 233 -329
925 239 -6154
925 291 3424
925 335 -2092
925 363 9752
925 403 -11022
925 415 16730
925 447 3962
925 467 1566
925 473 16134
925 476 -14320
925 479 -16838
925 482 -4093
925 517 -13516
925 522 8554
925 546 18195
925 547 -6686
925 576 -13259
925 585 -18022
925 600 -17832
925 606 -9162
925 613 12711
925 632 8023
925 637 -3845
925 660 -10774
925 693 9625
925 700 10266
925 739 -4810
925 865 -12590
925 875 3220
925 887 18248
925 910 -12835
925 919 -8797
925 942 -11126
925 977 8529
925 979 -15742
925 980 15460
925 983 16354
925 986 -10461
925 990 3434
925 991 -14139
925 1014 6198
925 1022 -15857
926 31 2609
926 63 201
926 65 14438
926 89 -4415
926 120 6055
926 145 -12593
926 185 2720
926 187 -2262
926 190 3317
926 193 -16328
926 223 14030
926 229 17167
926 264 -15530
926 268 3836
926 269 -14338
926 275 10544
926 276 -3307
926 311 12328
926 323 -13695
926 354 13574
926 378 6450
926 390 13970
926 426 -3316
926 450 -6370
926 531 -16357
926 551 -7311
926 571 5740
926 592 -16684
926 607 18623
926 610 7821
926 623 -12219
926 647 -2640
926 682 -13870
926 714 15219
926 744 15220
926 759 14869
926 766 -12747
926 792 -8191
926 800 -5706
926 836 12754
926 843 2383
926 844 10226
926 848 10567
926 878 -15925
926 897 -17444
926 901 -755
926 909 -7029
926 910 10843
926 918 -4077
926 922 15755
926 924 12839
927 11 -2271
927 31 413
927 45 -12470
927 46 -13995
927 59 -6673
927 79 -17117
927 82 -17648
927 84 -7145
927 108 -6131
927 124 3623
927 125 -18423
927 130 -8674
927 154 18210
927 177 -5585
927 186 4646
927 187 -11521
927 190 8507
927 201 9630
927 212 -18152
927 222 1752
927 244 -10624
927 256 5523
927 257 -14120
927 278 -5122
927 279 -13092
927 294 -2292
927 302 -12461
927 308 5104
927 325 -7877
927 356 -17690
927 394 955
927 404 -5780
927 414 -2163
927 415 18211
927 423 477
927 428 -18247
927 441 -13443
927 459 -9435
927 465 -7968
927 476 11797
927 500 7695
927 515 -2398
927 614 1488
927 642 -13528
927 661 11191
927 672 10437
927 674 2441
927 675 12817
927 696 8035
927 717 8699
927 731 9818
927 758 9189
927 773 15190
927 786 -2600
927 837 9435
927 869 -16480
927 870 -7296
927 896 -4347
927 912 -17006
927 954 3959
927 957 -18164
927 977 2555
927 995 -14569
928 13 -17217
928 16 9543
928 38 -15478
928 127 15496
928 136 110
928 148 -2649
928 149 -5129
928 152 -4378
928 158 -9836
928 172 -6865
928 214 -2546
928 220 4738
928 228 -16875
928 237 12973
928 277 -3079
928 341 -4188
928 355 -13758
928 370 -15693
928 371 12178
928 372 -9694
928 401 6723
928 411 16310
928 414 -4482
928 423 2365
928 425 15574
928 430 -1436
928 452 -12043
928 462 4015
928 468 -16255
928 498 -8328
928 500 9433
928 534 -15392
928 578 6887
928 579 -15084
928 635 13877
928 639 -18704
928 643 13010
928 655 -4163
928 667 1214
928 668 -9631
928 682 -7741
928 697 13635
928 739 -7812
928 743 -12074
928 759 15792
928 763 3600
928 769 -17261
928 778 -4601
928 831 14247
928 867 -9442
928 871 12933
928 896 6193
928 912 -5499
928 950 -3288
928 976 10963
928 977 6273
929 48 -5625
929 56 13644
929 64 8308
929 77 15495
929 111 13751
929 125 8169
929 135 -15856
929 163 -2370
929 164 7111
929 188 -16580
929 192 14492
929 214 -4890
929 220 -15197
929 262 13270
929 290 -14177
929 338 -9018
929 348 -13734
929 360 -9518
929 417 -12672
929 420 -8680
929 428 12851
929 438 2646
929 466 7168
929 474 6810
929 482 7005
929 494 -5835
929 502 -2954
929 518 -16047
929 527 -6442
929 532 834
929 537 -16709
929 548 2489
929 566 13260
929 572 5629
929 605 -1679
929 611 -15341
929 647 18787
929 809 14076
929 865 -8832
929 866 1396
929 884 -11327
929 886 3206
929 906 -496
929 912 -16637
929 927 1235
929 929 -16853
929 931 -777
929 941 11345
929 999 -16574
929 1005 18765
930 81 6091
930 93 3747
930 109 -2850
930 163 -13141
930 171 6209
930 183 -2233
930 186 -6003
930 208 -3129
930 220 -13225
930 253 13898
930 266 7223
930 285 -11654
930 328 -8884
930 369 -7310
930 375 6729
930 381 -6276
930 412 18759
930 445 -8385
930 597 -16166
930 639 15023
930 647 10564
930 648 -14266
930 661 -14920
930 666 -9666
930 673 7243
930 676 11883
930 683 10931
930 713 2988
930 778 -6801
930 787 9172
930 798 18224
930 816 -10637
930 827 2982
930 834 12288
930 841 -18202
930 867 10886
930 872 12537
930 873 5513
930 874 -17749
930 911 -7415
930 913 8689
930 920 -17979
930 973 -506
930 990 10273
930 1004 5977
931 24 -13886
931 53 16454
931 54 -9678
931 61 7535
931 112 3080
931 118 18660
931 119 18758
931 140 -11208
931 158 2904
931 176 3439
931 181 5447
931 187 -3080
931 192 2876
931 206 15987
931 268 3484
931 276 -5141
931 288 9173
931 290 -2220
931 320 11766
931 328 148
931 341 -13171
931 344 18536
931 399 6968
931 423 4220
931 426 15060
931 435 -4677
931 483 4492
931 490 -8651
931 491 4488
931 512 168
931 513 14844
931 556 -9737
931 626 -8381
931 662 12818
931 692 -15702
931 728 17317
931 746 -11315
931 767 18475
931 822 13098
931 837 -9326
931 840 -15275
931 852 -18486
931 854 -13470
931 878 10396
931 902 3535
931 936 2582
931 986 12174
931 1008 414
931 1011 5757
931 1023 -3350
932 11 2555
932 32 -17697
932 59 -17263
932 89 8737
932 132 13389
932 146 -6897
932 158 -11658
932 199 -13454
932 213 -16167
932 335 -16767
932 347 -1247
932 411 11655
932 463 11882
932 532 4608
932 536 18589
932 541 3279
932 590 -5810
932 666 153
932 669 -3300
932 673 5259
932 690 -17220
932 723 -13206
932 725 -7976
932 730 -14072
932 774 13589
932 789 8182
932 794 -1679
932 820 16301
932 823 7541
932 824 18258
932 825 17980
932 826 -7030
932 861 -9417
932 863 8024
932 881 -4184
932 922 -16885
932 994 -17587
933 1 -550
933 4 5882
933 12 8834
933 16 15231
933 45 -3126
933 67 -17133
933 103 -13430
933 126 -1924
933 130 7444
933 141 708
933 153 18351
933 182 -1967
933 190 -2171
933 200 17579
933 202 -16849
933 217 15621
933 226 4810
933 235 12350
933 299 -5174
933 305 8037
933 330 -15794
933 335 -9691
933 350 523
933 358 -18570
933 377 5845
933 399 10008
933 411 -9968
933 420 14572
933 422 -13636
933 450 3942
933 460 -834
933 475 -1566
933 512 4395
933 517 16234
933 526 17412
933 554 15823
933 578 -3728
933 597 11383
933 611 12666
933 654 -3109
933 678 -3581
933 695 -10164
933 728 8943
933 741 -13357
933 758 7071
933 764 -12708
933 780 12262
933 790 -3137
933 806 10526
933 838 -13293
933 865 9676
933 880 -14345
933 906 -4509
933 990 -14646
933 992 -6757
933 993 2856
934 2 -18451
934 3 -7409
934 4 15124
934 66 -15974
934 86 -935
934 107 -513
934 108 6351
934 116 -16278
934 119 2562
934 133 3831
934 206 16490
934 250 -14371
934 283 -621
934 286 -11650
934 289 6355
934 291 -14351
934 313 -9224
934 345 -17097
934 368 1657
934 416 8014
934 478 18029
934 489 -17788
934 490 -10867
934 497 5304
934 531 16059
934 573 -8933
934 586 17715
934 591 6334
934 603 -10086
934 644 4565
934 672 957
934 696 9694
934 698 -17080
934 699 2612
934 700 -10720
934 705 10102
934 714 -11719
934 716 11891
934 720 17424
934 751 10156
934 762 10864
934 766 11125
934 769 15252
934 804 -14444
934 919 9201
934 921 3977
934 954 -14233
934 955 -15920
934 975 -6004
934 978 3219
934 993 12451
935 7 -5738
935 18 -11509
935 21 15914
935 22 -2823
935 53 10190
935 69 7528
935 84 17039
935 109 7316
935 110 10883
935 115 6553
935 149 4694
935 153 -11496
935 187 9804
935 196 -848
935 217 2363
935 234 -2615
935 282 -17977
935 307 16855
935 333 -15558
935 361 10461
935 447 18457
935 465 2472
935 467 16426
935 484 -14958
935 510 -16725
935 514 14115
935 536 -12616
935 539 -9534
935 562 -14853
935 635 -10078
935 651 -15415
935 663 -14126
935 671 18436
935 676 -8373
935 677 2985
935 687 13545
935 699 167
935 704 3087
935 731 4798
935 741 16564
935 751 16635
935 820 3074
935 849 -3159
935 856 12244
935 859 17125
935 867 12975
935 904 -15407
935 917 -6881
935 925 -2218
935 932 -9564
935 934 5410
935 975 6670
935 999 3868
935 1016 -2842
936 15 -13064
936 25 17041
936 31 -13104
936 46 3015
936 74 17266
936 83 -14966
936 98 -13691
936 100 16566
936 103 -16268
936 124 5379
936 135 16932
936 151 -4905
936 187 17584
936 240 -18578
936 247 18580
936 257 -11204
936 270 7727
936 328 18594
936 350 -15875
936 375 -12898
936 397 -18115
936 406 13546
936 420 18154
936 441 -564
936 490 17992
936 504 10463
936 519 8654
936 522 9881
936 545 9436
936 563 16522
936 565 16386
936 588 -4686
936 600 16369
936 629 -5827
936 630 -16959
936 644 9576
936 659 8484
936 668 -14999
936 683 -6168
936 694 -2726
936 695 5875
936 698 -14579
936 701 -2099
936 714 -14567
936 724 -206
936 732 13310
936 733 14248
936 756 745
936 793 -18378
936 805 -8051
936 841 -18623
936 844 -2285
936 846 15548
936 851 -9410
936 876 -17975
936 879 -1908
936 888 17015
936 899 -8736
936 933 8921
936 937 -12929
936 939 1983
936 967 -16826
937 8 -4237
937 11 17000
937 37 15171
937 80 -15408
937 158 14220
937 164 6419
937 173 13220
937 180 1839
937 186 -5494
937 190 12321
937 219 -3332
937 230 4262
937 251 -6307
937 269 -12574
937 329 -11153
937 331 18151
937 348 16993
937 363 4577
937 383 4437
937 419 9410
937 429 4117
937 433 18273
937 442 12089
937 452 -18359
937 466 -11834
937 484 -1254
937 502 -11446
937 524 -11844
937 538 5699
937 547 -7395
937 556 -838
937 616 16498
937 639 16626
937 691 5795
937 695 -9915
937 745 1334
937 762 -2881
937 787 -9717
937 814 4330
937 861 356
937 927 -7141
937 933 18022
937 944 712
937 954 -8023
937 963 5253
937 983 7815
937 993 3391
938 5 11909
938 17 12874
938 51 -2231
938 54 3928
938 60 -17487
938 88 -11157
938 94 18576
938 98 14512
938 147 12672
938 149 2249
938 150 12029
938 171 8448
938 186 -6232
938 203 -3491
938 221 9642
938 270 15908
938 277 -5862
938 280 -2902
938 285 -8444
938 287 -17983
938 293 -5423
938 322 -7626
938 382 5977
938 400 3377
938 409 16767
938 468 14905
938 541 -12234
938 623 7266
938 657 13385
938 660 -3992
938 678 -3860
938 697 10592
938 808 -12746
938 818 -11045
938 819 4557
938 851 -12805
938 899 8274
938 946 -6572
938 954 -5514
938 988 10047
938 991 9318
939 7 -9095
939 50 -6514
939 58 8171
939 93 4109
939 123 5154
939 184 -11113
939 194 9548
939 235 5677
939 242 17187
939 245 -9081
939 250 8841
939 256 -12193
939 282 -13998
939 320 -4477
939 332 13617
939 341 -3063
939 352 3500
939 394 4293
939 446 476
939 455 18532
939 469 -1335
939 553 12684
939 611 16408
939 617 -6983
939 622 -18568
939 623 -4486
939 645 11148
939 648 -2778
939 730 16525
939 734 4816
939 745 17721
939 773 5984
939 796 -11679
939 841 10999
939 845 -13349
939 858 1100
939 917 1792
939 975 -14539
939 987 11780
939 992 16343
940 17 -5299
940 37 3257
940 47 1008
940 56 -587
940 73 -10159
940 159 8923
940 189 8668
940 191 10192
940 194 3284
940 261 12460
940 276 -3850
940 285 -2511
940 334 1172
940 344 7881
940 345 7068
940 351 5345
940 362 6371
940 392 -8550
940 420 18315
940 436 -7818
940 462 1297
940 466 -14483
940 499 -5528
940 504 11088
940 512 9445
940 523 -6873
940 532 18571
940 555 14747
940 557 -5188
940 596 3478
940 609 14153
940 640 -18111
940 673 13345
940 691 14241
940 695 3530
940 704 -7299
940 720 11608
940 721 18114
940 771 -2670
940 803 7081
940 810 -914
940 850 -9781
940 935 1975
940 963 -15836
940 969 -16452
940 973 4503
940 974 -9399
940 991 16555
941 2 14635
941 12 7799
941 33 -14261
941 110 3541
941 114 -874
941 117 -17666
941 139 -2841
941 151 7470
941 152 -1132
941 179 -2934
941 212 -15825
941 268 -15094
941 271 -17527
941 282 -7892
941 318 -14130
941 322 -16289
941 339 -6142
941 345 17551
941 393 -14697
941 394 17991
941 411 6999
941 457 15716
941 484 -11972
941 508 -11327
941 510 -16407
941 517 -587
941 518 7871
941 542 -15964
941 554 8252
941 555 -10403
941 558 -593
941 564 -10229
941 565 -5715
941 582 -16066
941 615 9870
941 628 15336
941 638 7389
941 689 2573
941 690 -10152
941 699 10254
941 710 -8800
941 714 -17261
941 734 -18098
941 743 8694
941 752 -11555
941 762 -9988
941 775 -16435
941 779 -3698
941 781 6553
941 799 -5357
941 802 -8729
941 810 500
941 816 -3369
941 826 8270
941 834 -14878
941 877 -8317
941 880 -1593
941 888 15942
941 892 -17135
941 930 3531
941 956 810
941 965 16758
941 968 16723
941 983 10652
941 987 -9032
941 991 18074
941 1022 13023
942 5 11997
942 8 9223
942 44 17469
942 84 -4798
942 92 9774
942 120 -3860
942 122 -3789
942 157 13204
942 168 11861
942 206 -9565
942 208 -1101
942 210 -10000
942 220 -13180
942 240 10768
942 286 9935
942 343 14325
942 356 -3258
942 422 6758
942 484 17909
942 492 -15382
942 501 -1859
942 579 7080
942 590 -202
942 597 -14710
942 628 -7465
942 630 12731
942 703 -8888
942 711 -11534
942 741 15381
942 755 -18362
942 771 -7118
942 775 2808
942 787 -17373
942 816 5968
942 830 -3137
942 866 -2496
942 881 10394
942 897 -2180
942 924 -12764
942 931 -13903
942 937 14264
942 938 13744
942 942 -16124
942 974 -8603
942 996 10545
942 1008 11234
942 1012 -8331
943 69 -16854
943 104 14228
943 179 -719
943 197 -7697
943 203 -9584
943 213 6752
943 218 6107
943 261 -3015
943 262 10642
943 269 14512
943 280 -12283
943 310 8100
943 319 12020
943 321 5481
943 323 -7903
943 340 16790
943 397 15342
943 403 -10863
943 404 -9856
943 424 -3087
943 427 15225
943 435 15737
943 439 -1313
943 461 10730
943 467 15629
943 474 -3825
943 477 -11284
943 484 1500
943 562 18669
943 573 -12324
943 610 206
943 668 8591
943 705 16847
943 729 -4672
943 743 5160
943 754 -5284
943 788 -13545
943 805 -15092
943 817 -17330
943 872 -7954
943 892 10795
943 932 -1412
943 938 -3892
943 947 -4996
943 949 8871
943 964 13554
943 968 -18784
943 987 -11642
943 993 18574
943 994 -13828
943 1019 14090
943 1022 12135
944 40 7555
944 56 5568
944 106 13785
944 113 -18204
944 118 1076
944 126 -8936
944 145 3685
944 146 -15374
944 155 1040
944 168 10625
944 188 -4225
944 251 -9245
944 261 17478
944 263 10724
944 283 -5708
944 323 -15865
944 351 -2216
944 369 9575
944 398 -13714
944 399 15214
944 440 -12464
944 468 12784
944 489 13823
944 539 12919
944 554 11780
944 560 9500
944 569 -17459
944 746 6419
944 747 -1841
944 754 -4224
944 786 16298
944 799 8389
944 801 -17932
944 831 -1495
944 848 -7804
944 885 13395
944 900 -8999
944 942 -7242
944 944 -10974
944 956 11878
944 971 61
944 973 -6206
944 975 -4602
944 976 -15362
944 991 -5638
944 1009 11077
945 22 -15778
945 81 1988
945 82 -4414
945 116 5255
945 117 2146
945 147 -10078
945 187 18392
945 199 2662
945 201 3600
945 205 -16711
945 221 8641
945 247 8001
945 313 4137
945 330 9823
945 369 -12616
945 378 -7447
945 393 17765
945 424 -13681
945 425 10309
945 434 -1433
945 437 -12109
945 450 2878
945 451 11884
945 458 -349
945 469 -7400
945 473 12438
945 484 -11100
945 509 18569
945 518 -7657
945 536 18098
945 537 4401
945 546 -3697
945 552 -3887
945 555 -1574
945 560 -16470
945 592 15735
945 604 -12412
945 613 -15152
945 619 -14861
945 637 8355
945 662 -3306
945 674 -10497
945 677 3163
945 702 -14496
945 735 -18714
945 770 -5709
945 806 16662
945 825 9358
945 826 -10359
945 847 6777
945 867 -2097
945 874 9438
945 895 16917
945 897 16378
945 916 18450
945 921 15804
945 931 3964
945 960 8050
945 962 -1650
945 978 -15578
945 985 2826
945 1010 -11441
946 18 603
946 39 4291
946 79 13885
946 97 6048
946 100 -1396
946 101 15231
946 103 2222
946 125 1782
946 139 1241
946 141 8150
946 151 -18024
946 155 -18396
946 158 9801
946 188 -3417
946 227 2389
946 262 5314
946 285 -9061
946 299 -2183
946 306 715
946 364 -13060
946 380 -18035
946 429 13436
946 435 10966
946 444 13958
946 479 3050
946 518 14718
946 520 -11987
946 523 -12378
946 534 11420
946 575 -13735
946 576 16507
946 588 -5003
946 622 5570
946 634 -14562
946 683 -4478
946 708 16812
946 745 -4619
946 821 181
946 823 8151
946 830 -1630
946 832 18308
946 847 7811
946 860 -13768
946 883 -293
946 893 -11691
946 918 -17048
946 923 14540
946 939 -4835
946 950 -1064
946 953 18357
946 965 875
946 979 13300
946 1013 5390
947 58 -16250
947 61 -6310
947 62 9004
947 93 11859
947 121 2102
947 128 13836
947 130 2487
947 144 -11022
947 151 -91
947 158 4836
947 188 -763
947 247 15980
947 324 -13022
947 390 1048
947 391 -15880
947 414 -6206
947 424 8662
947 431 16287
947 526 -9022
947 542 6760
947 556 2479
947 557 8560
947 560 -4391
947 570 13687
947 618 15504
947 641 15695
947 668 4487
947 686 -18048
947 693 -4685
947 706 8880
947 713 13595
947 737 16680
947 740 7540
947 749 -12174
947 798 12306
947 829 -13598
947 848 -17807
947 857 2870
947 860 -10052
947 870 -13579
947 886 -321
947 908 521
947 937 14282
947 956 10762
947 996 18422
947 1002 7206
947 1015 -11063
947 1019 -6729
948 46 16520
948 47 -8949
948 60 -7422
948 89 -11710
948 103 -14069
948 104 372
948 109 -10266
948 114 -2603
948 122 4441
948 142 -13558
948 149 8089
948 153 6069
948 157 -7022
948 214 10226
948 301 -16997
948 311 -15991
948 347 -12066
948 366 4273
948 367 -1253
948 401 14638
948 418 -6528
948 423 -5665
948 447 -3866
948 451 -8005
948 495 -15437
948 545 16440
948 623 -7826
948 688 3859
948 709 10867
948 722 15176
948 764 5407
948 796 9369
948 808 6809
948 823 -1949
948 826 5379
948 850 -13646
948 858 54
948 935 6060
948 963 -11332
948 1005 9466
948 1017 3828
948 1020 11127
949 4 15642
949 7 -10439
949 13 16858
949 18 13472
949 35 -3625
949 80 8615
949 104 -13984
949 125 8480
949 128 -5565
949 145 -12398
949 151 -18316
949 164 -2749
949 182 13561
949 183 -5642
949 220 -2739
949 225 -12651
949 243 -179
949 246 -3287
949 258 7504
949 261 -15560
949 279 -8297
949 304 -11884
949 318 -12041
949 372 645
949 385 -17798
949 425 -12696
949 427 -8349
949 428 7316
949 484 -9366
949 497 7329
949 516 -4060
949 530 -6900
949 534 -323
949 538 -13598
949 601 -7361
949 639 -7264
949 654 15512
949 656 13698
949 670 8508
949 709 -2487
949 710 -10632
949 731 9397
949 749 15985
949 750 -281
949 830 -9511
949 840 5764
949 856 4942
949 866 13080
949 867 -16933
949 881 595
949 915 12929
949 926 8425
949 933 5220
949 963 5494
949 992 2354
949 1012 15492
950 4 2488
950 71 -15773
950 99 9336
950 134 10203
950 177 -1499
950 183 -4833
950 187 -4675
950 219 -12429
950 222 7728
950 223 -10731
950 347 13456
950 350 -17459
950 354 -10882
950 416 -2571
950 435 11514
950 437 -7977
950 478 -11671
950 483 -18047
950 512 12100
950 519 -17440
950 520 16581
950 553 7335
950 554 -14905
950 563 -9237
950 582 5000
950 603 4993
950 605 10492
950 621 14569
950 623 -15023
950 639 -3146
950 687 4112
950 723 6460
950 775 2113
950 786 4890
950 797 8202
950 844 -16322
950 930 -9836
950 970 -14450
951 64 7705
951 86 -6173
951 114 13181
951 125 18498
951 211 10963
951 224 -11754
951 245 -14661
951 267 16407
951 291 15765
951 323 -11435
951 330 4298
951 362 17647
951 376 -8711
951 379 -5652
951 402 -14484
951 436 1875
951 452 7944
951 456 -13674
951 457 -11866
951 481 1520
951 501 -489
951 510 4935
951 530 -5821
951 540 -4242
951 547 10987
951 565 -4097
951 586 15266
951 587 286
951 613 -1409
951 625 -6454
951 627 8588
951 647 -7307
951 648 5511
951 652 6153
951 667 11928
951 672 13821
951 709 -9717
951 730 10462
951 732 3509
951 793 16810
951 799 15826
951 803 2686
951 812 12502
951 833 -2317
951 850 8534
951 890 15785
951 914 -1506
951 938 -6507
951 944 -13556
951 1000 -17684
951 1010 15486
951 1014 -17615
952 8 14275
952 11 15800
952 40 -10323
952 50 12724
952 73 3198
952 128 18738
952 151 -9356
952 177 -18337
952 181 14438
952 286 -7959
952 307 -17021
952 322 15541
952 325 1509
952 344 -11757
952 365 -8059
952 368 -5751
952 430 3334
952 459 16127
952 464 2826
952 494 -12371
952 496 12275
952 511 6563
952 543 12839
952 545 -17719
952 558 428
952 562 5719
952 564 14911
952 578 11115
952 594 5608
952 621 15471
952 632 8246
952 637 325
952 663 10082
952 667 -14686
952 698 8370
952 730 -699
952 752 7944
952 775 -11140
952 787 -15505
952 804 17385
952 810 18753
952 817 14767
952 818 3999
952 838 -2217
952 861 -15718
952 875 16650
952 893 -12638
952 901 7893
952 907 5153
952 922 -10996
952 952 -9638
952 1019 3608
952 1020 -14706
953 0 11505
953 1 4523
953 27 5147
953 39 -17363
953 49 16153
953 53 -12535
953 54 -2522
953 64 14595
953 78 13265
953 98 14547
953 99 -9666
953 113 12328
953 158 -11488
953 186 6549
953 200 -16403
953 229 -14390
953 278 4575
953 286 -17004
953 305 16924
953 317 -15552
953 381 13058
953 391 -16571
953 403 5483
953 423 -15084
953 448 8991
953 449 18586
953 453 15211
953 481 6880
953 486 -7747
953 522 -5540
953 545 -9089
953 546 -13524
953 547 -12258
953 554 18144
953 607 9884
953 632 13223
953 650 -2144
953 663 -16053
953 674 -10311
953 680 11269
953 693 4693
953 711 -10315
953 729 11683
953 756 -1356
953 764 11299
953 768 -1389
953 786 -13204
953 810 10285
953 817 -15319
953 820 12597
953 886 11836
953 949 10426
953 978 -4326
953 980 3785
953 1000 -8237
953 1009 11249
953 1013 -15255
954 58 -6399
954 60 -16552
954 76 10308
954 129 -7336
954 162 -18679
954 214 -18469
954 226 -5150
954 227 2722
954 229 -8502
954 256 17783
954 257 2468
954 291 3332
954 313 -291
954 327 -16493
954 353 -18121
954 363 8229
954 365 10595
954 368 -10403
954 383 2749
954 395 -410
954 419 17339
954 462 -3250
954 489 18521
954 491 1449
954 495 5897
954 518 -10120
954 524 10340
954 528 9382
954 550 -12403
954 553 17270
954 567 -10549
954 572 17151
954 611 -7272
954 632 16680
954 635 -2004
954 655 17780
954 669 15905
954 672 4479
954 733 -4321
954 743 -7798
954 763 5029
954 783 16844
954 817 15022
954 826 -8074
954 859 -10902
954 882 8194
954 902 -12296
954 909 -9646
954 914 -7053
954 964 -9301
954 996 -11015
954 1013 6004
955 21 -12250
955 29 -11631
955 59 7165
955 66 -16942
955 69 6524
955 86 16164
955 91 7419
955 126 9196
955 133 -10408
955 147 -1194
955 169 5563
955 194 -17026
955 225 7660
955 291 1405
955 293 9708
955 298 -15376
955 313 13726
955 318 9128
955 323 10313
955 329 16843
955 349 14565
955 361 -4172
955 380 -4763
955 394 8734
955 409 3210
955 416 -6140
955 529 16897
955 552 14137
955 578 -4117
955 597 2437
955 606 -14859
955 609 -12920
955 617 8134
955 635 -4880
955 681 -11103
955 701 -12466
955 719 7160
955 753 -15506
955 768 -9402
955 776 3587
955 785 -563
955 815 -1252
955 832 5499
955 855 -5001
955 903 -2879
955 913 16309
955 923 17941
955 934 -3007
955 948 15773
955 957 7077
955 976 -1140
955 987 17257
955 988 2743
955 994 18319
955 1001 -16052
955 1005 11593
955 1017 -9295
956 0 -14832
956 6 -8569
956 26 2465
956 70 -16502
956 82 12335
956 161 -7146
956 203 -15112
956 214 14529
956 232 -13870
956 284 14097
956 288 18216
956 289 -17581
956 323 -1897
956 332 18242
956 338 -6957
956 339 11074
956 421 2380
956 431 -7741
956 432 13037
956 442 -903
956 450 2934
956 453 30
956 482 15776
956 494 -10736
956 514 -8797
956 553 -3644
956 560 4869
956 569 16607
956 603 -13515
956 644 -6667
956 665 9498
956 677 17846
956 682 13829
956 683 8808
956 741 14153
956 758 -1790
956 773 2231
956 827 -10903
956 913 3569
956 944 -1476
956 946 2195
956 954 17153
956 955 -8143
956 992 -8808
956 993 -10190
956 1011 524
956 1015 10804
957 13 -9806
957 34 14550
957 38 12496
957 40 -2541
957 58 -15520
957 91 -4202
957 93 -6828
957 97 3753
957 98 8643
957 100 -17395
957 101 -16095
957 108 -13821
957 138 17209
957 171 10714
957 207 -10563
957 210 17787
957 266 10312
957 284 1137
957 303 16837
957 356 9826
957 405 8424
957 436 -13064
957 525 4462
957 553 -16044
957 562 4072
957 566 -11514
957 570 -15064
957 624 -17136
957 641 6460
957 645 9122
957 648 467
957 667 15595
957 678 -18792
957 685 -3002
957 690 -10885
957 757 12419
957 779 -18147
957 798 -6563
957 830 63
957 848 -9893
957 858 14236
957 868 -4888
957 899 12878
957 904 -16034
957 917 14916
957 934 1136
957 943 17157
957 954 6279
957 966 -6655
957 989 -16592
957 991 -12294
957 997 3234
957 1003 10641
957 1018 3975
958 4 11941
958 15 -4004
958 29 -14669
958 34 -2539
958 50 -13906
958 87 12705
958 98 3551
958 104 2163
958 129 4824
958 160 -13739
958 167 -15319
958 178 -8416
958 223 12027
958 236 -13399
958 276 -16495
958 307 7795
958 343 -5247
958 357 -10111
958 375 -12280
958 388 -16418
958 461 7017
958 477 -13284
958 492 11668
958 494 11837
958 518 -996
958 524 5233
958 575 15679
958 577 -8398
958 599 -13109
958 621 13457
958 630 12182
958 652 5197
958 653 -17867
958 682 9684
958 723 -2705
958 727 6180
958 740 16878
958 791 1110
958 795 -16575
958 848 -12715
958 862 1946
958 910 -18467
958 913 -9668
958 926 -12628
958 934 -13162
958 963 -1303
958 1008 -12208
958 1015 5569
958 1020 9167
959 4 -1831
959 19 4908
959 69 3441
959 95 -5178
959 219 -17300
959 238 -13127
959 245 14380
959 260 13396
959 267 728
959 273 18242
959 285 -475
959 298 8242
959 339 11531
959 391 -16200
959 430 -5250
959 436 -16000
959 442 8334
959 450 -10764
959 452 2605
959 460 -5694
959 465 15752
959 471 15546
959 495 -17144
959 499 348
959 501 -6486
959 513 6217
959 526 -1034
959 550 -17695
959 559 -16010
959 566 8774
959 581 -16879
959 595 11471
959 606 17271
959 610 17172
959 611 -10657
959 628 -173
959 649 -10808
959 700 -4188
959 735 -6791
959 751 -2543
959 757 -15980
959 776 -18078
959 786 -6464
959 896 -13625
959 969 -16151
959 972 8265
959 991 -1068
959 996 -5883
959 1014 8907
959 1018 -16555
960 31 -12446
960 35 12574
960 53 -5393
960 70 10852
960 73 17510
960 84 -7946
960 90 -1971
960 101 1224
960 109 11224
960 123 -1313
960 167 2275
960 186 -1447
960 212 -5507
960 303 -17013
960 309 1096
960 335 -11859
960 346 -5621
960 364 7316
960 392 -6378
960 482 12464
960 493 13718
960 503 -17235
960 508 13489
960 522 14148
960 529 5019
960 614 -18138
960 618 6320
960 627 -1823
960 630 -17764
960 638 2609
960 667 5218
960 668 -12178
960 671 6132
960 790 -10300
960 791 3493
960 807 -2579
960 831 -4878
960 835 -10835
960 840 -17836
960 867 14615
960 878 6171
960 888 12965
960 910 -18432
960 1000 -11644
960 1014 11215
960 1022 -16267
961 22 14611
961 32 1052
961 46 12621
961 78 -15657
961 134 904
961 160 -9444
961 186 -14509
961 191 17667
961 197 11130
961 231 -13861
961 242 -9177
961 244 3388
961 256 8781
961 275 -8889
961 284 -5239
961 290 7500
961 308 -14231
961 336 11918
961 353 -735
961 358 -17109
961 363 -7106
961 383 3130
961 409 8460
961 412 8075
961 416 -3606
961 422 -9015
961 454 14587
961 459 4477
961 470 -7584
961 502 3960
961 507 14988
961 608 16583
961 616 7983
961 622 14891
961 652 13071
961 654 7168
961 678 -7350
961 683 -10301
961 692 -5212
961 717 -18529
961 742 17588
961 748 -351
961 764 -4179
961 781 -3425
961 804 8131
961 830 7149
961 833 12157
961 876 13595
961 898 -14985
961 907 -1963
961 910 -372
961 912 -14432
961 914 -7170
961 923 -14424
961 927 220
961 935 -13594
961 959 -8513
961 987 2709
961 1002 -10156
961 1004 -13027
961 1008 -14251
961 1018 9946
962 12 -14339
962 58 -11434
962 65 14271
962 72 2341
962 84 -12243
962 113 3866
962 117 2150
962 170 4498
962 188 1883
962 253 2316
962 282 -14149
962 293 4378
962 316 3931
962 330 -14760
962 353 8061
962 354 1945
962 390 -6668
962 440 -1588
962 463 10863
962 503 -10822
962 522 14980
962 532 -15110
962 560 12633
962 561 -13157
962 579 -13087
962 597 761
962 650 2233
962 678 -1556
962 697 9279
962 711 -1917
962 735 -6583
962 736 13192
962 753 18058
962 765 -18691
962 770 -148
962 790 -7244
962 839 10011
962 857 12714
962 859 8410
962 877 3408
962 885 -8420
962 889 -17080
962 895 8503
962 901 4842
962 957 18332
962 972 -10436
962 981 -9168
962 1005 1997
962 1009 9813
962 1017 6438
963 51 -18362
963 57 923
963 63 -12716
963 82 -10980
963 205 -10722
963 212 5006
963 313 -3924
963 338 -9897
963 341 -11504
963 354 1287
963 374 -7556
963 399 -3906
963 414 2126
963 422 -853
963 442 7701
963 443 -8297
963 447 16718
963 449 -15274
963 451 5716
963 493 -7231
963 518 1131
963 531 8817
963 537 9429
963 539 -13316
963 553 -17446
963 561 -6540
963 570 148
963 579 8268
963 599 49
963 606 7110
963 609 -14448
963 637 7105
963 662 -3648
963 685 14311
963 693 -3981
963 702 -16192
963 724 16245
963 810 5674
963 827 6952
963 839 -11168
963 845 -3365
963 853 517
963 866 10085
963 873 1765
963 876 16256
963 888 -12405
963 909 -1375
963 929 12270
963 942 16700
963 974 -11972
963 977 -16846
963 983 818
963 1023 -18698
964 8 -9154
964 58 -12162
964 78 13159
964 126 8579
964 129 -5313
964 131 -3670
964 155 -1716
964 179 5227
964 202 10736
964 211 -14665
964 235 -5008
964 258 18017
964 261 10999
964 271 3912
964 284 -2321
964 295 8226
964 321 -14867
964 363 18174
964 370 2437
964 376 5068
964 392 12655
964 423 7443
964 447 -324
964 511 -8711
964 525 17093
964 532 7413
964 544 -4620
964 555 -17468
964 562 -5178
964 585 -14699
964 589 -17410
964 599 -11308
964 610 11302
964 622 11558
964 675 10648
964 690 14458
964 733 15040
964 743 -5453
964 747 8561
964 761 -7684
964 774 2909
964 797 15485
964 814 9355
964 819 -10444
964 821 15288
964 858 -4269
964 865 16564
964 869 -12448
964 898 2154
964 918 -13345
964 924 -1113
964 925 -4711
964 930 12624
964 956 -18418
964 969 -13079
964 992 8350
965 1 14367
965 2 -8031
965 6 -14432
965 78 1467
965 81 -10445
965 105 -10654
965 123 -9480
965 141 15297
965 147 -2164
965 163 -13606
965 167 7341
965 198 1676
965 214 -5404
965 219 6275
965 227 9770
965 233 -4301
965 297 10286
965 311 8591
965 312 3320
965 317 -407
965 324 -2805
965 336 13576
965 355 4069
965 381 4849
965 384 16979
965 432 -14095
965 439 3538
965 477 7897
965 512 4474
965 522 13836
965 542 -14496
965 551 -4141
965 564 5598
965 599 -7351
965 632 -3282
965 655 14320
965 688 5861
965 696 4978
965 721 9739
965 741 13844
965 746 -4065
965 768 -13855
965 771 -2020
965 792 -2172
965 813 -7275
965 841 -205
965 848 -4363
965 854 3202
965 868 -9770
965 897 3005
965 909 320
965 921 -2573
965 945 6318
965 950 -4486
965 967 8462
965 989 -1065
965 999 14301
965 1004 -9550
966 33 164
966 50 8710
966 75 5604
966 89 -4186
966 90 -14366
966 104 17106
966 125 -3784
966 150 -17205
966 172 7223
966 225 -4896
966 241 10237
966 271 -6497
966 315 10372
966 316 7130
966 323 -7475
966 347 -12328
966 374 7029
966 393 8095
966 414 7667
966 423 -4816
966 433 -1925
966 442 12613
966 488 15576
966 513 -7487
966 522 -1394
966 591 18375
966 593 -14828
966 598 16943
966 611 -12207
966 646 3006
966 655 -12075
966 684 -15374
966 685 7184
966 689 14839
966 693 6160
966 715 -1730
966 733 -7388
966 748 8490
966 757 5576
966 764 6327
966 778 6681
966 813 -13125
966 838 1090
966 845 12336
966 852 14945
966 893 -1164
966 895 -18286
966 950 10606
966 961 -341
967 6 -2335
967 86 6270
967 93 -1516
967 109 -9285
967 129 -16887
967 207 -3014
967 208 -792
967 217 3408
967 231 -12939
967 238 -14020
967 255 -1651
967 268 -4811
967 271 10222
967 310 -9950
967 356 -10964
967 381 -13231
967 386 -5360
967 393 -4771
967 397 -10107
967 408 2307
967 445 6494
967 458 -18295
967 462 -483
967 497 -14770
967 501 16928
967 542 14117
967 597 116
967 607 8263
967 612 4941
967 656 14142
967 707 4939
967 724 5672
967 743 7599
967 744 550
967 773 12017
967 799 -1064
967 821 18648
967 826 16341
967 862 -12022
967 865 13788
967 870 6957
967 876 7412
967 911 3497
967 963 -5113
967 970 10170
967 991 8959
967 1017 2903
968 23 -9658
968 97 -8587
968 100 -9702
968 120 14440
968 135 1968
968 144 -2426
968 148 6324
968 159 -4585
968 170 15417
968 233 3527
968 245 1427
968 256 13731
968 280 15037
968 294 8677
968 306 5460
968 351 -5455
968 365 -9801
968 379 9368
968 398 10897
968 411 -696
968 412 -14719
968 423 -9472
968 456 -17353
968 470 -4417
968 482 -4727
968 523 -2732
968 564 -4799
968 565 -7037
968 577 -7264
968 588 5799
968 590 4660
968 601 -3435
968 608 4895
968 614 -16463
968 625 16608
968 633 14690
968 642 -15920
968 648 8234
968 654 -4820
968 681 4403
968 701 946
968 709 -12912
968 722 13795
968 728 4440
968 734 15589
968 780 -10418
968 789 -18306
968 827 2265
968 836 13873
968 850 12271
968 867 -15511
968 890 -12064
968 899 13726
968 912 17794
968 948 9087
968 964 -17248
968 976 10833
968 992 6070
968 997 17249
968 1004 -8245
968 1005 3046
968 1012 11244
969 5 17014
969 40 6545
969 44 10718
969 87 -3847
969 124 16084
969 132 4915
969 163 7007
969 175 17079
969 204 8486
969 239 -4672
969 262 -4570
969 269 18624
969 277 -5622
969 280 16461
969 330 -13688
969 364 -5866
969 394 16253
969 422 5125
969 427 14802
969 433 16113
969 443 8756
969 449 -3185
969 475 -8245
969 481 -9435
969 494 -5670
969 496 2766
969 564 16753
969 569 -5396
969 589 14202
969 603 -10350
969 656 13900
969 658 8258
969 672 -17250
969 693 15183
969 704 -15836
969 718 15063
969 726 -15182
969 735 18667
969 737 -3882
969 738 -2544
969 745 15110
969 786 -18755
969 788 -897
969 789 -16394
969 805 11252
969 815 10022
969 846 -2280
969 867 -11704
969 894 -1129
969 924 3775
969 973 -8847
969 975 -10216
969 1011 8433
969 1020 18030
970 5 9201
970 15 12850
970 27 -3689
970 37 -663
970 38 12656
970 60 17313
970 104 6864
970 113 9
970 120 6562
970 144 1222
970 181 -8864
970 227 4452
970 252 -18559
970 286 -15153
970 304 6643
970 305 -8704
970 335 -3916
970 352 -7683
970 367 -10777
970 372 2605
970 424 8051
970 429 3214
970 440 -9187
970 449 10009
970 453 6522
970 469 752
970 477 7646
970 484 9886
970 490 2141
970 517 -10327
970 524 4796
970 533 9491
970 546 8778
970 599 18142
970 604 18174
970 618 12465
970 626 8392
970 628 10968
970 635 -4191
970 646 -1468
970 651 864
970 660 8504
970 672 4782
970 709 -13546
970 716 -12227
970 738 -117
970 764 2161
970 769 18048
970 770 -17521
970 773 11930
970 774 -10704
970 784 -814
970 804 -11877
970 805 -2371
970 862 -10984
970 880 15523
970 893 10982
970 928 -7808
970 931 -15827
970 998 17624
970 1004 9429
970 1012 6998
971 0 4762
971 3 10092
971 22 -6552
971 30 -14084
971 66 -12168
971 128 -14544
971 150 16277
971 159 9368
971 162 -16909
971 167 14867
971 196 -150
971 224 -515
971 234 -17443
971 240 7707
971 279 11461
971 298 -10392
971 306 -10171
971 338 7469
971 345 -4421
971 365 -7205
971 382 -16573
971 407 6478
971 427 7986
971 446 -13888
971 463 12063
971 467 -2865
971 492 -12694
971 499 -8829
971 505 3975
971 532 9601
971 552 17621
971 593 12555
971 599 5826
971 611 16698
971 672 18036
971 675 -7812
971 677 17090
971 679 7681
971 717 -11010
971 722 5396
971 772 -1838
971 776 -5845
971 778 -1331
971 832 10223
971 841 4581
971 872 1958
971 878 -5936
971 886 -7242
971 890 11636
971 916 15732
971 968 -9566
971 977 9529
971 996 -5085
971 1001 15026
971 1015 7926
972 2 18353
972 31 11961
972 44 14705
972 74 14038
972 88 -3370
972 98 -10101
972 108 -4522
972 121 -3527
972 201 -9690
972 213 3322
972 259 16621
972 270 6131
972 272 5577
972 336 -11111
972 358 -11048
972 365 3285
972 367 -2111
972 377 -15052
972 384 -13249
972 385 -4323
972 388 -12074
972 398 2445
972 404 -11956
972 414 -15705
972 426 -2121
972 448 5651
972 480 -1833
972 487 -13863
972 493 -3856
972 496 13789
972 530 9241
972 535 2080
972 566 14083
972 567 -15192
972 572 13817
972 603 7252
972 618 2537
972 624 10889
972 626 -17949
972 643 6086
972 667 17895
972 675 14435
972 678 -16363
972 702 18307
972 708 -15176
972 712 3740
972 744 15581
972 800 -1339
972 810 -6082
972 818 14841
972 836 3903
972 839 15752
972 847 -7459
972 883 -16557
972 913 -6856
972 944 395
972 1018 8812
972 1019 12830
973 12 -13355
973 24 6789
973 55 3183
973 58 4158
973 71 -7217
973 84 11715
973 94 1120
973 102 1694
973 103 1975
973 132 -17602
973 134 -2411
973 136 -13032
973 149 -14127
973 168 1467
973 194 -1293
973 211 749
973 221 -17319
973 222 -3883
973 223 -5340
973 244 12193
973 252 -13839
973 281 -4931
973 322 -8994
973 326 -15257
973 344 7185
973 353 -16454
973 356 8540
973 366 6549
973 383 -15076
973 387 15855
973 419 5364
973 429 7945
973 446 2229
973 473 13984
973 477 12881
973 478 -8330
973 500 -4100
973 509 -14582
973 512 8714
973 517 17496
973 525 -17600
973 533 18573
973 552 -6966
973 562 -17971
973 600 -3902
973 619 -16688
973 637 -4612
973 673 6781
973 730 12081
973 738 15617
973 750 -2145
973 751 -16057
973 770 9783
973 793 13528
973 837 10804
973 844 -2502
973 865 2913
973 912 11259
973 928 -7673
973 929 15666
973 978 -12748
973 1006 -4401
973 1007 16656
973 1010 5417
973 1021 6238
974 13 -14860
974 21 16749
974 32 -7209
974 41 1773
974 61 -14485
974 64 -16309
974 81 5427
974 98 3615
974 115 11644
974 116 -1668
974 131 -13689
974 168 4834
974 177 9593
974 214 10318
974 244 15609
974 250 -5704
974 255 -5669
974 264 15410
974 269 6049
974 357 -11934
974 423 3351
974 434 592
974 436 -15601
974 487 16117
974 525 -15089
974 594 -4078
974 596 16955
974 615 -13098
974 651 -6811
974 693 -6751
974 733 -9305
974 736 -5554
974 792 -712
974 794 -3833
974 803 5641
974 810 -868
974 833 13000
974 881 12214
974 915 -1750
974 918 -8538
974 925 -4009
974 937 -18653
974 943 6723
974 956 7881
974 968 -8908
974 986 -15900
974 1021 -4174
975 29 6842
975 39 13814
975 53 -17455
975 58 -18248
975 71 -14171
975 74 -5314
975 102 -161
975 118 -7751
975 141 8635
975 166 -16653
975 172 -7811
975 194 -15868
975 204 -12704
975 228 -17612
975 243 1598
975 248 13844
975 301 6125
975 326 2728
975 328 -13832
975 351 -11751
975 360 -9629
975 412 -6234
975 417 18284
975 427 17952
975 432 -14111
975 446 15619
975 452 16437
975 510 2833
975 542 -7819
975 547 -18627
975 554 4556
975 566 15250
975 577 -15370
975 587 5989
975 674 12493
975 682 -16606
975 704 7665
975 730 -18359
975 756 -1414
975 767 -14619
975 774 16483
975 829 -12769
975 855 6001
975 858 -5660
975 913 -5739
975 950 -17181
975 975 -12056
975 979 -9040
975 990 -10705
975 1001 12398
975 1016 16075
976 4 6440
976 5 5769
976 9 -7783
976 14 -6079
976 34 1434
976 41 -6643
976 51 -11946
976 141 6273
976 167 -13859
976 206 -4126
976 232 -803
976 235 -11938
976 253 13819
976 254 -11924
976 269 -14780
976 288 10756
976 290 -5170
976 298 619
976 305 -1642
976 306 1555
976 328 -12930
976 329 2051
976 333 9188
976 337 4689
976 341 -16727
976 364 -6140
976 442 -14359
976 446 7165
976 448 1984
976 470 -9932
976 491 5439
976 499 618
976 508 -16687
976 527 -2361
976 544 14959
976 562 2033
976 570 -15949
976 573 9921
976 577 15209
976 677 116
976 681 1099
976 684 -3937
976 690 12435
976 695 -5517
976 705 -13617
976 707 -7216
976 716 -7215
976 727 -3042
976 747 -11644
976 763 -10680
976 787 -11450
976 788 -11109
976 820 12610
976 824 14808
976 826 -4626
976 840 -3281
976 868 -1965
976 876 4129
976 901 -15668
976 925 -1637
976 944 8952
976 989 6979
976 1017 -14406
977 5 4481
977 15 -16107
977 50 -6352
977 100 9799
977 129 11525
977 156 -16482
977 174 -15571
977 207 -6253
977 236 -16262
977 278 -13701
977 280 12783
977 292 -12466
977 293 -6319
977 305 14573
977 327 -17647
977 355 -551
977 381 -16289
977 416 -10978
977 448 -9712
977 450 -2178
977 550 -7265
977 560 -12559
977 561 10397
977 585 -12898
977 593 -799
977 601 5374
977 652 16527
977 712 -16689
977 730 -7600
977 769 10396
977 785 -7565
977 829 14228
977 836 15166
977 863 -8207
977 875 -11303
977 937 -3350
977 952 14534
977 980 -17939
977 984 5149
977 1020 10217
978 17 16477
978 23 -12870
978 32 -8471
978 42 9316
978 65 -1144
978 88 -2548
978 93 -15845
978 127 3822
978 136 6997
978 148 -12210
978 211 11261
978 235 -13184
978 239 -3176
978 259 -2359
978 273 -14494
978 297 1357
978 333 13301
978 343 1833
978 361 5580
978 372 -1277
978 391 -9502
978 446 -3957
978 530 -9921
978 559 16220
978 571 -12188
978 589 -12438
978 593 -6750
978 601 -3011
978 603 13322
978 613 -14200
978 614 13435
978 626 11028
978 635 4333
978 662 -1391
978 674 -14963
978 725 3244
978 738 -6464
978 776 17071
978 785 7324
978 807 967
978 837 -8265
978 879 10276
978 913 17182
978 925 -13567
978 964 -6427
979 43 7619
979 107 -4314
979 114 12155
979 127 16396
979 159 5913
979 161 -247
979 181 -6296
979 207 9156
979 221 13487
979 225 -6988
979 227 14284
979 248 -13070
979 275 -9665
979 295 -15980
979 296 -15905
979 298 -12527
979 322 -1353
979 363 17310
979 367 18282
979 382 1863
979 390 -16952
979 434 1679
979 462 -4466
979 463 -9389
979 470 216
979 492 997
979 507 -11004
979 531 -6907
979 540 -998
979 546 -14570
979 580 -11679
979 600 -1314
979 618 8597
979 625 -11313
979 642 7856
979 647 -16416
979 685 4366
979 720 -4185
979 745 12529
979 746 14732
979 754 16795
979 760 6921
979 762 5175
979 767 17905
979 789 7234
979 846 -7275
979 857 16618
979 868 13457
979 880 7643
979 884 -4252
979 897 -11049
979 915 1544
979 922 15230
979 943 -16598
979 963 15359
979 968 -5918
979 979 -1510
979 997 3610
979 1005 14439
980 3 -16962
980 54 17678
980 55 17466
980 64 -9692
980 73 5394
980 78 7190
980 100 6620
980 111 7731
980 145 14822
980 149 16745
980 165 -16136
980 171 -7230
980 190 3664
980 237 -4904
980 250 -13385
980 270 -7655
980 294 13793
980 297 -13917
980 306 -18365
980 345 -18786
980 382 -9897
980 406 -13550
980 412 -7597
980 413 -10089
980 414 7699
980 416 323
980 423 8667
980 509 16660
980 532 10666
980 547 -4157
980 550 3568
980 556 -68
980 583 -8633
980 588 7457
980 610 -18201
980 616 -15115
980 644 -2269
980 663 -3228
980 664 6267
980 675 -18441
980 678 -4114
980 704 -17124
980 705 6930
980 721 5487
980 726 -17669
980 732 -3332
980 753 9128
980 761 4177
980 763 -152
980 765 -12286
980 773 15200
980 790 -4568
980 825 1951
980 836 3610
980 865 -10867
980 879 -5182
980 931 8264
980 957 -6255
980 997 -12477
981 7 3047
981 11 -11461
981 16 15881
981 33 7347
981 63 -13045
981 92 14533
981 94 12456
981 107 13021
981 115 5951
981 116 4069
981 134 7332
981 137 8793
981 149 17999
981 176 -8083
981 196 -9566
981 220 3613
981 251 -5601
981 253 -14869
981 264 -13926
981 274 -16387
981 295 -2729
981 305 3703
981 307 -13557
981 334 -6218
981 371 -1466
981 393 14397
981 437 13542
981 460 15547
981 467 -11906
981 546 3369
981 548 -4817
981 552 -18709
981 635 -16580
981 638 8482
981 669 1899
981 696 13174
981 789 -14168
981 795 -9179
981 807 -12102
981 821 13195
981 843 17378
981 853 -12389
981 883 -17355
981 920 17912
981 925 9832
981 932 5213
981 939 9600
981 955 7228
981 957 8297
981 976 -4565
981 977 11286
981 1014 18163
982 4 11343
982 20 3880
982 27 -4571
982 40 8583
982 88 -17310
982 95 18550
982 170 -9679
982 186 -2082
982 235 17054
982 256 -5829
982 299 7109
982 302 11374
982 309 1862
982 325 -10759
982 346 16366
982 351 -3191
982 353 -5658
982 364 -18291
982 416 12609
982 418 16005
982 419 3126
982 466 16472
982 494 -8159
982 518 -1594
982 526 14015
982 563 -643
982 625 -16676
982 628 -12345
982 629 14543
982 670 -13659
982 680 -5890
982 737 -16690
982 740 -7067
982 743 5007
982 759 -12714
982 775 17781
982 799 -14444
982 805 -1380
982 808 -372
982 832 16124
982 834 2684
982 837 -6244
982 845 873
982 857 11013
982 866 -4224
982 888 15802
982 891 -8774
982 924 -14451
982 939 -17781
982 951 9280
982 965 7432
982 1020 1532
983 21 14954
983 25 -10994
983 33 4003
983 45 -17224
983 58 -14134
983 63 -5272
983 74 -6184
983 79 -8147
983 88 -6061
983 102 -7880
983 117 -6050
983 139 13441
983 201 7613
983 208 -10168
983 216 -2810
983 221 -11023
983 245 -5615
983 248 -11273
983 255 2772
983 264 -8562
983 334 18630
983 354 -7433
983 364 10090
983 366 -248
983 395 5858
983 401 1580
983 440 -4304
983 488 -10139
983 491 -2837
983 495 11723
983 496 17145
983 500 8109
983 530 -9027
983 545 -9119
983 548 -12051
983 576 -13018
983 579 6171
983 585 -2515
983 601 -10407
983 611 11371
983 612 -14453
983 624 9092
983 626 -8062
983 632 14614
983 661 14538
983 668 -7587
983 678 -1734
983 694 -4202
983 754 7047
983 759 4606
983 794 4994
983 816 8374
983 821 -3739
983 823 14313
983 833 145
983 908 -2486
983 973 -2586
984 22 -9617
984 25 -18570
984 57 -17438
984 63 -13323
984 74 5921
984 85 -640
984 93 13817
984 99 -15058
984 115 11671
984 122 -9147
984 123 1673
984 134 8699
984 139 -1719
984 146 -4330
984 165 18619
984 171 17051
984 207 -184
984 211 -6027
984 219 -1474
984 234 12289
984 282 13451
984 293 -16829
984 298 18560
984 336 -17587
984 337 5024
984 345 7261
984 364 -13537
984 369 -11725
984 377 3984
984 386 -9101
984 405 -2882
984 437 5421
984 451 12121
984 517 -4195
984 579 -16318
984 591 10379
984 602 -4382
984 637 -5823
984 640 -18374
984 643 13134
984 657 4883
984 659 -2472
984 668 -14060
984 675 14810
984 691 -13733
984 715 18404
984 740 -7984
984 741 2866
984 751 1976
984 778 14292
984 781 -684
984 802 4950
984 877 -2630
984 912 -14657
984 940 -5525
984 956 9417
984 992 -14674
984 1000 14934
984 1018 -12775
985 26 -11329
985 40 8018
985 74 2486
985 80 13772
985 103 4360
985 133 15510
985 145 -4043
985 180 15185
985 313 -6219
985 341 923
985 343 6259
985 360 3011
985 365 -7772
985 402 15212
985 414 -8429
985 422 -148
985 431 -17937
985 435 -3909
985 441 12274
985 471 13783
985 530 -15043
985 581 6995
985 590 17022
985 606 16826
985 621 17381
985 630 9011
985 637 -617
985 694 4950
985 709 10576
985 719 1729
985 721 12584
985 797 -9810
985 798 9930
985 809 7812
985 875 12573
985 889 6119
985 899 -13809
985 930 7579
985 943 -18011
985 985 -4294
985 989 -14887
985 994 -4778
985 1021 1188
986 5 -10625
986 15 -302
986 29 15085
986 65 -5847
986 93 12180
986 124 1857
986 139 -14961
986 159 8905
986 168 160
986 173 -8223
986 193 12925
986 194 -13371
986 223 11838
986 232 10721
986 276 17359
986 288 11413
986 295 -10857
986 300 -14829
986 338 -4385
986 360 16891
986 401 -6154
986 404 -3903
986 407 17114
986 413 -9717
986 435 -6774
986 453 -3685
986 485 5953
986 523 -1326
986 542 13096
986 546 -6240
986 555 8846
986 586 14775
986 592 2910
986 612 -12070
986 652 8374
986 685 -11533
986 694 17527
986 700 -12719
986 729 12904
986 740 -12753
986 762 -1891
986 797 10414
986 829 -16240
986 830 -1017
986 848 -18776
986 865 15998
986 866 -14879
986 875 -15740
986 936 -4535
986 958 12325
986 969 11708
986 972 9827
986 979 -14594
986 1013 10154
986 1016 14065
986 1018 -2651
987 10 10214
987 45 18219
987 70 -7753
987 81 -14641
987 104 17111
987 106 2635
987 109 621
987 145 16765
987 146 -6738
987 165 2946
987 173 -6309
987 183 8024
987 185 13486
987 213 -18409
987 215 10260
987 232 14308
987 280 7116
987 284 -2789
987 293 4848
987 313 9266
987 314 -17063
987 317 3782
987 322 -17559
987 375 12712
987 382 9451
987 408 -17903
987 413 1523
987 441 14969
987 448 -5514
987 453 17504
987 458 -847
987 462 -4204
987 465 13625
987 466 -11873
987 525 15676
987 531 -15053
987 551 5400
987 598 -4092
987 599 -9137
987 628 17332
987 636 15326
987 654 9706
987 655 15523
987 669 -5328
987 688 -18752
987 703 -18578
987 716 16509
987 749 4111
987 764 -1366
987 773 -12594
987 775 4627
987 787 -3779
987 790 14702
987 811 17932
987 813 6519
987 843 2269
987 864 8689
987 869 14137
987 882 -9725
987 914 14153
987 915 -18484
987 918 -4997
987 933 -6144
987 934 15619
987 938 -10310
987 960 5968
987 971 14660
987 984 5881
988 14 -833
988 23 16515
988 34 -447
988 65 13696
988 88 -7668
988 106 -16361
988 109 -936
988 115 13883
988 123 16220
988 128 -14640
988 162 1143
988 169 14120
988 230 14392
988 254 17570
988 266 -3667
988 287 -10154
988 343 1305
988 351 3230
988 372 -680
988 388 -17285
988 404 -14967
988 420 -1807
988 465 6533
988 503 -15713
988 515 -2733
988 522 3999
988 538 -4223
988 551 7864
988 600 14466
988 618 -8601
988 625 14547
988 642 -16411
988 643 -9660
988 684 -15396
988 687 -14667
988 697 -3670
988 705 14353
988 725 -4397
988 745 14941
988 746 -9011
988 748 17016
988 753 -3421
988 760 15558
988 824 -3348
988 871 2541
988 876 -13465
988 985 5358
988 1012 15238
989 19 7900
989 23 -1267
989 80 -16874
989 98 -18048
989 102 -10301
989 106 4923
989 108 -11194
989 118 4823
989 178 -5878
989 179 -14106
989 204 5830
989 205 -18175
989 225 4153
989 229 -10493
989 231 5278
989 244 17682
989 254 132
989 259 13111
989 292 17658
989 300 -8095
989 313 6259
989 338 701
989 351 7897
989 357 289
989 369 12193
989 375 -12264
989 404 -12632
989 441 11639
989 467 5690
989 473 7881
989 522 -8621
989 531 -17998
989 542 9790
989 549 -11442
989 586 14669
989 611 -9201
989 658 -16269
989 665 -12355
989 703 -3479
989 718 -1582
989 735 -9909
989 821 16667
989 865 3987
989 872 8229
989 893 3657
989 910 -12307
989 913 -13909
989 916 12333
989 922 -12930
989 981 4300
989 996 17809
990 4 18720
990 30 13189
990 36 14955
990 73 -9788
990 74 17849
990 79 -8815
990 102 434
990 112 4409
990 114 7095
990 115 17236
990 177 -6554
990 187 14819
990 220 -15064
990 247 -15428
990 274 -7024
990 275 4137
990 282 14172
990 291 -9726
990 314 -417
990 355 4043
990 364 -16631
990 369 15234
990 478 -17002
990 499 -18748
990 518 9664
990 521 -8437
990 533 -3025
990 573 372
990 623 6873
990 655 3980
990 663 -6816
990 698 10882
990 710 5741
990 713 -5964
990 715 -15146
990 754 -12180
990 779 -16891
990 816 -14478
990 874 17774
990 901 -6953
990 936 -16325
990 980 -7779
990 982 -13249
990 995 -11356
990 1022 -1675
991 0 1025
991 3 513
991 14 -13132
991 15 -8312
991 58 14961
991 62 -9124
991 81 4700
991 90 14897
991 112 12545
991 133 2351
991 147 15334
991 158 503
991 167 -12340
991 200 5896
991 202 -17966
991 248 6049
991 252 17164
991 266 17840
991 295 8972
991 303 894
991 313 472
991 369 6095
991 373 -3966
991 381 -9698
991 394 5582
991 427 -4882
991 434 6641
991 465 -8748
991 485 -326
991 491 -1197
991 526 1402
991 527 -6364
991 532 10969
991 533 9154
991 559 11747
991 566 -11575
991 569 9981
991 572 7839
991 608 3547
991 609 -5876
991 622 18707
991 684 13107
991 717 -46
991 746 8153
991 780 373
991 785 -17051
991 809 11311
991 822 -11822
991 868 10901
991 876 -16279
991 919 -1717
991 935 -7921
991 936 12907
991 975 -18352
991 980 873
991 1016 -5518
992 38 4391
992 69 -14447
992 99 14148
992 117 -1273
992 119 -10800
992 160 -2810
992 162 -7177
992 200 6096
992 209 -14125
992 250 -1047
992 252 16903
992 259 11016
992 261 13939
992 294 -12840
992 302 -14721
992 324 -13246
992 352 -17151
992 354 5449
992 359 15253
992 394 13954
992 419 12161
992 442 -17124
992 482 8492
992 483 1518
992 499 15064
992 538 11490
992 579 -1349
992 595 5437
992 610 -2959
992 642 -18639
992 647 -13963
992 683 13587
992 729 -2907
992 734 -4219
992 743 4673
992 760 9335
992 905 8270
992 949 -3028
992 1001 -3557
992 1011 15522
992 1012 17777
993 5 -13251
993 10 14435
993 82 -12063
993 144 9617
993 149 8087
993 152 17318
993 167 -2048
993 189 -2306
993 201 16107
993 202 -8131
993 228 -5006
993 284 1346
993 291 -13663
993 307 -18710
993 313 -523
993 328 -7890
993 331 -13229
993 399 -13095
993 401 -13451
993 416 13496
993 429 10551
993 432 -14556
993 449 -8488
993 480 10610
993 540 4317
993 542 -6620
993 543 -4898
993 566 5145
993 585 -7902
993 590 15837
993 599 13722
993 618 -8206
993 648 5351
993 668 -11387
993 687 -16265
993 693 1153
993 720 3315
993 779 -9300
993 806 14860
993 855 9319
993 870 -14629
993 878 14402
993 886 -10318
993 929 10229
993 948 -18721
993 954 -15562
993 973 -11483
993 997 -16076
993 1004 -3752
993 1008 17070
993 1023 -15552
994 5 -6729
994 14 -6318
994 19 -18343
994 20 2197
994 98 -17917
994 128 7713
994 152 4710
994 173 -2000
994 211 4264
994 233 17765
994 235 18755
994 240 -12627
994 314 3666
994 324 -13998
994 339 18425
994 360 1926
994 373 9010
994 426 -2846
994 453 12685
994 460 1146
994 482 8711
994 490 -17291
994 500 -10425
994 504 -9178
994 508 12654
994 528 15034
994 550 -4575
994 563 16098
994 582 17760
994 585 -10060
994 592 -15988
994 640 -2750
994 652 11183
994 705 -7792
994 708 -6787
994 729 5990
994 733 -5177
994 748 -14177
994 760 -13139
994 768 -4553
994 772 -6904
994 783 -5092
994 788 9057
994 807 -2453
994 811 737
994 824 -5340
994 850 -14442
994 870 -2084
994 871 6621
994 962 -2630
994 975 11211
994 981 3294
994 1006 -17298
995 26 -13489
995 32 2810
995 36 -71
995 77 -5303
995 127 14878
995 152 -4720
995 158 -11366
995 165 -9592
995 207 -12322
995 208 7763
995 230 11545
995 273 7573
995 319 -2499
995 329 17372
995 350 11825
995 362 -15785
995 389 -7111
995 406 -14884
995 415 -13077
995 468 4910
995 542 4572
995 545 5046
995 555 3133
995 561 -10885
995 606 -5650
995 611 13267
995 617 -14942
995 632 -17523
995 636 2075
995 644 -15941
995 685 4195
995 701 8166
995 720 5584
995 746 -10003
995 817 12168
995 826 -1568
995 833 12722
995 861 5475
995 892 -14969
995 895 6826
995 916 15051
995 924 5535
995 961 1557
995 967 16967
995 975 2961
995 982 4480
995 990 8701
995 999 -365
995 1000 -6407
995 1011 188
995 1015 -4287
996 9 -2940
996 23 -17888
996 38 1196
996 62 4874
996 63 7783
996 68 -15049
996 71 -5681
996 89 3253
996 120 11152
996 122 -5102
996 151 11896
996 152 13131
996 191 3213
996 248 -10780
996 310 5600
996 320 -5730
996 353 -18373
996 356 15971
996 372 -7636
996 378 -3179
996 394 7013
996 405 2554
996 422 18506
996 522 -14451
996 533 -4611
996 542 17686
996 558 -12415
996 569 -18682
996 580 6992
996 608 6694
996 647 -3142
996 697 -16229
996 700 -4483
996 708 2103
996 709 -18593
996 710 -13466
996 725 17378
996 765 -11982
996 769 14943
996 792 6305
996 796 -14008
996 801 4266
996 832 -1833
996 865 17510
996 982 10575
996 991 -7783
996 1002 -10090
997 3 7432
997 7 -9218
997 17 -4708
997 28 -5981
997 43 2788
997 50 2705
997 68 12086
997 106 11477
997 128 8509
997 157 5295
997 159 9002
997 175 -16910
997 177 -12699
997 193 -12191
997 306 11818
997 322 -1172
997 332 2995
997 354 -4973
997 414 14220
997 450 -11549
997 535 -17562
997 557 5302
997 612 5846
997 622 11762
997 702 7012
997 723 17135
997 736 4955
997 739 -7330
997 744 14837
997 779 4665
997 796 -634
997 807 9806
997 845 -17657
997 907 -7722
997 943 12694
997 960 9967
997 972 -9321
997 1000 -119
998 1 -3098
998 5 420
998 8 -16697
998 31 7904
998 45 13265
998 52 11120
998 63 -1202
998 65 -11421
998 83 14577
998 117 12407
998 151 3624
998 152 17626
998 156 13289
998 188 8485
998 194 6140
998 238 9011
998 247 -8170
998 295 -13070
998 303 2078
998 313 17207
998 331 15762
998 334 4868
998 345 17892
998 350 10560
998 359 17756
998 373 8990
998 374 2737
998 376 2411
998 390 11337
998 392 -6574
998 409 11426
998 443 -7158
998 450 6011
998 482 13304
998 502 -6634
998 513 954
998 515 -15405
998 541 16605
998 545 15209
998 558 218
998 561 -11982
998 650 685
998 681 -5403
998 702 -7033
998 714 4328
998 730 6130
998 735 12592
998 815 9251
998 853 2549
998 884 8963
998 888 -15380
998 890 9951
998 908 7584
998 925 -1215
998 943 17827
998 966 16113
999 22 14844
999 47 -17008
999 59 -2701
999 114 2936
999 120 -4223
999 145 -2808
999 229 8207
999 251 12502
999 262 -2332
999 280 4295
999 300 10047
999 305 4424
999 350 -13502
999 419 5206
999 441 1877
999 458 -3121
999 511 -11436
999 524 15261
999 571 -17178
999 593 11522
999 627 -10924
999 666 -3431
999 676 9506
999 737 1145
999 753 -4202
999 757 7079
999 765 1904
999 797 -155
999 799 12380
999 803 -1948
999 821 709
999 855 -2883
999 887 -1796
999 934 -11861
999 939 7288
999 971 14032
999 983 1054
999 1003 -2660
999 1008 -17120
1000 2 -6813
1000 46 15758
1000 75 6412
1000 90 -8593
1000 92 14109
1000 97 -7308
1000 142 -15948
1000 161 888
1000 173 12866
1000 175 8024
1000 181 -1982
1000 201 -5253
1000 226 -9256
1000 232 11242
1000 233 -6919
1000 236 -12170
1000 253 16888
1000 275 2267
1000 290 -11769
1000 293 10434
1000 302 -1440
1000 307 -11144
1000 308 -105
1000 350 -2275
1000 402 -5449
1000 409 -7718
1000 416 2096
1000 421 904
1000 432 3453
1000 441 -2618
1000 473 18397
1000 483 12993
1000 516 14388
1000 527 -6506
1000 528 -14783
1000 551 -16437
1000 561 4956
1000 591 -14833
1000 597 -2199
1000 616 2846
1000 717 -11904
1000 719 -6817
1000 739 -4585
1000 751 18449
1000 770 -9338
1000 772 10705
1000 781 -13202
1000 808 -17997
1000 825 9805
1000 887 11573
1000 894 3651
1000 918 13712
1000 966 1852
1000 973 9710
1001 16 -4008
1001 29 4286
1001 103 -11256
1001 111 17215
1001 113 18157
1001 136 -9074
1001 175 15380
1001 180 1618
1001 206 -14352
1001 219 5188
1001 251 -17699
1001 273 40
1001 313 14543
1001 317 4767
1001 329 144
1001 338 -11012
1001 362 -10450
1001 371 -10331
1001 384 15581
1001 388 8614
1001 424 16774
1001 468 -17026
1001 501 -6493
1001 514 -6205
1001 529 -17308
1001 538 -7789
1001 557 767
1001 565 -8440
1001 587 6848
1001 603 -16901
1001 609 9492
1001 625 -7943
1001 632 -2130
1001 648 13732
1001 672 5172
1001 740 -17708
1001 752 14413
1001 753 -6690
1001 786 2367
1001 788 -6081
1001 857 -17162
1001 887 4260
1001 892 -7920
1001 919 -431
1001 922 -9972
1001 932 -1698
1001 966 8466
1002 13 -983
1002 21 -7513
1002 74 1111
1002 94 -8927
1002 118 -9886
1002 123 -10502
1002 170 -9226
1002 189 7565
1002 194 4221
1002 199 12494
1002 208 -380
1002 243 -12267
1002 257 -5165
1002 266 872
1002 302 11205
1002 316 -10070
1002 317 -2835
1002 340 1395
1002 348 -18388
1002 379 10584
1002 392 17096
1002 410 -11362
1002 416 1435
1002 457 -4440
1002 501 17434
1002 511 -9294
1002 527 18181
1002 669 -10550
1002 672 923
1002 708 -6339
1002 710 -14761
1002 723 -14379
1002 728 -3339
1002 741 -6618
1002 749 -4849
1002 770 -2951
1002 781 16892
1002 796 3640
1002 804 17628
1002 805 -17324
1002 812 -1375
1002 824 16446
1002 870 -4584
1002 871 213
1002 905 11562
1002 907 -11720
1002 921 6614
1002 969 13239
1002 970 17270
1002 979 -16302
1002 987 6514
1002 1000 -4033
1002 1010 17847
1003 31 -404
1003 40 16031
1003 41 7583
1003 44 14867
1003 64 -9559
1003 68 -3845
1003 74 -11843
1003 82 -5785
1003 88 -17947
1003 100 11072
1003 106 758
1003 145 -13069
1003 154 10327
1003 162 9874
1003 167 -461
1003 181 17970
1003 216 3589
1003 303 8144
1003 304 36
1003 306 -14442
1003 399 16525
1003 445 -15757
1003 447 -16844
1003 454 1041
1003 482 7816
1003 494 -6569
1003 564 -7420
1003 575 4754
1003 579 -1687
1003 585 -7166
1003 605 7903
1003 656 -15334
1003 665 7987
1003 687 -5593
1003 692 -4511
1003 698 -12674
1003 699 2237
1003 751 9703
1003 765 -15711
1003 766 -7716
1003 787 -2566
1003 795 14917
1003 796 -16316
1003 809 -192
1003 811 12924
1003 828 -13422
1003 854 -4888
1003 907 15000
1003 909 -16803
1003 910 16226
1003 920 8727
1003 951 -8253
1003 989 4426
1003 992 -7101
1003 998 -8638
1003 1019 15526
1004 18 -6913
1004 30 -11152
1004 41 -10734
1004 67 13453
1004 84 -14780
1004 115 -5730
1004 154 -4100
1004 160 -18195
1004 186 -2256
1004 194 -9021
1004 199 963
1004 209 16216
1004 251 15378
1004 261 13298
1004 280 -2560
1004 286 -10576
1004 292 -17038
1004 310 -9937
1004 328 6424
1004 373 12572
1004 461 10047
1004 471 12224
1004 484 -7036
1004 497 14074
1004 537 -12346
1004 559 -17787
1004 583 7405
1004 591 17880
1004 617 16007
1004 624 14507
1004 634 18697
1004 636 16575
1004 689 -8668
1004 708 2612
1004 711 -4600
1004 714 -8616
1004 741 11544
1004 764 15235
1004 789 17792
1004 852 17642
1004 853 4238
1004 927 16621
1004 998 -1544
1004 1005 9852
1004 1022 11667
1005 11 -17276
1005 24 4700
1005 33 14317
1005 59 -5372
1005 76 12642
1005 93 -3596
1005 143 -15691
1005 174 -324
1005 182 9260
1005 184 12339
1005 185 -13923
1005 199 14129
1005 201 -14931
1005 279 8799
1005 282 5099
1005 292 -16132
1005 304 3903
1005 326 6483
1005 333 -13967
1005 348 -8971
1005 354 -4543
1005 361 -12641
1005 419 -12063
1005 433 -13148
1005 434 -8302
1005 451 10843
1005 454 4400
1005 468 -9796
1005 469 11301
1005 479 -1524
1005 483 -11835
1005 510 8473
1005 560 -13304
1005 576 -6121
1005 583 12928
1005 586 14818
1005 647 3585
1005 653 -12785
1005 665 -3997
1005 699 5281
1005 701 7642
1005 710 3153
1005 757 -4180
1005 770 10274
1005 773 -3150
1005 792 -16765
1005 820 -6592
1005 834 -4438
1005 885 5755
1005 894 -12929
1005 932 -27
1005 961 -7319
1005 968 -3887
1005 976 -4557
1005 988 1713
1005 996 -2650
1005 1004 3507
1006 0 -8977
1006 19 -9206
1006 33 -8774
1006 71 8773
1006 102 -2592
1006 116 -18646
1006 133 6026
1006 167 -2798
1006 170 4207
1006 179 794
1006 185 -8008
1006 220 17280
1006 223 4971
1006 241 -1607
1006 246 -7179
1006 252 -1838
1006 281 -7749
1006 379 5302
1006 385 3417
1006 394 13639
1006 397 -10467
1006 447 -4790
1006 463 -17292
1006 466 17411
1006 485 -15824
1006 519 -15268
1006 522 -14233
1006 534 -5498
1006 544 202
1006 584 -2384
1006 585 -17793
1006 599 -7621
1006 608 9510
1006 630 -7205
1006 636 14943
1006 655 2599
1006 668 8067
1006 703 -8697
1006 709 -8679
1006 762 15147
1006 795 3680
1006 806 -14659
1006 807 -274
1006 834 -13113
1006 838 -2179
1006 851 -9859
1006 911 -1438
1006 928 -15966
1006 940 4905
1006 951 15548
1006 980 16145
1006 1022 -446
1007 28 8781
1007 91 4290
1007 136 13331
1007 152 -14682
1007 154 -15652
1007 198 -9638
1007 202 10675
1007 231 18404
1007 232 -5870
1007 255 3688
1007 273 -13378
1007 297 -7680
1007 334 -3618
1007 341 6542
1007 353 -573
1007 368 10031
1007 377 -13169
1007 415 -8004
1007 464 988
1007 480 -18326
1007 499 10685
1007 501 -11286
1007 542 -16833
1007 579 -18294
1007 586 -6696
1007 605 -12542
1007 665 -12495
1007 677 -9818
1007 778 5404
1007 786 -15140
1007 792 -15410
1007 801 945
1007 835 11169
1007 856 -8517
1007 899 -8829
1007 913 9451
1007 915 -18076
1007 932 10550
1007 957 14197
1007 959 -14471
1007 961 -15793
1007 965 -4060
1008 21 -11589
1008 76 -10240
1008 197 -7879
1008 200 10532
1008 202 -1440
1008 214 7270
1008 239 8779
1008 262 10864
1008 315 -11905
1008 332 9515
1008 343 4182
1008 365 13848
1008 380 -15427
1008 388 -8973
1008 393 -4682
1008 400 -2504
1008 436 5114
1008 461 -4327
1008 478 -7789
1008 518 17231
1008 526 14775
1008 534 12534
1008 541 810
1008 579 14
1008 609 3170
1008 627 16812
1008 631 -6006
1008 643 -2415
1008 691 -18683
1008 743 12557
1008 759 -2824
1008 783 -12809
1008 800 3931
1008 805 -9252
1008 811 9361
1008 824 -17535
1008 833 -12980
1008 845 -1710
1008 870 -15840
1008 888 12916
1008 891 -13531
1008 912 18144
1008 917 -11129
1008 939 -18137
1008 961 -18359
1008 965 -11831
1008 994 5323
1008 995 -14388
1009 12 15254
1009 21 -18499
1009 29 11153
1009 66 -16986
1009 109 -9707
1009 122 -17944
1009 138 9190
1009 169 -17763
1009 179 6992
1009 214 9474
1009 238 2103
1009 261 -6023
1009 272 -6117
1009 281 -7287
1009 310 4396
1009 318 5567
1009 323 -6823
1009 382 5438
1009 390 1376
1009 448 3250
1009 454 -9546
1009 470 -14538
1009 491 1110
1009 585 8120
1009 594 -5333
1009 616 -4741
1009 631 12359
1009 683 579
1009 704 4140
1009 706 -14637
1009 729 4728
1009 755 6943
1009 807 -10953
1009 818 -10975
1009 830 6186
1009 841 3642
1009 885 15387
1009 911 -8079
1009 928 -13135
1009 940 -6421
1009 954 4993
1009 976 286
1009 994 -8121
1010 52 -3106
1010 116 13214
1010 146 2219
1010 213 7482
1010 228 10650
1010 263 -6018
1010 271 -6743
1010 285 4335
1010 287 -7187
1010 313 1386
1010 328 -578
1010 369 -9870
1010 376 17753
1010 413 9696
1010 416 -12163
1010 419 92
1010 433 403
1010 470 13498
1010 493 17974
1010 505 -4597
1010 552 5388
1010 553 13255
1010 556 -18614
1010 613 -2337
1010 625 -13697
1010 631 11533
1010 669 10544
1010 688 6902
1010 694 16715
1010 703 11127
1010 734 -4845
1010 792 10020
1010 815 990
1010 820 12379
1010 848 -5565
1010 866 5745
1010 870 2258
1010 877 -9640
1010 886 3729
1010 908 -14785
1010 929 10588
1010 958 -5881
1011 58 -15944
1011 82 -15542
1011 102 -12120
1011 107 -9349
1011 123 10334
1011 147 -8812
1011 156 -17884
1011 181 7086
1011 197 17100
1011 215 10300
1011 226 8111
1011 267 8876
1011 275 2304
1011 307 -15653
1011 308 -15920
1011 385 -17244
1011 388 -12269
1011 394 212
1011 476 7723
1011 492 -301
1011 493 -11929
1011 522 1014
1011 523 4685
1011 530 -1719
1011 686 204
1011 689 8039
1011 703 8965
1011 732 2823
1011 762 -18209
1011 770 18155
1011 774 -7181
1011 792 -15016
1011 801 -7801
1011 808 18649
1011 852 -5914
1011 883 3721
1011 898 17569
1011 910 14388
1011 936 5844
1011 942 -1328
1011 953 -8700
1011 956 16857
1011 967 -17389
1011 986 -12616
1011 1016 -11426
1012 2 -3499
1012 26 -12146
1012 28 -11281
1012 34 -7154
1012 119 9324
1012 148 -15526
1012 178 12651
1012 199 5925
1012 231 1214
1012 234 -17191
1012 265 18671
1012 266 15410
1012 289 8489
1012 290 -5490
1012 346 4962
1012 437 12687
1012 451 6919
1012 522 -3233
1012 542 16034
1012 563 5964
1012 574 10522
1012 581 -10075
1012 590 -2893
1012 633 -5361
1012 642 136
1012 675 -2683
1012 681 14756
1012 724 -2310
1012 748 -12681
1012 751 -17147
1012 756 -17272
1012 766 -3008
1012 784 14112
1012 792 5039
1012 824 -17602
1012 840 -11516
1012 870 -6667
1012 872 662
1012 875 7939
1012 888 -18150
1012 913 -11249
1012 940 -15821
1012 954 3541
1012 982 -1455
1012 996 3912
1012 998 9303
1013 55 3944
1013 91 13739
1013 134 -18062
1013 144 -11003
1013 147 3505
1013 149 18561
1013 226 12434
1013 235 6531
1013 241 12798
1013 266 15597
1013 274 13609
1013 280 3715
1013 282 -4866
1013 308 15414
1013 312 17683
1013 321 -11471
1013 322 14744
1013 323 -17832
1013 347 1801
1013 364 -825
1013 375 -488
1013 383 -7272
1013 387 -14866
1013 404 -18744
1013 414 -578
1013 423 -8714
1013 450 7526
1013 456 5071
1013 462 8678
1013 472 -14806
1013 489 -18567
1013 493 16513
1013 506 16381
1013 537 7980
1013 549 11706
1013 560 -11755
1013 565 7513
1013 590 2056
1013 651 15523
1013 662 -14423
1013 665 -17660
1013 704 8295
1013 736 -16198
1013 737 -10683
1013 740 11534
1013 767 15449
1013 806 2802
1013 815 18338
1013 887 7494
1013 907 -8088
1013 920 18163
1013 926 15369
1013 936 1638
1013 940 7759
1013 984 2310
1013 1006 -15724
1014 30 8393
1014 37 15323
1014 40 1702
1014 56 10712
1014 79 -3914
1014 89 -13407
1014 94 -18026
1014 147 6206
1014 155 -15604
1014 183 -18167
1014 230 16106
1014 251 12903
1014 278 -6628
1014 321 80
1014 335 -6920
1014 355 -7652
1014 377 -10752
1014 383 14119
1014 385 -13715
1014 416 -6940
1014 441 -14041
1014 471 10303
1014 477 -7239
1014 535 -11674
1014 543 -3392
1014 544 -7554
1014 556 -88
1014 558 -14427
1014 577 -687
1014 630 409
1014 634 -16753
1014 640 15246
1014 674 -4260
1014 691 175
1014 695 9490
1014 701 16872
1014 709 11724
1014 717 14046
1014 742 -2719
1014 746 -4941
1014 772 -13406
1014 787 -12650
1014 788 -16954
1014 840 -2395
1014 853 -32
1014 858 -14214
1014 880 18080
1014 889 5647
1014 893 -6780
1014 894 -17366
1014 899 -16512
1014 904 17086
1014 907 -10701
1014 917 -14921
1015 17 -2540
1015 28 12746
1015 61 16820
1015 68 6957
1015 90 -4551
1015 100 -6021
1015 101 -2495
1015 123 -13054
1015 145 7193
1015 155 -9648
1015 161 8417
1015 164 3764
1015 199 -18398
1015 214 -12984
1015 259 9770
1015 299 15473
1015 306 10374
1015 307 9237
1015 308 -6541
1015 316 7099
1015 321 5222
1015 363 -10527
1015 453 -18427
1015 461 17601
1015 495 -3113
1015 527 -18468
1015 556 16938
1015 581 -12047
1015 608 -1356
1015 609 -4279
1015 610 1805
1015 658 1566
1015 689 -12195
1015 745 -6693
1015 748 12990
1015 756 -12264
1015 760 -8019
1015 778 13015
1015 780 -801
1015 784 11074
1015 791 4684
1015 833 1456
1015 849 2591
1015 864 3039
1015 911 708
1015 922 1634
1015 949 10040
1015 956 15151
1015 974 18434
1015 977 -7394
1015 983 17104
1015 990 14338
1016 2 -8953
1016 12 6943
1016 24 -3289
1016 27 16145
1016 28 9158
1016 49 13421
1016 70 -6276
1016 91 -10729
1016 101 -4992
1016 133 -11635
1016 134 -4065
1016 155 2093
1016 160 -9790
1016 196 -11866
1016 206 597
1016 209 -1904
1016 226 -9241
1016 229 13160
1016 233 3840
1016 243 11962
1016 250 12622
1016 272 13490
1016 284 15696
1016 329 447
1016 377 -1857
1016 392 10039
1016 434 246
1016 453 13993
1016 471 -739
1016 481 13698
1016 495 -15137
1016 509 2199
1016 520 -1393
1016 523 17568
1016 566 49
1016 577 16315
1016 596 8291
1016 603 12116
1016 612 -915
1016 626 3451
1016 642 -1130
1016 662 -8689
1016 682 -14710
1016 698 18453
1016 727 4001
1016 742 -3779
1016 745 1773
1016 750 7063
1016 756 14436
1016 758 -11922
1016 783 17936
1016 819 12955
1016 834 -5767
1016 843 -1200
1016 846 9781
1016 851 8315
1016 872 -8147
1016 875 9252
1016 887 16126
1016 931 -15811
1016 1014 10644
1017 32 5715
1017 41 -9339
1017 62 5923
1017 124 -9197
1017 202 -5592
1017 221 -10273
1017 223 -3492
1017 258 2873
1017 299 -12405
1017 301 8588
1017 309 -12846
1017 312 17258
1017 331 17485
1017 340 2958
1017 374 -9381
1017 424 15653
1017 427 -7626
1017 443 -12318
1017 448 -12041
1017 450 11325
1017 463 -12945
1017 472 6323
1017 517 -4987
1017 532 -12383
1017 550 -10349
1017 610 -11537
1017 616 9000
1017 680 -7775
1017 696 -14647
1017 704 -15320
1017 757 10060
1017 814 8049
1017 817 18667
1017 818 -18444
1017 831 -13505
1017 845 14472
1017 923 5732
1017 926 -7211
1017 931 6940
1017 962 -14207
1017 963 11180
1017 977 6657
1017 979 8748
1017 980 -6339
1017 1003 13398
1018 16 -8817
1018 23 18725
1018 42 -13177
1018 67 -6172
1018 75 4768
1018 77 -6867
1018 101 6555
1018 109 10840
1018 123 -3563
1018 139 -13442
1018 142 -6253
1018 143 -11820
1018 155 -10352
1018 157 636
1018 191 16523
1018 231 2052
1018 246 16172
1018 275 6478
1018 285 -6910
1018 311 17602
1018 315 -9331
1018 351 541
1018 362 179
1018 400 -11098
1018 446 9866
1018 505 17258
1018 523 12777
1018 557 -7331
1018 561 16160
1018 602 7627
1018 605 12427
1018 620 -898
1018 623 -15517
1018 640 9798
1018 733 -13975
1018 742 -5468
1018 744 3021
1018 760 9468
1018 765 -7033
1018 768 10330
1018 869 -17433
1018 919 -7125
1018 930 -13621
1018 949 8047
1018 964 -14244
1018 1003 11811
1019 14 7944
1019 33 -8247
1019 117 -13737
1019 148 1649
1019 172 -6934
1019 175 -10866
1019 188 5514
1019 278 12552
1019 297 9139
1019 318 -7139
1019 325 2592
1019 334 10898
1019 338 13138
1019 386 -3258
1019 395 9490
1019 397 2459
1019 462 -1325
1019 463 -8022
1019 475 8565
1019 489 6236
1019 526 12783
1019 572 11376
1019 581 -2322
1019 595 -40
1019 643 15332
1019 646 -285
1019 672 1994
1019 697 3095
1019 706 9398
1019 757 -5638
1019 773 -16604
1019 778 3310
1019 793 9326
1019 824 2454
1019 834 -14500
1019 859 10539
1019 877 -5602
1019 882 -17116
1019 920 -3841
1019 937 -13770
1019 959 -17995
1019 1016 -18040
1020 8 -12833
1020 12 -12254
1020 33 9575
1020 43 -5516
1020 46 4323
1020 58 8834
1020 96 18496
1020 141 -1420
1020 151 12345
1020 165 7777
1020 187 10908
1020 190 2724
1020 232 -15699
1020 240 -10001
1020 250 -18574
1020 252 8756
1020 254 8205
1020 266 18366
1020 273 9095
1020 277 12693
1020 283 -5673
1020 292 9401
1020 294 2397
1020 362 2178
1020 366 -10568
1020 462 1458
1020 478 -936
1020 498 -13139
1020 511 -18242
1020 527 1524
1020 537 6360
1020 570 1164
1020 612 -14284
1020 645 -188
1020 662 1041
1020 666 1149
1020 688 -11740
1020 700 -15363
1020 702 -12262
1020 736 -17571
1020 737 -9004
1020 756 10619
1020 776 -10570
1020 801 -18019
1020 812 15966
1020 825 -16086
1020 836 11235
1020 852 -12741
1020 859 645
1020 905 4567
1020 1011 -13287
1021 28 4857
1021 55 -7696
1021 59 6904
1021 61 17692
1021 67 -18241
1021 74 -9409
1021 83 -7557
1021 147 -14215
1021 148 4288
1021 153 -4925
1021 165 -16618
1021 194 -5759
1021 197 -6490
1021 220 10175
1021 252 -8182
1021 263 11208
1021 281 1438
1021 291 -8989
1021 332 -4341
1021 353 -18633
1021 355 9109
1021 373 5756
1021 453 -6154
1021 459 -4715
1021 497 -470
1021 504 1761
1021 525 -4865
1021 552 -3426
1021 595 -3473
1021 618 -16898
1021 671 7112
1021 683 12444
1021 714 -1156
1021 757 -8862
1021 764 -4028
1021 786 -3364
1021 803 -2466
1021 812 15781
1021 821 -9606
1021 893 8466
1021 923 17125
1021 927 -16558
1021 934 -301
1021 1002 11652
1022 4 -3392
1022 5 3346
1022 33 -13100
1022 47 4795
1022 51 -6251
1022 67 -3142
1022 85 -14775
1022 99 -17482
1022 113 16417
1022 116 12529
1022 123 12492
1022 128 1355
1022 133 -13635
1022 162 5253
1022 186 18181
1022 190 -12441
1022 197 -10921
1022 228 -16264
1022 234 -5468
1022 238 -14156
1022 241 -3677
1022 272 1560
1022 305 6276
1022 311 -13935
1022 336 -14780
1022 339 -9779
1022 340 8788
1022 342 2237
1022 348 -11324
1022 402 -4215
1022 409 -4753
1022 413 -3237
1022 420 10459
1022 426 -8540
1022 454 9913
1022 469 -9696
1022 475 -2745
1022 477 8190
1022 490 -5400
1022 491 2637
1022 501 6337
1022 502 -389
1022 503 -2989
1022 603 -15363
1022 611 3421
1022 652 57
1022 667 4131
1022 701 18224
1022 734 11768
1022 744 -17133
1022 746 17304
1022 759 -18697
1022 760 -12990
1022 769 16932
1022 815 -18234
1022 823 13568
1022 825 -11825
1022 872 -10897
1022 942 1927
1022 945 17666
1022 948 -750
1022 964 -9661
1022 971 7818
1022 987 -17543
1022 990 -2394
1022 1015 1678
1023 11 10332
1023 12 4131
1023 29 13303
1023 36 8535
1023 56 3782
1023 63 -345
1023 71 18240
1023 109 -684
1023 154 4941
1023 186 -7885
1023 199 10758
1023 218 1437
1023 258 -18604
1023 280 9601
1023 285 12317
1023 288 3333
1023 290 -15483
1023 318 18329
1023 337 -6277
1023 345 3444
1023 368 2734
1023 382 18158
1023 383 -12628
1023 386 11793
1023 421 -18471
1023 426 8566
1023 454 2713
1023 463 -14547
1023 470 12298
1023 490 17507
1023 497 14655
1023 503 1861
1023 528 -16062
1023 608 -10623
1023 615 -18788
1023 618 -18003
1023 623 -17528
1023 697 -13282
1023 699 17156
1023 702 -3100
1023 739 -4715
1023 743 -15096
1023 746 -1575
1023 788 -4504
1023 814 308
1023 838 -2064
1023 871 -17482
1023 876 16759
1023 891 62
1023 894 -12131
1023 979 9041
1023 1009 15796
